Item de configuração,Incidentes,Primeira_ocorrencia,Ultima_ocorrencia,Prioridades
IC00014,6069,2025-09-01 00:40:41,2025-12-31 22:50:24,1
IC00019,4435,2025-09-01 00:45:49,2025-12-31 22:32:34,2
IC00008,4194,2025-09-01 02:47:14,2025-12-31 23:16:45,2
IC00002,3119,2025-09-01 00:38:20,2025-12-31 23:39:36,1
IC00325,1600,2025-10-07 02:29:02,2025-12-29 22:08:20,2
IC00004,1149,2025-10-07 02:13:55,2025-12-31 23:22:03,3
IC02448,976,2025-09-01 00:37:00,2025-11-25 17:06:24,1
IC02447,974,2025-09-01 00:13:47,2025-11-25 17:13:15,1
IC02761,967,2025-09-01 00:54:49,2025-11-16 01:23:40,1
IC00367,933,2025-09-01 00:15:14,2025-12-29 12:35:05,1
IC00511,878,2025-09-02 07:55:47,2025-12-27 10:06:34,2
IC00024,860,2025-09-01 17:10:31,2025-12-31 22:15:57,1
IC00032,823,2025-09-01 02:10:07,2025-12-31 21:50:13,1
IC04860,692,2025-09-01 02:05:23,2025-10-06 20:54:21,2
IC00100,685,2025-09-01 06:52:01,2025-12-31 06:32:39,2
IC00349,661,2025-09-01 08:34:12,2025-12-29 17:06:54,3
IC00947,658,2025-09-01 00:11:28,2025-12-21 02:57:24,2
IC01964,657,2025-09-01 00:02:50,2025-12-02 22:09:10,1
IC04696,592,2025-09-01 00:22:14,2025-10-08 16:07:25,2
IC00901,570,2025-09-01 08:33:47,2025-12-21 23:13:55,1
IC03673,547,2025-09-28 19:27:38,2025-10-31 13:04:57,1
IC00007,518,2025-09-03 23:07:34,2025-12-31 23:16:47,1
IC04857,501,2025-09-01 00:42:04,2025-10-07 00:20:06,1
IC00069,399,2025-09-01 01:07:12,2025-12-31 14:08:48,1
IC00364,374,2025-09-01 01:07:09,2025-12-29 13:51:25,2
IC00048,366,2025-09-04 09:59:44,2025-12-31 18:49:32,2
IC00012,365,2025-09-01 00:20:09,2025-12-31 22:59:50,2
IC00003,349,2025-09-02 20:23:46,2025-12-31 23:23:05,1
IC00057,346,2025-09-01 04:23:36,2025-12-31 17:23:14,1
IC01984,345,2025-09-01 00:41:49,2025-12-02 14:30:56,1
IC00097,333,2025-09-01 02:28:56,2025-12-31 06:59:14,3
IC00075,312,2025-09-01 15:06:49,2025-12-31 13:06:30,3
IC00028,292,2025-10-01 11:43:24,2025-12-31 22:02:44,3
IC00266,288,2025-09-07 20:30:26,2025-12-30 09:25:36,3
IC00212,279,2025-09-02 00:20:22,2025-12-31 00:45:48,3
IC00034,278,2025-09-02 06:23:15,2025-12-31 21:25:13,3
IC00058,270,2025-09-16 14:43:36,2025-12-31 17:17:34,3
IC00604,264,2025-09-02 11:31:21,2025-12-26 18:16:27,3
IC00262,261,2025-09-01 11:48:38,2025-12-30 09:38:03,2
IC00009,255,2025-09-23 06:24:08,2025-12-31 23:14:10,2
IC00129,246,2025-09-01 06:09:25,2025-12-31 06:13:13,1
IC00025,240,2025-09-01 22:08:47,2025-12-31 22:13:36,1
IC00054,239,2025-09-01 18:09:14,2025-12-31 18:13:48,1
IC00096,234,2025-09-01 07:21:23,2025-12-31 07:01:28,1
IC00225,230,2025-09-01 15:06:47,2025-12-30 22:31:07,3
IC00134,223,2025-09-01 20:43:29,2025-12-31 06:12:45,3
IC00070,220,2025-09-08 21:44:12,2025-12-31 13:58:57,3
IC00153,217,2025-09-03 00:51:07,2025-12-31 06:11:23,3
IC00324,216,2025-09-01 12:23:32,2025-12-29 22:17:30,2
IC00184,215,2025-09-13 01:46:20,2025-12-31 03:56:31,3
IC00286,214,2025-09-12 03:06:08,2025-12-30 05:54:08,2
IC00114,212,2025-09-01 15:46:04,2025-12-31 06:14:06,3
IC00206,211,2025-09-01 01:16:33,2025-12-31 01:33:51,2
IC00725,211,2025-09-01 12:24:37,2025-12-23 20:45:01,2
IC00930,211,2025-09-01 15:09:51,2025-12-21 09:15:18,2
IC00148,208,2025-09-16 22:41:49,2025-12-31 06:11:51,3
IC00116,207,2025-09-01 19:25:38,2025-12-31 06:14:01,3
IC00080,205,2025-09-01 17:31:50,2025-12-31 12:23:45,1
IC00310,205,2025-09-02 09:56:32,2025-12-30 01:52:45,3
IC00224,200,2025-09-01 09:59:01,2025-12-30 22:43:58,1
IC00041,200,2025-09-12 02:52:23,2025-12-31 19:51:26,3
IC03014,199,2025-09-01 00:10:24,2025-11-07 00:11:38,1
IC00389,196,2025-09-02 09:47:58,2025-12-29 04:07:49,3
IC00208,190,2025-09-01 01:09:31,2025-12-31 01:26:42,1
IC00708,188,2025-09-01 16:56:55,2025-12-24 07:12:50,1
IC00210,185,2025-09-24 00:39:39,2025-12-31 00:50:35,1
IC00121,184,2025-09-08 19:36:57,2025-12-31 06:13:45,3
IC00029,184,2025-09-02 04:23:25,2025-12-31 22:01:31,3
IC00060,180,2025-09-26 13:48:27,2025-12-31 16:36:31,3
IC00086,179,2025-09-11 19:31:31,2025-12-31 11:10:38,3
IC00016,176,2025-09-15 16:46:41,2025-12-31 22:42:29,3
IC00031,175,2025-09-10 19:57:06,2025-12-31 21:50:23,3
IC00219,170,2025-09-23 11:48:56,2025-12-30 23:23:06,2
IC00138,168,2025-09-01 14:00:52,2025-12-31 06:12:31,3
IC00220,166,2025-09-07 23:12:08,2025-12-30 23:14:42,1
IC00564,163,2025-09-03 03:23:58,2025-12-27 02:07:18,1
IC00093,163,2025-09-03 15:48:19,2025-12-31 07:23:59,2
IC00046,158,2025-09-04 13:28:24,2025-12-31 19:16:43,3
IC00187,156,2025-09-13 14:07:32,2025-12-31 03:54:21,3
IC00117,156,2025-09-22 10:52:44,2025-12-31 06:13:59,3
IC00256,156,2025-09-01 01:38:03,2025-12-30 10:43:04,2
IC00323,155,2025-09-01 01:21:28,2025-12-29 22:56:29,2
IC00094,154,2025-09-06 22:52:33,2025-12-31 07:23:57,2
IC00122,153,2025-09-04 02:07:01,2025-12-31 06:13:41,3
IC02989,152,2025-09-05 06:42:31,2025-11-08 07:50:15,2
IC00047,150,2025-09-01 19:10:09,2025-12-31 19:09:41,1
IC00458,149,2025-09-06 06:04:47,2025-12-28 02:07:40,3
IC00051,149,2025-09-01 06:42:47,2025-12-31 18:31:22,1
IC00006,148,2025-09-02 08:08:27,2025-12-31 23:19:10,3
IC00174,148,2025-09-01 08:52:28,2025-12-31 04:04:08,3
IC00660,147,2025-09-03 07:12:29,2025-12-25 08:41:02,3
IC00068,144,2025-09-01 15:06:53,2025-12-31 14:21:28,2
IC00209,144,2025-09-02 00:36:30,2025-12-31 01:17:42,1
IC00191,144,2025-09-09 06:28:06,2025-12-31 03:40:56,3
IC00085,143,2025-09-03 14:48:58,2025-12-31 11:10:40,3
IC00380,143,2025-09-02 11:23:48,2025-12-29 05:48:26,2
IC00109,140,2025-09-02 10:18:09,2025-12-31 06:14:17,3
IC00996,139,2025-09-01 03:59:44,2025-12-20 11:07:06,2
IC00162,136,2025-09-02 21:11:41,2025-12-31 05:27:31,2
IC00141,136,2025-09-01 16:41:30,2025-12-31 06:12:24,3
IC00182,132,2025-09-05 18:42:34,2025-12-31 04:00:21,3
IC00171,131,2025-09-01 10:26:45,2025-12-31 04:09:01,3
IC00215,131,2025-10-15 05:39:08,2025-12-31 00:09:04,3
IC00142,131,2025-09-10 11:50:05,2025-12-31 06:12:18,3
IC00663,130,2025-09-02 14:54:02,2025-12-25 05:00:22,2
IC00284,130,2025-09-15 21:57:24,2025-12-30 06:11:46,3
IC00042,130,2025-09-01 07:46:19,2025-12-31 19:46:20,1
IC03562,130,2025-09-07 23:00:06,2025-11-04 09:56:03,2
IC00119,127,2025-11-07 12:54:33,2025-12-31 06:13:54,3
IC00992,127,2025-09-01 09:48:08,2025-12-20 11:13:50,2
IC00160,126,2025-09-09 08:22:55,2025-12-31 06:09:03,2
IC00995,124,2025-09-01 10:34:09,2025-12-20 11:07:08,2
IC00302,123,2025-09-03 10:28:34,2025-12-30 03:05:46,3
IC00033,121,2025-09-02 09:48:00,2025-12-31 21:33:19,3
IC00314,121,2025-09-03 17:56:42,2025-12-30 00:36:31,3
IC00379,121,2025-09-05 12:03:23,2025-12-29 06:06:40,3
IC00764,120,2025-09-05 20:08:02,2025-12-23 04:16:21,1
IC00685,119,2025-09-06 14:11:13,2025-12-24 11:41:29,2
IC00203,119,2025-09-05 01:35:21,2025-12-31 01:40:59,1
IC00026,117,2025-09-01 22:10:53,2025-12-31 22:11:56,2
IC00461,116,2025-09-03 06:21:22,2025-12-28 01:46:30,2
IC00178,115,2025-10-14 04:16:33,2025-12-31 04:01:38,3
IC00317,114,2025-09-01 23:43:38,2025-12-29 23:43:35,2
IC00018,113,2025-09-01 22:40:35,2025-12-31 22:41:32,2
IC00993,113,2025-09-01 07:47:43,2025-12-20 11:08:16,2
IC00165,113,2025-09-07 04:17:35,2025-12-31 04:22:03,1
IC00015,112,2025-11-01 10:37:54,2025-12-31 22:47:45,2
IC00039,110,2025-10-17 22:02:42,2025-12-31 20:07:42,3
IC00084,110,2025-09-02 12:21:23,2025-12-31 11:13:57,3
IC00052,110,2025-09-01 23:12:35,2025-12-31 18:22:37,1
IC00081,109,2025-09-19 17:03:25,2025-12-31 12:00:25,3
IC00300,107,2025-09-08 00:20:49,2025-12-30 03:32:58,3
IC00105,107,2025-09-01 04:39:21,2025-12-31 06:14:36,3
IC00108,106,2025-09-02 14:30:25,2025-12-31 06:14:20,3
IC00341,106,2025-09-02 14:04:43,2025-12-29 18:07:49,1
IC00243,106,2025-09-01 18:15:34,2025-12-30 16:46:53,1
IC00173,106,2025-09-03 09:13:02,2025-12-31 04:05:50,3
IC00082,105,2025-09-04 20:27:43,2025-12-31 11:45:27,2
IC00339,105,2025-09-02 13:31:21,2025-12-29 18:14:12,1
IC00130,105,2025-09-01 15:21:04,2025-12-31 06:12:54,3
IC00159,104,2025-09-01 09:23:54,2025-12-31 06:10:32,3
IC00340,104,2025-09-02 14:10:36,2025-12-29 18:13:28,1
IC00010,104,2025-09-05 14:59:37,2025-12-31 23:14:05,1
IC00496,103,2025-09-01 18:12:02,2025-12-27 18:14:08,1
IC00022,103,2025-09-30 16:07:38,2025-12-31 22:21:37,3
IC02991,102,2025-09-01 08:12:05,2025-11-08 07:38:00,2
IC00087,102,2025-09-01 05:55:52,2025-12-31 10:04:11,1
IC00188,101,2025-09-03 06:07:19,2025-12-31 03:53:56,3
IC00200,100,2025-10-14 02:47:43,2025-12-31 02:31:01,3
IC00350,99,2025-10-01 21:52:20,2025-12-29 16:27:57,1
IC00147,98,2025-09-09 00:22:49,2025-12-31 06:11:56,3
IC00629,98,2025-09-03 09:49:42,2025-12-26 09:56:25,3
IC00133,97,2025-09-01 10:12:08,2025-12-31 06:12:47,3
IC02990,95,2025-09-05 06:42:06,2025-11-08 07:39:07,2
IC00128,95,2025-09-01 23:32:02,2025-12-31 06:13:20,3
IC00252,95,2025-09-16 15:00:33,2025-12-30 11:53:55,3
IC00233,95,2025-09-10 04:13:52,2025-12-30 20:10:54,3
IC00710,94,2025-09-04 00:20:08,2025-12-24 07:10:37,2
IC00044,94,2025-09-05 05:01:43,2025-12-31 19:29:23,3
IC00251,94,2025-09-01 09:36:02,2025-12-30 12:30:21,3
IC00155,93,2025-09-01 14:14:17,2025-12-31 06:11:14,3
IC00043,93,2025-09-01 11:44:58,2025-12-31 19:34:55,1
IC00290,93,2025-09-01 22:05:46,2025-12-30 05:24:05,3
IC00143,92,2025-09-02 07:56:39,2025-12-31 06:12:15,3
IC00161,92,2025-09-01 00:01:52,2025-12-31 06:05:23,3
IC00270,91,2025-09-08 10:55:06,2025-12-30 08:10:06,2
IC00294,91,2025-09-01 19:11:34,2025-12-30 04:17:37,3
IC00021,90,2025-09-05 12:09:45,2025-12-31 22:22:57,2
IC01285,90,2025-09-01 13:17:36,2025-12-16 15:43:23,2
IC00023,90,2025-09-01 12:26:07,2025-12-31 22:21:15,3
IC00124,89,2025-09-15 20:46:42,2025-12-31 06:13:36,3
IC02646,89,2025-09-13 16:11:15,2025-11-19 14:44:49,2
IC00099,89,2025-09-04 11:26:52,2025-12-31 06:36:59,2
IC00017,88,2025-09-05 10:54:33,2025-12-31 22:42:26,2
IC00154,86,2025-09-03 13:48:03,2025-12-31 06:11:17,2
IC00030,86,2025-09-01 21:56:06,2025-12-31 21:56:23,3
IC00974,85,2025-09-02 18:11:59,2025-12-20 21:17:16,1
IC00168,85,2025-09-16 16:12:09,2025-12-31 04:14:06,2
IC00149,84,2025-09-13 11:03:02,2025-12-31 06:11:47,3
IC00146,84,2025-09-01 19:28:10,2025-12-31 06:11:58,3
IC00236,84,2025-09-04 14:36:19,2025-12-30 18:35:49,3
IC00231,83,2025-09-02 16:21:57,2025-12-30 20:11:46,3
IC00092,83,2025-09-01 19:36:47,2025-12-31 07:46:51,3
IC00115,83,2025-09-05 08:39:30,2025-12-31 06:14:03,3
IC00455,83,2025-09-07 02:09:39,2025-12-28 02:13:25,3
IC00113,82,2025-09-20 02:42:18,2025-12-31 06:14:08,2
IC00258,81,2025-09-01 10:40:33,2025-12-30 09:47:53,1
IC01274,81,2025-09-01 09:45:53,2025-12-16 19:13:49,1
IC00888,81,2025-09-01 13:21:47,2025-12-22 05:26:39,2
IC00296,81,2025-09-17 07:24:03,2025-12-30 04:08:56,3
IC00650,80,2025-09-01 01:38:20,2025-12-25 15:28:55,2
IC00104,80,2025-09-11 18:51:46,2025-12-31 06:14:38,3
IC00709,79,2025-09-16 17:10:38,2025-12-24 07:11:41,1
IC00223,79,2025-09-01 16:16:01,2025-12-30 22:48:11,2
IC00245,79,2025-09-04 02:53:47,2025-12-30 14:43:58,2
IC00126,78,2025-09-04 00:18:08,2025-12-31 06:13:24,3
IC00255,78,2025-09-05 07:33:47,2025-12-30 10:48:12,2
IC02996,78,2025-09-03 02:13:19,2025-11-08 02:26:23,1
IC00363,78,2025-09-02 01:41:33,2025-12-29 13:59:16,2
IC00083,77,2025-09-01 02:44:48,2025-12-31 11:20:56,3
IC00312,76,2025-09-05 07:32:40,2025-12-30 00:57:39,2
IC00111,76,2025-09-02 16:24:03,2025-12-31 06:14:13,3
IC00140,76,2025-09-01 20:35:51,2025-12-31 06:12:27,2
IC00131,75,2025-09-09 01:22:44,2025-12-31 06:12:52,2
IC00186,74,2025-10-02 09:42:03,2025-12-31 03:55:51,3
IC00677,74,2025-09-01 15:33:13,2025-12-24 16:06:11,3
IC00078,74,2025-09-01 13:31:40,2025-12-31 13:01:46,2
IC00106,73,2025-09-03 04:18:13,2025-12-31 06:14:29,3
IC00125,73,2025-09-04 01:30:46,2025-12-31 06:13:34,2
IC00366,73,2025-09-02 01:13:57,2025-12-29 13:21:35,2
IC00826,73,2025-09-02 13:47:50,2025-12-22 19:32:10,2
IC01195,72,2025-09-11 01:00:48,2025-12-18 01:00:45,1
IC00759,72,2025-09-10 04:52:55,2025-12-23 07:18:22,2
IC00606,72,2025-09-02 07:17:39,2025-12-26 17:21:28,2
IC02283,71,2025-11-21 01:23:10,2025-11-27 23:26:34,2
IC01250,71,2025-09-02 17:42:06,2025-12-17 09:57:45,2
IC00411,71,2025-09-03 20:10:10,2025-12-28 20:07:45,1
IC00179,70,2025-09-03 13:00:54,2025-12-31 04:00:43,3
IC00632,70,2025-09-02 03:27:12,2025-12-26 08:54:07,3
IC00917,70,2025-09-03 14:11:32,2025-12-21 13:29:44,2
IC00845,70,2025-09-01 15:02:47,2025-12-22 13:27:40,2
IC01012,70,2025-09-01 10:26:15,2025-12-20 03:28:57,2
IC00737,69,2025-09-05 14:08:45,2025-12-23 14:07:59,1
IC00307,69,2025-09-05 07:33:56,2025-12-30 02:13:45,2
IC00559,69,2025-09-03 17:26:16,2025-12-27 03:20:20,1
IC00847,68,2025-09-01 15:03:31,2025-12-22 13:27:19,2
IC00846,68,2025-09-01 15:04:25,2025-12-22 13:27:30,2
IC00408,68,2025-09-01 00:51:24,2025-12-28 20:23:13,1
IC00293,68,2025-09-02 01:11:57,2025-12-30 04:24:30,3
IC00053,68,2025-09-02 18:10:47,2025-12-31 18:17:43,1
IC00265,68,2025-09-04 17:30:23,2025-12-30 09:25:38,3
IC00968,67,2025-09-01 10:15:51,2025-12-20 23:06:06,1
IC00229,67,2025-09-06 21:09:09,2025-12-30 21:08:02,1
IC00088,67,2025-09-11 16:56:34,2025-12-31 09:51:04,2
IC00283,66,2025-09-03 13:48:06,2025-12-30 06:11:50,3
IC00167,66,2025-09-04 14:53:23,2025-12-31 04:17:47,3
IC00731,65,2025-09-01 09:51:37,2025-12-23 15:29:47,1
IC00306,65,2025-09-05 07:28:53,2025-12-30 02:13:47,2
IC00848,65,2025-09-01 15:05:53,2025-12-22 13:27:06,2
IC00176,65,2025-09-02 02:04:57,2025-12-31 04:01:47,3
IC00227,64,2025-09-01 12:23:57,2025-12-30 21:40:42,1
IC00193,64,2025-09-01 22:07:30,2025-12-31 03:29:29,2
IC00491,63,2025-09-04 11:44:56,2025-12-27 19:21:37,1
IC00211,63,2025-11-05 11:17:48,2025-12-31 00:48:15,3
IC00528,63,2025-09-06 06:44:41,2025-12-27 06:37:41,2
IC00282,62,2025-09-02 08:19:36,2025-12-30 06:12:59,3
IC01444,61,2025-09-09 06:08:08,2025-12-15 16:16:26,3
IC00454,61,2025-09-07 02:08:31,2025-12-28 02:15:34,3
IC01492,61,2025-09-06 02:26:56,2025-12-15 00:22:02,2
IC01021,61,2025-09-02 01:40:22,2025-12-20 00:45:24,2
IC00316,61,2025-09-07 19:35:14,2025-12-30 00:21:26,1
IC00842,60,2025-10-10 15:24:33,2025-12-22 15:07:36,3
IC01064,60,2025-09-02 06:47:31,2025-12-19 14:27:43,2
IC00720,60,2025-09-03 10:01:32,2025-12-24 01:35:50,2
IC00192,60,2025-09-02 17:17:26,2025-12-31 03:40:53,3
IC00036,60,2025-09-26 13:47:25,2025-12-31 21:15:41,3
IC00194,60,2025-09-18 10:23:09,2025-12-31 03:19:14,1
IC00221,59,2025-09-05 19:38:01,2025-12-30 23:06:56,3
IC00733,59,2025-09-01 11:57:28,2025-12-23 14:58:25,3
IC00257,58,2025-09-01 12:05:54,2025-12-30 09:48:55,2
IC00127,58,2025-09-11 10:22:04,2025-12-31 06:13:22,3
IC00136,58,2025-09-03 14:13:30,2025-12-31 06:12:38,3
IC01620,57,2025-09-08 19:48:22,2025-12-10 17:38:34,2
IC00436,57,2025-09-01 06:08:24,2025-12-28 06:17:09,1
IC00291,57,2025-09-03 05:33:21,2025-12-30 05:19:15,3
IC00242,57,2025-09-01 21:36:33,2025-12-30 17:48:50,3
IC00152,56,2025-09-13 22:31:55,2025-12-31 06:11:28,3
IC00076,56,2025-10-07 15:34:08,2025-12-31 13:06:27,3
IC00484,56,2025-09-06 21:09:05,2025-12-27 21:17:35,2
IC00328,55,2025-09-02 20:45:45,2025-12-29 21:26:37,1
IC00754,55,2025-09-01 16:01:49,2025-12-23 09:37:21,1
IC00011,55,2025-09-01 20:41:24,2025-12-31 23:11:32,1
IC00177,55,2025-09-16 17:09:43,2025-12-31 04:01:43,2
IC00120,55,2025-10-10 11:05:57,2025-12-31 06:13:52,3
IC00361,55,2025-09-01 12:42:17,2025-12-29 14:25:14,2
IC00288,55,2025-09-09 08:54:47,2025-12-30 05:26:29,3
IC03644,54,2025-09-02 08:12:32,2025-10-31 20:04:22,2
IC00037,54,2025-09-03 11:45:50,2025-12-31 21:11:48,2
IC00156,54,2025-09-19 16:07:50,2025-12-31 06:11:12,3
IC00769,54,2025-09-15 17:02:53,2025-12-23 01:50:10,3
IC00274,54,2025-09-04 11:13:47,2025-12-30 07:13:48,1
IC00271,54,2025-09-06 21:11:24,2025-12-30 08:09:28,2
IC00603,53,2025-09-09 22:10:31,2025-12-26 18:45:25,1
IC00430,53,2025-09-08 18:09:52,2025-12-28 13:25:21,4
IC00101,53,2025-09-03 04:09:21,2025-12-31 06:24:34,3
IC00605,53,2025-09-05 18:08:37,2025-12-26 18:15:35,3
IC01313,53,2025-09-02 20:27:55,2025-12-16 11:12:47,2
IC00214,53,2025-10-03 02:26:36,2025-12-31 00:32:59,3
IC00170,53,2025-09-15 15:54:57,2025-12-31 04:09:08,3
IC00139,53,2025-09-04 07:09:27,2025-12-31 06:12:29,3
IC00506,52,2025-09-02 10:40:38,2025-12-27 12:00:18,3
IC00362,52,2025-09-02 01:41:31,2025-12-29 14:12:20,2
IC00190,52,2025-09-03 08:51:19,2025-12-31 03:43:09,3
IC00169,51,2025-09-05 06:31:43,2025-12-31 04:10:33,2
IC01190,51,2025-09-02 07:03:46,2025-12-18 04:27:43,2
IC04245,51,2025-09-01 05:48:52,2025-10-16 20:07:35,2
IC00670,51,2025-09-02 03:20:40,2025-12-25 00:01:48,3
IC00158,51,2025-09-02 15:41:31,2025-12-31 06:11:07,2
IC00640,50,2025-09-22 11:19:02,2025-12-25 23:43:59,3
IC00381,50,2025-09-13 16:14:17,2025-12-29 05:35:09,2
IC00365,50,2025-09-06 07:02:59,2025-12-29 13:51:05,3
IC00739,50,2025-09-02 06:06:37,2025-12-23 13:51:33,3
IC00407,50,2025-10-01 17:58:38,2025-12-28 20:40:05,3
IC00466,50,2025-09-04 17:06:20,2025-12-28 00:26:30,3
IC00386,49,2025-09-03 20:08:07,2025-12-29 04:16:38,3
IC00734,49,2025-09-02 08:12:40,2025-12-23 14:51:00,2
IC00675,49,2025-09-02 22:36:00,2025-12-24 16:45:18,3
IC00287,49,2025-09-06 15:24:07,2025-12-30 05:53:48,1
IC00636,48,2025-09-15 23:12:06,2025-12-26 03:30:56,3
IC00671,48,2025-09-01 09:58:26,2025-12-24 22:40:50,3
IC00527,48,2025-09-29 13:22:48,2025-12-27 07:28:54,3
IC00181,48,2025-09-10 12:32:20,2025-12-31 04:00:23,3
IC01162,48,2025-09-02 06:58:58,2025-12-18 10:52:35,2
IC00062,48,2025-09-03 13:29:04,2025-12-31 15:27:36,1
IC00387,48,2025-09-09 12:29:39,2025-12-29 04:13:11,3
IC00762,48,2025-09-08 07:19:22,2025-12-23 06:26:21,3
IC00936,48,2025-09-01 13:01:34,2025-12-21 07:33:41,1
IC00071,47,2025-09-19 13:33:32,2025-12-31 13:47:52,3
IC00573,47,2025-10-08 21:02:14,2025-12-26 22:56:39,3
IC03793,47,2025-09-05 11:14:39,2025-10-27 23:47:33,2
IC02549,47,2025-09-01 01:21:21,2025-11-24 08:55:35,1
IC00163,47,2025-09-03 09:45:20,2025-12-31 04:27:58,3
IC00216,47,2025-09-04 09:12:38,2025-12-30 23:52:15,2
IC01904,47,2025-09-29 00:38:53,2025-12-04 00:57:06,1
IC00374,47,2025-09-02 17:43:15,2025-12-29 08:57:51,3
IC00915,47,2025-09-14 15:06:55,2025-12-21 13:57:48,3
IC00327,47,2025-09-08 14:56:30,2025-12-29 21:26:54,1
IC00351,47,2025-09-18 23:17:45,2025-12-29 16:17:33,1
IC00396,47,2025-09-06 00:08:47,2025-12-29 00:06:32,1
IC00289,47,2025-09-01 17:45:28,2025-12-30 05:25:16,3
IC01956,47,2025-09-02 22:40:16,2025-12-03 06:52:32,2
IC01527,46,2025-10-13 11:24:47,2025-12-12 23:12:50,1
IC00476,46,2025-09-02 22:05:43,2025-12-27 22:06:54,1
IC00613,46,2025-09-03 07:56:50,2025-12-26 13:06:57,2
IC00348,46,2025-09-04 11:38:31,2025-12-29 17:14:25,2
IC00110,46,2025-12-20 03:35:20,2025-12-31 06:14:15,1
IC00330,46,2025-09-02 21:08:56,2025-12-29 21:08:48,1
IC00240,45,2025-09-30 11:43:48,2025-12-30 17:56:31,3
IC03295,45,2025-10-23 14:40:29,2025-11-05 07:23:09,1
IC00861,45,2025-09-10 00:31:32,2025-12-22 12:12:17,1
IC00077,45,2025-09-23 10:10:32,2025-12-31 13:05:21,3
IC00727,45,2025-09-25 14:43:22,2025-12-23 18:17:35,2
IC00241,45,2025-09-01 05:24:11,2025-12-30 17:52:36,3
IC01506,45,2025-09-02 12:38:55,2025-12-13 23:39:48,1
IC00145,45,2025-09-26 16:53:09,2025-12-31 06:12:01,3
IC00095,45,2025-09-06 07:01:15,2025-12-31 07:15:16,3
IC00568,44,2025-09-06 00:19:04,2025-12-27 00:21:34,1
IC00232,44,2025-10-09 03:57:49,2025-12-30 20:11:41,2
IC00137,44,2025-09-04 11:05:34,2025-12-31 06:12:34,2
IC00278,44,2025-09-02 04:56:59,2025-12-30 06:31:41,3
IC00273,44,2025-09-16 16:24:51,2025-12-30 07:22:48,3
IC00489,44,2025-09-26 22:10:53,2025-12-27 21:02:02,3
IC00706,44,2025-09-10 23:40:58,2025-12-24 08:04:27,2
IC00945,44,2025-09-17 14:23:54,2025-12-21 03:53:09,3
IC04893,44,2025-09-23 19:19:08,2025-10-04 04:46:07,1
IC00107,43,2025-09-16 01:50:54,2025-12-31 06:14:24,3
IC00049,43,2025-09-09 03:06:20,2025-12-31 18:46:15,1
IC00718,43,2025-09-30 23:42:59,2025-12-24 03:49:06,3
IC00630,43,2025-09-15 09:30:37,2025-12-26 09:27:00,2
IC03831,43,2025-09-04 11:04:48,2025-10-26 13:34:51,2
IC00247,43,2025-09-01 16:01:00,2025-12-30 13:00:08,2
IC00175,42,2025-11-21 04:05:30,2025-12-31 04:03:31,2
IC01267,42,2025-10-30 17:28:41,2025-12-17 01:25:33,2
IC00373,42,2025-09-14 00:08:03,2025-12-29 09:29:02,3
IC00151,42,2025-09-11 23:08:17,2025-12-31 06:11:33,3
IC00132,42,2025-09-09 12:50:33,2025-12-31 06:12:50,3
IC00530,42,2025-10-11 07:04:15,2025-12-27 05:46:38,2
IC00079,42,2025-09-01 12:34:40,2025-12-31 12:24:36,1
IC00001,41,2025-09-10 19:41:10,2025-12-31 23:45:18,3
IC00456,41,2025-10-16 11:00:05,2025-12-28 02:11:19,3
IC00610,41,2025-09-25 21:54:00,2025-12-26 15:14:04,3
IC00570,41,2025-09-17 08:39:23,2025-12-26 23:30:11,3
IC00612,41,2025-09-17 00:04:42,2025-12-26 13:31:26,2
IC00644,41,2025-09-13 09:58:17,2025-12-25 21:32:32,3
IC00385,41,2025-10-25 00:48:01,2025-12-29 04:30:31,2
IC00404,41,2025-09-02 13:59:08,2025-12-28 21:08:44,3
IC00765,41,2025-09-16 21:00:58,2025-12-23 03:20:19,3
IC00280,40,2025-09-10 10:42:29,2025-12-30 06:20:39,2
IC00308,40,2025-09-10 21:29:12,2025-12-30 02:13:33,2
IC05152,40,2025-09-19 14:41:08,2025-09-25 02:31:56,1
IC00045,40,2025-12-01 19:17:39,2025-12-31 19:18:31,2
IC00566,40,2025-09-06 01:09:06,2025-12-27 01:10:28,1
IC00649,40,2025-09-02 10:30:28,2025-12-25 15:35:13,2
IC01192,40,2025-09-07 14:21:55,2025-12-18 02:56:31,1
IC00569,40,2025-10-23 16:42:46,2025-12-27 00:10:29,3
IC01738,39,2025-09-06 20:52:34,2025-12-08 14:42:12,2
IC00185,39,2025-09-10 16:01:24,2025-12-31 03:56:24,3
IC00486,39,2025-09-06 21:10:28,2025-12-27 21:14:56,1
IC00655,39,2025-09-01 09:49:56,2025-12-25 11:14:47,3
IC00150,39,2025-10-07 16:15:46,2025-12-31 06:11:38,3
IC01191,39,2025-09-28 15:44:20,2025-12-18 03:57:50,3
IC00761,39,2025-09-09 13:24:51,2025-12-23 06:32:51,3
IC00766,39,2025-09-10 07:16:53,2025-12-23 02:40:48,3
IC00680,39,2025-09-03 08:26:27,2025-12-24 14:10:52,2
IC01214,39,2025-09-02 12:38:49,2025-12-17 17:18:48,1
IC00402,39,2025-09-30 09:40:14,2025-12-28 22:00:15,3
IC01814,38,2025-09-02 15:33:48,2025-12-06 02:56:47,3
IC00609,38,2025-09-03 23:31:36,2025-12-26 15:18:15,3
IC00311,38,2025-10-05 20:08:21,2025-12-30 01:37:47,3
IC00712,38,2025-09-01 10:25:32,2025-12-24 06:14:21,3
IC00840,38,2025-09-04 12:33:20,2025-12-22 15:15:22,2
IC00464,38,2025-09-13 22:16:58,2025-12-28 01:02:16,1
IC00281,38,2025-09-15 13:20:45,2025-12-30 06:17:38,3
IC00483,38,2025-09-06 21:09:07,2025-12-27 21:18:48,1
IC00056,38,2025-09-09 12:41:47,2025-12-31 17:53:22,3
IC00253,37,2025-09-03 12:32:22,2025-12-30 11:20:19,2
IC01254,37,2025-09-05 11:27:42,2025-12-17 09:21:41,2
IC00199,37,2025-09-01 02:35:26,2025-12-31 02:35:59,2
IC01795,37,2025-09-02 07:00:14,2025-12-07 00:02:40,2
IC00585,37,2025-09-05 21:08:06,2025-12-26 21:16:19,2
IC00465,37,2025-10-09 14:00:31,2025-12-28 00:27:30,2
IC01130,37,2025-09-06 22:35:50,2025-12-18 15:34:01,2
IC04015,37,2025-10-03 08:02:11,2025-10-24 06:46:17,2
IC00091,37,2025-09-24 07:25:21,2025-12-31 08:06:39,3
IC00863,36,2025-09-03 10:02:31,2025-12-22 11:52:20,1
IC00665,36,2025-12-09 16:00:30,2025-12-25 02:06:26,1
IC00475,36,2025-09-06 22:23:47,2025-12-27 22:35:55,1
IC02380,36,2025-09-18 21:58:37,2025-11-26 08:51:41,3
IC01901,36,2025-09-10 11:00:36,2025-12-04 02:48:01,1
IC00599,36,2025-09-05 19:09:13,2025-12-26 19:14:50,1
IC00172,36,2025-09-06 03:13:45,2025-12-31 04:06:33,3
IC00728,36,2025-09-02 22:34:49,2025-12-23 16:46:24,1
IC00401,36,2025-09-12 14:02:02,2025-12-28 22:00:25,3
IC00277,36,2025-09-01 13:51:37,2025-12-30 06:42:20,1
IC00264,36,2025-09-20 08:36:56,2025-12-30 09:35:22,3
IC01576,36,2025-09-02 02:47:32,2025-12-12 00:19:51,3
IC01652,36,2025-09-06 21:54:56,2025-12-10 07:59:27,2
IC00661,35,2025-09-10 04:41:14,2025-12-25 06:28:26,1
IC00498,35,2025-09-02 18:23:35,2025-12-27 18:12:44,2
IC00495,35,2025-09-06 18:19:48,2025-12-27 18:20:22,1
IC00388,35,2025-10-02 01:55:16,2025-12-29 04:07:54,3
IC00434,35,2025-09-05 22:08:04,2025-12-28 06:33:21,1
IC00523,35,2025-09-02 07:18:48,2025-12-27 08:51:31,2
IC00276,35,2025-09-01 17:13:19,2025-12-30 06:43:57,2
IC00234,35,2025-09-17 12:01:59,2025-12-30 19:49:08,3
IC00648,35,2025-10-07 20:37:05,2025-12-25 17:43:50,3
IC01002,35,2025-10-08 11:43:58,2025-12-20 08:34:43,1
IC00459,34,2025-09-05 18:35:18,2025-12-28 01:52:57,3
IC00657,34,2025-09-02 05:13:50,2025-12-25 10:26:38,2
IC00722,34,2025-09-01 15:34:22,2025-12-23 22:35:49,1
IC01100,34,2025-10-12 01:34:50,2025-12-19 07:48:21,2
IC01704,34,2025-09-01 15:02:30,2025-12-09 09:41:28,3
IC00563,34,2025-09-06 02:31:02,2025-12-27 02:30:06,1
IC00474,34,2025-09-06 22:26:22,2025-12-27 22:35:57,1
IC00716,34,2025-09-18 06:15:24,2025-12-24 04:37:37,2
IC03786,34,2025-09-04 23:02:51,2025-10-28 08:33:47,2
IC00492,34,2025-09-06 19:08:25,2025-12-27 19:14:13,1
IC00481,34,2025-09-06 21:13:47,2025-12-27 21:21:00,1
IC00144,34,2025-09-11 13:47:20,2025-12-31 06:12:11,1
IC00837,33,2025-09-01 09:40:54,2025-12-22 16:16:32,2
IC00072,33,2025-09-06 21:06:59,2025-12-31 13:17:31,3
IC00645,33,2025-09-08 13:04:16,2025-12-25 21:08:57,2
IC01152,33,2025-10-03 03:48:52,2025-12-18 13:45:42,2
IC00157,32,2025-09-02 00:20:24,2025-12-31 06:11:09,1
IC00382,32,2025-09-08 07:21:14,2025-12-29 05:26:36,1
IC00868,32,2025-09-11 13:54:05,2025-12-22 11:20:11,2
IC00360,32,2025-09-05 03:01:45,2025-12-29 14:34:05,3
IC00123,32,2025-09-02 04:03:12,2025-12-31 06:13:39,2
IC01852,32,2025-09-19 15:28:22,2025-12-05 06:19:08,1
IC01793,32,2025-09-03 13:04:50,2025-12-07 01:35:36,2
IC01794,32,2025-09-02 07:33:16,2025-12-07 00:03:51,2
IC01015,32,2025-09-26 18:37:39,2025-12-20 01:49:40,1
IC00463,32,2025-09-07 01:09:41,2025-12-28 01:12:55,1
IC00477,32,2025-09-17 09:32:12,2025-12-27 21:37:48,2
IC04856,32,2025-10-01 19:16:31,2025-10-07 00:42:10,1
IC00471,32,2025-09-06 23:12:08,2025-12-27 23:13:05,1
IC02723,31,2025-09-01 14:56:30,2025-11-17 13:52:29,1
IC01413,31,2025-09-20 22:17:38,2025-12-15 17:36:25,3
IC01027,31,2025-09-03 16:14:25,2025-12-03 13:51:48,3
IC00835,31,2025-09-02 12:18:55,2025-12-22 17:06:45,3
IC01268,31,2025-11-08 16:45:32,2025-12-16 22:31:40,1
IC00469,31,2025-09-16 18:18:18,2025-12-28 00:05:09,3
IC00467,31,2025-09-14 00:09:20,2025-12-28 00:11:31,3
IC03855,31,2025-09-05 05:31:57,2025-10-24 23:09:23,3
IC00633,31,2025-11-27 10:32:32,2025-12-26 08:40:28,1
IC01446,31,2025-09-08 15:57:08,2025-12-15 16:09:04,2
IC00098,31,2025-09-02 02:26:52,2025-12-31 06:46:24,3
IC00760,30,2025-09-05 21:30:47,2025-12-23 06:43:08,3
IC00548,30,2025-09-05 18:45:52,2025-12-27 04:59:33,2
IC01749,30,2025-09-11 10:51:25,2025-12-08 10:11:09,3
IC00383,30,2025-09-17 00:19:15,2025-12-29 05:24:01,2
IC00693,30,2025-09-09 22:18:12,2025-12-24 10:22:03,2
IC01490,30,2025-10-10 00:40:21,2025-12-15 03:20:20,3
IC00662,30,2025-09-05 02:03:57,2025-12-25 05:50:09,3
IC03887,30,2025-09-19 21:10:48,2025-10-24 11:39:42,1
IC00833,29,2025-09-16 01:05:15,2025-12-22 18:08:54,2
IC02357,29,2025-09-05 17:04:45,2025-11-26 11:27:39,3
IC00035,29,2025-09-03 07:20:56,2025-12-31 21:21:21,1
IC01216,29,2025-09-03 08:10:21,2025-12-17 16:49:34,1
IC01257,29,2025-09-02 05:16:27,2025-12-17 08:32:30,2
IC00939,29,2025-10-02 19:30:35,2025-12-21 06:18:17,3
IC00969,29,2025-09-20 17:16:07,2025-12-20 22:54:02,2
IC01705,29,2025-09-02 13:31:47,2025-12-09 09:40:10,2
IC01742,29,2025-09-01 09:43:28,2025-12-08 12:44:01,2
IC01711,29,2025-09-01 14:02:09,2025-12-08 16:51:07,1
IC00571,29,2025-09-05 23:10:10,2025-12-26 23:16:32,1
IC00065,29,2025-10-15 05:52:17,2025-12-31 15:00:18,1
IC00313,28,2025-09-29 05:26:41,2025-12-30 00:55:16,3
IC01840,28,2025-09-06 07:02:08,2025-12-05 11:13:58,2
IC00326,28,2025-09-10 18:22:24,2025-12-29 21:27:56,1
IC02995,28,2025-10-03 06:24:10,2025-11-08 03:56:54,2
IC00652,28,2025-09-02 07:10:18,2025-12-25 13:17:47,3
IC00505,28,2025-09-01 06:28:16,2025-12-27 13:17:43,2
IC00356,28,2025-10-20 18:05:47,2025-12-29 15:29:57,1
IC05007,28,2025-09-08 12:39:16,2025-10-01 10:08:51,1
IC01809,28,2025-09-22 11:15:54,2025-12-06 18:26:34,3
IC00449,27,2025-09-08 09:42:14,2025-12-28 04:06:34,2
IC00239,27,2025-10-14 15:56:53,2025-12-30 18:12:34,3
IC00322,27,2025-09-02 01:13:55,2025-12-29 23:03:51,1
IC00320,27,2025-09-19 05:33:32,2025-12-29 23:24:00,3
IC00213,27,2025-10-29 10:50:09,2025-12-31 00:35:28,3
IC01656,27,2025-09-05 04:43:18,2025-12-10 04:18:50,1
IC00880,27,2025-09-13 03:17:28,2025-12-22 10:37:08,2
IC01501,27,2025-10-09 08:07:35,2025-12-14 07:13:10,3
IC01270,27,2025-09-10 14:45:36,2025-12-16 20:58:35,1
IC03836,27,2025-09-06 07:02:52,2025-10-25 22:04:00,2
IC00874,27,2025-09-01 07:17:53,2025-12-22 10:38:59,3
IC00432,27,2025-09-15 16:38:15,2025-12-28 08:43:50,2
IC00547,27,2025-09-06 05:07:24,2025-12-27 05:08:01,1
IC00102,27,2025-09-27 06:01:30,2025-12-31 06:16:57,1
IC00500,26,2025-09-06 18:09:09,2025-12-27 18:10:10,1
IC05816,26,2025-09-17 23:32:10,2025-09-18 07:00:47,1
IC00658,26,2025-10-21 13:59:59,2025-12-25 09:40:26,3
IC00565,26,2025-09-29 03:02:59,2025-12-27 02:05:36,3
IC00226,26,2025-09-10 00:46:39,2025-12-30 22:19:50,1
IC00275,26,2025-10-04 06:20:35,2025-12-30 06:55:49,1
IC02787,26,2025-10-10 13:49:17,2025-11-15 06:08:47,1
IC01139,26,2025-09-11 14:01:00,2025-12-18 14:53:40,2
IC02741,26,2025-09-16 10:31:56,2025-11-17 03:29:00,4
IC01806,26,2025-09-06 20:49:24,2025-12-06 22:38:52,1
IC00672,26,2025-09-16 08:30:29,2025-12-24 20:56:15,3
IC01925,26,2025-09-18 11:14:27,2025-12-03 12:06:34,2
IC00267,25,2025-09-05 20:53:14,2025-12-30 09:24:21,3
IC00298,25,2025-11-21 04:14:55,2025-12-30 04:00:26,3
IC00757,25,2025-09-15 09:47:31,2025-12-23 08:18:39,2
IC00646,25,2025-09-20 09:08:24,2025-12-25 18:13:56,2
IC00487,25,2025-09-06 21:10:26,2025-12-27 21:11:29,1
IC01593,25,2025-09-06 07:02:06,2025-12-11 11:07:10,1
IC00940,25,2025-09-01 23:57:02,2025-12-21 06:09:19,2
IC02968,25,2025-09-23 23:55:17,2025-11-09 18:05:18,2
IC02231,25,2025-10-05 16:54:02,2025-11-29 10:44:19,3
IC01906,25,2025-10-10 13:01:20,2025-12-03 23:16:54,1
IC04122,24,2025-09-22 12:16:59,2025-10-22 00:01:36,1
IC01266,24,2025-10-08 18:20:01,2025-12-17 01:30:15,3
IC01516,24,2025-09-03 21:03:55,2025-12-13 11:12:33,2
IC00556,24,2025-10-07 20:19:03,2025-12-27 03:57:52,3
IC00711,24,2025-09-05 05:56:16,2025-12-24 06:17:55,1
IC00729,24,2025-09-08 19:03:07,2025-12-23 16:16:04,1
IC01885,24,2025-09-19 11:02:32,2025-12-04 15:53:51,1
IC01765,24,2025-09-03 00:18:58,2025-12-08 08:37:31,2
IC01240,24,2025-12-06 01:23:49,2025-12-17 13:34:12,2
IC00557,24,2025-09-20 05:03:55,2025-12-27 03:33:19,3
IC02864,24,2025-10-04 00:03:35,2025-11-13 04:26:59,1
IC00248,23,2025-09-25 16:20:19,2025-12-30 12:58:45,3
IC01312,23,2025-09-12 16:56:50,2025-12-16 11:13:54,3
IC00558,23,2025-09-03 23:31:24,2025-12-27 03:31:50,1
IC00237,23,2025-10-11 03:45:06,2025-12-30 18:34:42,1
IC01256,23,2025-09-01 14:03:49,2025-12-17 08:59:48,2
IC02955,23,2025-11-10 10:10:30,2025-11-10 10:11:11,2
IC00249,23,2025-09-01 15:20:04,2025-12-30 12:49:12,2
IC01775,23,2025-09-06 22:06:45,2025-12-07 22:29:32,2
IC05938,23,2025-09-12 20:28:53,2025-09-12 20:29:34,2
IC05935,23,2025-09-12 20:29:43,2025-09-12 20:31:24,2
IC04595,23,2025-09-19 13:29:57,2025-10-13 08:27:21,1
IC00438,23,2025-09-07 05:09:17,2025-12-28 05:09:02,1
IC01131,23,2025-09-06 07:03:08,2025-12-18 15:33:05,1
IC01217,23,2025-09-03 14:35:28,2025-12-17 16:43:29,1
IC05937,23,2025-09-12 20:29:36,2025-09-12 20:30:35,2
IC01087,23,2025-09-08 07:00:59,2025-12-19 10:12:35,2
IC05934,23,2025-09-12 20:30:21,2025-09-12 20:31:43,2
IC00875,23,2025-10-14 11:35:41,2025-12-22 10:38:54,2
IC00235,23,2025-09-05 17:38:34,2025-12-30 19:11:00,1
IC01722,23,2025-09-05 14:50:55,2025-12-09 00:21:39,1
IC01967,23,2025-09-02 07:44:47,2025-12-02 19:26:18,2
IC00736,23,2025-10-10 04:33:23,2025-12-23 14:22:51,3
IC01242,23,2025-09-16 15:08:55,2025-12-17 12:49:12,3
IC01524,23,2025-09-03 09:41:23,2025-12-13 04:23:51,2
IC00329,23,2025-09-11 13:37:33,2025-12-29 21:25:22,1
IC00309,22,2025-09-01 02:05:10,2025-12-30 01:55:33,1
IC00377,22,2025-09-17 10:43:48,2025-12-29 06:45:10,3
IC05006,22,2025-09-08 12:42:32,2025-10-01 10:13:18,1
IC00611,22,2025-09-03 14:42:51,2025-12-26 14:53:37,1
IC00912,22,2025-09-04 09:54:49,2025-12-21 15:34:09,3
IC00450,22,2025-09-04 20:58:03,2025-12-28 04:02:31,2
IC00451,22,2025-09-01 00:10:16,2025-12-28 04:01:46,2
IC02002,22,2025-09-29 16:01:53,2025-12-02 10:20:51,1
IC00522,22,2025-11-15 08:11:57,2025-12-27 09:07:56,2
IC00998,22,2025-09-23 17:28:37,2025-12-20 10:22:44,2
IC00928,22,2025-09-08 09:47:27,2025-12-21 09:56:58,2
IC02190,22,2025-10-14 11:51:16,2025-12-01 15:37:03,2
IC00572,21,2025-09-19 16:34:40,2025-12-26 23:11:43,2
IC00446,21,2025-11-18 18:16:19,2025-12-28 04:13:52,2
IC00371,21,2025-09-01 23:12:45,2025-12-29 10:32:52,1
IC00825,21,2025-09-04 22:12:45,2025-12-22 19:38:53,1
IC00250,21,2025-09-20 13:55:29,2025-12-30 12:40:18,3
IC00891,21,2025-09-24 02:53:15,2025-12-22 02:57:51,1
IC00982,21,2025-10-08 14:35:04,2025-12-20 16:31:03,1
IC00427,21,2025-09-04 07:27:18,2025-12-28 15:00:33,1
IC00659,21,2025-09-03 23:36:07,2025-12-25 09:30:43,1
IC00416,21,2025-09-07 19:09:01,2025-12-28 19:09:04,1
IC00635,21,2025-09-04 15:05:39,2025-12-26 05:33:58,2
IC01843,21,2025-11-20 06:05:06,2025-12-05 10:07:26,3
IC01702,21,2025-10-11 19:17:57,2025-12-09 09:55:39,2
IC00040,21,2025-10-08 15:32:14,2025-12-31 19:56:29,3
IC00818,20,2025-09-15 14:10:38,2025-12-22 23:10:10,1
IC01024,20,2025-09-04 15:01:30,2025-12-19 23:55:15,2
IC00217,20,2025-09-10 07:00:41,2025-12-30 23:45:19,1
IC01275,20,2025-10-12 17:45:40,2025-12-16 19:08:55,3
IC01016,20,2025-10-04 03:41:27,2025-12-20 00:59:26,2
IC00334,20,2025-09-27 20:53:48,2025-12-29 20:26:49,1
IC01706,20,2025-09-07 08:36:46,2025-12-09 09:28:19,3
IC00468,20,2025-09-04 18:23:32,2025-12-28 00:08:54,2
IC00623,20,2025-09-23 14:02:29,2025-11-03 07:42:26,2
IC00421,20,2025-10-05 05:42:42,2025-12-28 18:03:18,3
IC00488,20,2025-09-06 07:03:01,2025-12-27 21:03:06,1
IC01582,20,2025-09-30 15:39:57,2025-12-11 16:28:48,3
IC01125,20,2025-09-06 07:01:17,2025-12-18 15:46:28,1
IC00882,20,2025-09-09 20:00:11,2025-12-22 10:36:23,2
IC01118,20,2025-10-10 14:37:56,2025-12-18 18:03:35,1
IC00405,20,2025-10-06 15:46:27,2025-12-28 21:00:23,2
IC00622,20,2025-09-15 15:43:11,2025-12-26 10:52:06,2
IC00038,20,2025-09-04 07:24:59,2025-12-31 20:15:07,1
IC01846,20,2025-09-20 02:05:57,2025-12-05 09:35:21,3
IC00218,19,2025-11-05 07:49:17,2025-12-30 23:35:09,1
IC01862,19,2025-11-20 18:07:35,2025-12-05 06:06:46,2
IC02760,19,2025-09-14 10:11:20,2025-11-16 01:26:03,2
IC00189,19,2025-12-10 16:45:32,2025-12-31 03:51:58,2
IC00183,19,2025-09-13 15:57:45,2025-12-31 03:57:56,2
IC00358,19,2025-10-10 14:07:34,2025-12-29 15:00:36,3
IC00410,19,2025-09-07 20:09:17,2025-12-28 20:07:47,1
IC00409,19,2025-09-07 20:11:36,2025-12-28 20:08:56,1
IC00406,19,2025-09-03 12:27:34,2025-12-28 20:46:42,3
IC01258,19,2025-09-20 09:03:34,2025-12-17 08:29:14,1
IC03616,19,2025-09-05 18:11:26,2025-11-02 10:11:21,2
IC00457,19,2025-09-07 02:17:42,2025-12-28 02:09:56,1
IC00876,19,2025-09-02 21:27:39,2025-12-22 10:38:49,3
IC01209,19,2025-09-10 23:13:49,2025-12-17 20:32:13,1
IC00642,19,2025-09-18 09:02:03,2025-12-25 22:48:36,2
IC02001,19,2025-09-04 20:53:23,2025-12-02 10:24:05,2
IC00890,19,2025-09-06 20:32:00,2025-12-22 04:06:22,1
IC00135,19,2025-09-08 11:44:05,2025-12-31 06:12:43,2
IC01788,19,2025-09-22 23:57:46,2025-12-07 04:33:58,1
IC00879,19,2025-09-18 12:28:18,2025-12-22 10:38:20,2
IC00501,19,2025-09-06 18:08:04,2025-12-27 18:09:13,2
IC01018,18,2025-09-02 01:41:50,2025-12-20 00:52:06,1
IC01867,18,2025-11-20 06:05:45,2025-12-05 00:10:48,2
IC02383,18,2025-09-30 16:33:14,2025-11-26 08:51:35,2
IC03047,18,2025-10-16 17:52:37,2025-11-05 19:14:46,3
IC00686,18,2025-09-02 06:46:47,2025-12-24 11:41:22,2
IC00238,18,2025-09-27 13:22:00,2025-12-30 18:13:49,2
IC00428,18,2025-09-04 15:16:25,2025-12-28 14:32:11,3
IC00878,18,2025-09-02 11:12:25,2025-12-22 10:38:37,2
IC01602,18,2025-11-13 04:11:51,2025-12-11 07:34:19,1
IC00521,18,2025-11-14 15:53:31,2025-12-27 09:24:03,1
IC04157,18,2025-09-30 00:03:06,2025-10-20 22:35:18,1
IC04588,18,2025-10-13 10:02:36,2025-10-13 10:03:15,1
IC01701,18,2025-09-10 20:15:45,2025-12-09 09:55:49,3
IC01517,18,2025-09-29 12:45:31,2025-12-13 07:09:09,3
IC01698,18,2025-09-18 19:33:22,2025-12-09 10:27:44,3
IC01009,18,2025-10-10 04:26:31,2025-12-20 04:40:21,2
IC01905,18,2025-09-04 15:24:50,2025-12-04 00:14:26,1
IC01857,18,2025-11-20 18:08:49,2025-12-05 06:08:38,2
IC01128,18,2025-10-01 12:09:00,2025-12-16 13:27:00,1
IC03633,18,2025-09-11 20:50:53,2025-11-01 05:37:50,1
IC03632,18,2025-09-08 22:34:44,2025-11-01 05:37:52,1
IC03550,18,2025-09-01 05:59:03,2025-11-04 14:19:49,1
IC02826,18,2025-09-15 16:43:37,2025-11-13 18:50:21,2
IC02985,18,2025-10-10 00:00:24,2025-11-08 12:00:34,2
IC01642,18,2025-09-01 09:01:32,2025-12-10 09:27:28,1
IC02807,18,2025-10-10 14:05:55,2025-11-14 09:39:30,1
IC00473,18,2025-10-16 15:39:22,2025-12-27 22:41:00,2
IC00561,18,2025-09-06 03:08:51,2025-12-27 03:09:02,2
IC00378,18,2025-09-09 15:23:20,2025-12-29 06:10:45,3
IC00394,18,2025-10-22 15:23:52,2025-12-29 01:13:54,3
IC01538,18,2025-09-29 13:47:54,2025-12-12 16:18:37,1
IC01859,18,2025-11-20 06:08:08,2025-12-05 06:08:25,2
IC00719,18,2025-09-10 09:33:34,2025-12-24 03:35:32,3
IC01720,18,2025-09-02 11:54:24,2025-12-09 00:29:50,1
IC00689,17,2025-09-16 22:41:56,2025-12-24 11:08:45,2
IC00415,17,2025-09-07 19:12:14,2025-12-28 19:12:08,1
IC00676,17,2025-10-23 08:16:35,2025-12-24 16:11:32,2
IC00638,17,2025-09-17 18:59:20,2025-12-26 00:16:31,3
IC01442,17,2025-09-01 12:23:52,2025-12-15 16:53:41,3
IC00493,17,2025-09-06 19:08:23,2025-12-27 19:08:32,1
IC00546,17,2025-09-06 05:08:27,2025-12-27 05:09:10,1
IC01020,17,2025-09-06 07:05:14,2025-12-20 00:45:26,1
IC00103,17,2025-11-10 22:12:54,2025-12-31 06:14:41,3
IC04046,17,2025-10-02 18:48:06,2025-10-23 13:13:19,1
IC00713,17,2025-09-17 13:13:54,2025-12-24 06:13:39,2
IC00509,17,2025-09-06 10:49:34,2025-12-27 10:49:03,1
IC00420,17,2025-09-07 18:10:16,2025-12-28 18:09:06,1
IC00601,17,2025-09-05 19:10:14,2025-12-26 19:10:15,1
IC00828,17,2025-09-22 15:22:35,2025-12-22 18:55:36,1
IC00715,17,2025-09-14 04:46:32,2025-12-24 04:43:49,1
IC00994,17,2025-10-08 15:02:01,2025-12-20 11:07:36,3
IC00089,17,2025-09-03 07:08:55,2025-12-31 09:08:48,1
IC01283,17,2025-09-04 00:56:44,2025-12-16 17:14:04,3
IC01017,17,2025-10-04 03:41:16,2025-12-20 00:57:16,1
IC01518,17,2025-09-08 06:34:57,2025-12-13 06:48:04,3
IC01870,17,2025-11-20 18:05:50,2025-12-05 00:06:48,3
IC01700,17,2025-09-16 08:04:18,2025-12-09 10:08:07,3
IC00197,17,2025-09-29 03:23:44,2025-12-31 03:01:16,2
IC00740,16,2025-09-12 18:56:17,2025-12-23 13:32:10,1
IC05104,16,2025-09-03 22:14:30,2025-09-26 08:52:43,1
IC00195,16,2025-11-10 07:50:10,2025-12-31 03:08:54,2
IC05955,16,2025-09-12 07:50:05,2025-09-12 07:50:32,1
IC00577,16,2025-09-30 15:38:33,2025-12-26 22:02:45,2
IC01664,16,2025-09-12 15:34:04,2025-12-09 16:40:34,3
IC01458,16,2025-10-19 05:24:20,2025-12-15 13:03:48,3
IC00877,16,2025-10-04 11:11:47,2025-12-22 10:38:47,2
IC03880,16,2025-10-10 14:13:16,2025-10-24 11:57:19,2
IC00403,16,2025-09-01 04:39:20,2025-12-28 21:45:11,3
IC00647,16,2025-09-12 18:27:49,2025-12-25 17:54:51,2
IC02020,16,2025-09-21 04:24:27,2025-12-02 02:13:37,1
IC01134,16,2025-09-06 07:03:03,2025-12-18 15:28:15,1
IC00437,16,2025-11-02 05:41:19,2025-12-28 05:10:13,1
IC01105,16,2025-09-15 20:30:10,2025-12-19 04:54:32,3
IC01117,16,2025-09-05 13:41:16,2025-12-18 18:37:14,1
IC03016,16,2025-11-06 23:48:25,2025-11-06 23:50:30,1
IC01083,16,2025-09-01 00:43:27,2025-12-19 10:58:55,3
IC00756,16,2025-09-11 11:20:29,2025-12-23 08:42:29,3
IC00390,16,2025-10-27 01:10:09,2025-12-29 04:07:02,2
IC01873,16,2025-09-23 17:28:43,2025-12-04 18:38:30,2
IC04234,16,2025-09-02 22:22:09,2025-10-16 21:29:27,3
IC01161,16,2025-09-06 00:50:26,2025-12-18 11:22:26,2
IC01728,16,2025-09-17 09:05:09,2025-12-08 18:03:37,3
IC00395,16,2025-09-22 02:35:44,2025-12-29 00:15:47,2
IC01468,15,2025-09-01 03:06:54,2025-12-15 10:16:22,2
IC01512,15,2025-09-30 08:07:16,2025-12-13 13:06:03,1
IC01864,15,2025-11-20 18:06:38,2025-12-05 06:06:35,2
IC01854,15,2025-11-20 06:04:03,2025-12-05 06:08:57,2
IC01868,15,2025-11-20 18:08:53,2025-12-05 00:08:56,3
IC04652,15,2025-09-02 06:57:43,2025-10-10 09:27:52,2
IC03848,15,2025-09-17 20:10:25,2025-10-25 05:36:28,1
IC01097,15,2025-09-04 10:04:46,2025-12-19 08:33:53,3
IC00412,15,2025-09-26 13:48:29,2025-12-28 20:06:46,3
IC01603,15,2025-10-03 22:28:49,2025-12-11 07:01:20,1
IC03007,15,2025-09-16 15:04:51,2025-11-07 10:31:08,2
IC01129,15,2025-09-15 11:10:26,2025-12-18 15:36:24,2
IC00905,15,2025-11-19 20:08:32,2025-12-21 20:09:26,1
IC03070,15,2025-10-01 20:17:28,2025-11-05 09:57:05,3
IC00205,15,2025-10-01 01:18:49,2025-12-31 01:35:05,1
IC01855,15,2025-09-25 11:44:43,2025-12-05 06:08:50,2
IC02307,15,2025-10-16 18:03:56,2025-11-27 14:47:08,2
IC01860,15,2025-11-20 06:08:06,2025-12-05 06:08:21,2
IC01525,15,2025-09-13 03:11:26,2025-12-13 03:10:17,2
IC02913,15,2025-10-15 16:36:39,2025-11-11 14:06:51,1
IC00453,15,2025-10-24 09:53:44,2025-12-28 03:40:18,3
IC00873,15,2025-12-22 10:34:27,2025-12-22 10:39:01,1
IC02992,15,2025-09-01 08:16:41,2025-11-08 07:34:58,2
IC00554,14,2025-12-10 16:48:35,2025-12-27 03:59:41,2
IC01022,14,2025-09-03 07:09:24,2025-12-20 00:44:00,1
IC00063,14,2025-09-28 11:18:26,2025-12-31 15:19:02,3
IC00980,14,2025-09-11 05:16:45,2025-12-20 17:25:52,2
IC01127,14,2025-10-19 00:39:41,2025-12-18 15:37:53,2
IC02089,14,2025-09-03 16:22:30,2025-12-01 23:12:07,1
IC03627,14,2025-10-31 14:53:51,2025-11-01 11:56:49,2
IC01237,14,2025-09-09 13:03:59,2025-12-17 14:23:23,3
IC01583,14,2025-09-03 21:42:58,2025-12-11 16:01:31,2
IC00943,14,2025-09-08 15:13:14,2025-12-21 04:33:10,2
IC00230,14,2025-09-14 22:55:33,2025-12-30 20:58:36,1
IC00510,14,2025-10-05 22:39:44,2025-12-27 10:32:55,1
IC02490,14,2025-09-02 19:22:05,2025-11-24 16:01:23,2
IC01120,14,2025-11-06 16:01:20,2025-12-18 16:49:14,1
IC04620,14,2025-10-02 02:21:21,2025-10-11 05:36:41,1
IC01669,14,2025-09-15 08:07:32,2025-12-09 16:08:02,3
IC00370,14,2025-10-09 06:57:03,2025-12-29 10:43:48,2
IC04105,14,2025-10-22 11:00:27,2025-10-22 11:49:50,1
IC01939,14,2025-10-03 08:30:05,2025-12-03 09:30:57,1
IC01338,14,2025-10-06 10:44:05,2025-12-15 21:32:33,3
IC01189,14,2025-09-22 05:44:40,2025-12-18 05:38:50,2
IC02600,14,2025-10-01 06:31:19,2025-11-22 04:35:07,2
IC00743,14,2025-10-15 23:20:20,2025-12-23 12:16:46,1
IC01858,14,2025-11-20 18:08:17,2025-12-05 06:08:33,2
IC01164,14,2025-09-23 09:54:10,2025-12-18 10:31:40,1
IC01176,14,2025-09-13 22:22:34,2025-12-18 08:57:50,3
IC00579,14,2025-09-04 01:19:38,2025-12-26 21:43:28,2
IC00112,14,2025-11-05 21:42:43,2025-12-31 06:14:10,3
IC01856,14,2025-11-20 18:09:09,2025-12-05 06:08:45,2
IC01011,14,2025-09-06 07:10:41,2025-12-20 03:53:16,1
IC02209,14,2025-09-02 23:46:25,2025-12-01 09:48:56,3
IC00013,14,2025-09-17 13:32:57,2025-12-31 22:52:37,3
IC00202,13,2025-09-02 06:53:08,2025-12-31 02:10:13,1
IC01513,13,2025-09-11 20:50:55,2025-12-13 13:06:02,1
IC01508,13,2025-09-06 15:11:21,2025-12-13 22:31:52,3
IC01848,13,2025-10-02 17:08:30,2025-12-05 09:33:54,2
IC01869,13,2025-11-20 18:08:32,2025-12-05 00:08:49,3
IC01853,13,2025-11-20 18:11:15,2025-12-05 06:11:06,2
IC01865,13,2025-11-20 18:06:12,2025-12-05 06:06:29,2
IC00073,13,2025-12-01 04:32:40,2025-12-31 13:14:54,1
IC01863,13,2025-11-20 18:07:40,2025-12-05 06:06:44,2
IC01947,13,2025-09-18 15:46:35,2025-12-03 08:50:20,2
IC00399,13,2025-10-09 13:51:26,2025-12-28 22:47:56,2
IC01138,13,2025-09-15 17:18:54,2025-12-18 14:54:00,1
IC01555,13,2025-09-02 20:45:43,2025-12-12 13:27:43,1
IC01792,13,2025-09-16 01:29:33,2025-12-07 02:39:59,1
IC00900,13,2025-09-06 20:53:52,2025-12-21 23:19:07,1
IC01773,13,2025-09-06 20:13:23,2025-12-07 23:58:57,2
IC00425,13,2025-09-12 18:49:57,2025-12-28 16:32:13,3
IC00414,13,2025-09-14 19:12:28,2025-12-28 19:12:16,1
IC00417,13,2025-10-21 14:00:05,2025-12-28 18:53:57,2
IC02532,13,2025-09-02 09:36:22,2025-11-24 10:38:22,1
IC00694,13,2025-11-16 02:45:48,2025-12-24 09:41:40,2
IC00867,13,2025-09-03 20:17:55,2025-12-22 11:26:47,1
IC00896,13,2025-09-16 02:48:10,2025-12-21 23:46:23,1
IC00895,13,2025-09-12 00:53:33,2025-12-22 00:28:52,3
IC00836,13,2025-10-20 23:24:08,2025-12-22 16:48:54,1
IC00180,13,2025-12-02 15:23:53,2025-12-31 04:00:28,2
IC00586,13,2025-09-05 21:08:03,2025-12-26 21:08:15,1
IC00441,13,2025-12-10 16:47:32,2025-12-28 04:43:58,2
IC02238,13,2025-11-28 14:34:01,2025-11-28 23:37:08,1
IC04627,13,2025-10-10 15:18:21,2025-10-10 15:27:00,1
IC00540,13,2025-09-06 01:57:49,2025-12-27 05:14:42,1
IC02281,13,2025-09-03 02:14:03,2025-11-28 00:14:03,2
IC00305,13,2025-11-26 19:28:54,2025-12-30 02:34:00,2
IC00651,13,2025-10-08 15:24:37,2025-12-25 14:40:27,2
IC03052,13,2025-10-09 18:19:36,2025-11-05 16:31:33,3
IC01454,13,2025-09-17 11:46:17,2025-12-15 13:50:14,2
IC00653,13,2025-09-28 11:24:41,2025-12-25 12:09:03,1
IC00667,13,2025-09-14 00:23:16,2025-12-25 00:56:07,2
IC00391,12,2025-09-06 07:05:54,2025-12-29 03:10:57,1
IC02598,12,2025-11-20 06:05:02,2025-11-22 04:35:26,1
IC00357,12,2025-09-29 03:44:07,2025-12-29 15:15:06,1
IC01587,12,2025-09-30 16:37:55,2025-12-11 13:23:57,2
IC00027,12,2025-11-03 03:19:14,2025-12-31 22:06:27,2
IC04887,12,2025-09-09 02:51:58,2025-10-04 08:00:25,2
IC03140,12,2025-09-01 18:21:42,2025-11-05 07:39:30,1
IC00244,12,2025-09-17 11:34:42,2025-12-30 15:34:59,1
IC03820,12,2025-09-22 03:41:39,2025-10-27 08:54:08,2
IC02602,12,2025-10-31 19:14:48,2025-11-22 04:34:33,2
IC02601,12,2025-11-20 06:04:07,2025-11-22 04:34:58,1
IC00369,12,2025-10-25 07:57:28,2025-12-29 10:44:24,1
IC01861,12,2025-11-20 18:07:52,2025-12-05 06:08:09,2
IC02216,12,2025-09-08 16:33:36,2025-11-30 16:51:50,2
IC00201,12,2025-09-06 22:43:56,2025-12-31 02:17:28,2
IC02603,12,2025-11-20 06:03:55,2025-11-22 04:34:29,1
IC00751,12,2025-09-23 10:35:13,2025-12-23 10:38:26,1
IC00005,12,2025-09-22 03:26:38,2025-12-31 23:21:28,2
IC00704,12,2025-09-10 17:15:27,2025-12-24 08:40:15,2
IC00913,12,2025-10-16 17:57:04,2025-12-21 15:30:53,3
IC01451,12,2025-09-01 15:21:04,2025-12-15 14:26:54,3
IC03021,12,2025-09-04 23:05:17,2025-11-06 19:37:41,2
IC00975,12,2025-09-06 21:07:55,2025-12-20 21:10:26,1
IC00448,12,2025-09-07 04:10:12,2025-12-28 04:10:36,1
IC01660,12,2025-09-01 17:42:33,2025-12-09 18:30:39,1
IC00444,12,2025-12-10 16:47:35,2025-12-28 04:15:55,3
IC01260,12,2025-09-24 23:20:14,2025-12-17 07:21:38,1
IC00592,12,2025-09-20 21:59:49,2025-12-26 19:46:38,2
IC00575,12,2025-09-29 22:13:06,2025-12-26 22:21:04,1
IC01265,12,2025-09-26 02:12:57,2025-12-17 03:14:48,1
IC00991,12,2025-10-04 16:20:25,2025-12-20 11:23:36,2
IC00978,12,2025-09-30 06:31:31,2025-12-20 20:15:35,1
IC03605,12,2025-10-29 21:18:32,2025-11-03 06:40:14,1
IC01721,12,2025-09-06 07:04:15,2025-12-09 00:29:10,1
IC00654,12,2025-09-01 08:11:14,2025-12-25 12:00:24,2
IC00668,12,2025-09-14 00:31:30,2025-12-25 00:51:40,1
IC02063,12,2025-10-07 10:30:55,2025-12-01 23:15:54,2
IC00478,12,2025-09-20 21:58:52,2025-12-27 21:36:57,3
IC00479,12,2025-09-20 21:59:55,2025-12-27 21:36:55,2
IC01259,11,2025-09-11 11:55:22,2025-12-17 08:16:15,1
IC03726,11,2025-09-18 00:33:06,2025-10-30 01:10:31,3
IC00480,11,2025-09-20 21:58:46,2025-12-27 21:36:52,2
IC02839,11,2025-10-31 14:53:14,2025-11-13 10:58:11,2
IC00470,11,2025-09-12 11:13:39,2025-12-27 23:13:54,2
IC00624,11,2025-09-09 01:41:03,2025-12-26 10:36:32,1
IC00971,11,2025-09-20 21:58:44,2025-12-20 21:38:06,3
IC03886,11,2025-10-10 13:50:05,2025-10-24 11:40:11,1
IC03571,11,2025-10-16 17:55:29,2025-11-04 05:33:19,3
IC01727,11,2025-09-23 17:07:07,2025-12-08 18:48:26,2
IC00513,11,2025-09-20 21:58:48,2025-12-27 09:37:59,2
IC03799,11,2025-09-11 00:20:08,2025-10-27 17:09:57,1
IC02785,11,2025-09-20 01:22:17,2025-11-15 08:50:30,1
IC02599,11,2025-11-20 06:04:22,2025-11-22 04:35:22,1
IC01874,11,2025-09-23 17:28:41,2025-12-04 18:36:28,2
IC02605,11,2025-11-06 16:06:09,2025-11-22 04:33:42,2
IC00301,11,2025-12-20 03:12:15,2025-12-30 03:11:52,1
IC00279,11,2025-09-04 02:56:35,2025-12-30 06:25:51,1
IC02784,11,2025-09-20 00:23:13,2025-11-15 09:59:24,1
IC02565,11,2025-11-20 18:06:10,2025-11-23 12:06:23,2
IC01069,11,2025-11-28 11:04:08,2025-12-19 13:40:37,3
IC03675,11,2025-10-16 17:55:09,2025-10-31 12:14:00,2
IC02570,11,2025-09-01 01:03:09,2025-11-23 03:23:35,1
IC02566,11,2025-11-20 18:06:01,2025-11-23 12:06:20,1
IC01780,11,2025-09-01 23:12:43,2025-12-07 15:52:49,1
IC01651,11,2025-09-04 12:06:18,2025-12-10 08:31:24,3
IC01614,11,2025-09-24 12:07:25,2025-12-10 18:01:24,2
IC02820,11,2025-09-01 10:25:16,2025-11-13 18:51:57,2
IC04634,11,2025-09-06 22:32:13,2025-10-10 14:20:45,1
IC02896,11,2025-09-02 05:14:33,2025-11-12 00:57:01,2
IC05229,11,2025-09-20 09:06:12,2025-09-23 17:40:28,1
IC01988,11,2025-09-11 20:49:10,2025-12-02 12:03:01,1
IC00884,11,2025-09-23 05:58:32,2025-12-22 10:28:54,1
IC05205,11,2025-09-23 17:06:52,2025-09-23 18:00:21,2
IC04966,11,2025-09-04 12:00:06,2025-10-02 13:18:32,1
IC01871,11,2025-10-03 11:40:39,2025-12-04 23:43:09,1
IC00419,11,2025-09-10 16:55:15,2025-12-28 18:13:14,1
IC02552,11,2025-10-14 00:44:35,2025-11-24 08:32:44,2
IC00926,11,2025-09-13 17:35:17,2025-12-21 10:10:27,3
IC00925,10,2025-09-13 17:37:51,2025-12-21 10:10:31,2
IC02555,10,2025-09-10 16:11:50,2025-11-24 07:01:51,1
IC04276,10,2025-09-12 00:48:03,2025-10-16 18:03:45,2
IC00865,10,2025-09-17 12:49:06,2025-12-22 11:41:41,2
IC01770,10,2025-09-02 05:22:42,2025-12-08 03:03:58,1
IC05795,10,2025-09-11 21:06:55,2025-09-18 22:25:50,1
IC00519,10,2025-09-20 22:00:04,2025-12-27 09:37:03,2
IC01686,10,2025-09-15 16:20:10,2025-12-09 13:48:01,2
IC00494,10,2025-10-01 00:26:59,2025-12-27 18:21:30,1
IC00518,10,2025-10-22 18:39:21,2025-12-27 09:37:05,2
IC01323,10,2025-09-02 10:23:00,2025-12-16 01:24:24,2
IC01327,10,2025-09-13 06:32:39,2025-12-15 22:27:20,1
IC04695,10,2025-09-30 15:01:18,2025-10-08 16:49:25,1
IC00550,10,2025-12-10 17:05:11,2025-12-27 04:11:01,2
IC00452,10,2025-09-05 20:39:11,2025-12-28 03:54:03,2
IC00269,10,2025-10-26 10:33:10,2025-12-30 08:29:51,1
IC01042,10,2025-09-15 13:22:25,2025-12-19 19:00:09,2
IC03885,10,2025-09-08 13:35:36,2025-10-24 11:40:13,2
IC00580,10,2025-11-08 01:30:58,2025-12-26 21:37:31,2
IC01004,10,2025-10-19 00:31:10,2025-12-20 08:17:51,1
IC00966,10,2025-10-15 09:26:52,2025-12-21 00:05:25,2
IC00442,10,2025-12-10 16:48:42,2025-12-28 04:29:21,2
IC01450,10,2025-10-15 15:36:59,2025-12-15 14:28:30,1
IC01630,10,2025-10-01 02:27:08,2025-12-10 13:52:00,1
IC00666,10,2025-09-23 15:50:23,2025-12-25 01:50:34,3
IC02489,10,2025-10-05 23:45:05,2025-11-24 16:28:34,2
IC02559,10,2025-10-31 09:56:27,2025-11-23 22:37:08,2
IC02567,10,2025-11-20 18:05:52,2025-11-23 12:05:15,1
IC01229,10,2025-09-24 12:00:09,2025-12-17 15:09:03,2
IC00616,10,2025-10-12 21:06:59,2025-12-26 12:26:45,2
IC01059,10,2025-09-23 10:42:31,2025-12-19 15:32:16,2
IC02872,10,2025-10-01 00:32:19,2025-11-12 17:18:29,1
IC02899,10,2025-10-12 09:28:39,2025-11-11 22:07:46,2
IC01767,10,2025-09-06 23:15:17,2025-12-08 03:18:03,3
IC00946,10,2025-09-28 00:27:35,2025-12-21 03:26:51,2
IC01221,10,2025-09-22 10:50:16,2025-12-17 16:04:06,1
IC01088,10,2025-09-01 10:01:06,2025-12-19 10:02:56,4
IC01469,10,2025-09-15 15:56:16,2025-12-15 10:07:56,2
IC01831,10,2025-09-10 04:34:19,2025-12-05 13:49:58,2
IC00400,10,2025-10-03 22:09:07,2025-12-28 22:20:16,1
IC00822,10,2025-09-02 17:46:31,2025-12-22 22:24:33,1
IC02597,10,2025-11-20 06:05:33,2025-11-22 04:35:28,1
IC01812,10,2025-09-29 13:31:28,2025-12-06 06:32:54,3
IC02740,10,2025-09-24 04:35:08,2025-11-17 04:35:09,1
IC05890,10,2025-09-05 22:51:23,2025-09-15 13:49:41,2
IC00497,10,2025-09-06 18:13:54,2025-12-27 18:12:46,1
IC03834,10,2025-09-18 18:34:24,2025-10-26 03:23:52,1
IC00717,10,2025-09-01 00:26:44,2025-12-24 04:19:09,2
IC01530,10,2025-10-07 20:02:37,2025-12-12 20:43:51,1
IC05151,10,2025-09-08 18:44:30,2025-09-25 03:14:58,1
IC05131,10,2025-09-13 11:21:59,2025-09-25 13:33:52,1
IC02225,10,2025-11-20 18:11:25,2025-11-29 22:43:22,2
IC01496,10,2025-09-10 11:11:10,2025-12-14 12:19:06,2
IC00735,10,2025-09-01 10:23:39,2025-12-23 14:41:53,1
IC03551,10,2025-10-16 15:45:10,2025-11-04 13:28:52,2
IC02456,10,2025-09-04 20:09:34,2025-11-25 15:08:36,2
IC02981,10,2025-11-08 06:44:20,2025-11-08 20:02:51,1
IC05216,10,2025-09-20 09:48:38,2025-09-23 17:59:37,2
IC01588,10,2025-09-14 22:53:00,2025-12-11 12:58:44,2
IC01815,10,2025-09-09 06:08:32,2025-12-06 00:14:08,1
IC00726,10,2025-09-22 12:07:05,2025-12-23 18:38:51,3
IC00520,9,2025-11-08 01:31:02,2025-12-27 09:37:00,2
IC01493,9,2025-09-06 02:26:58,2025-12-15 00:21:30,1
IC01876,9,2025-09-10 16:12:47,2025-12-04 17:53:46,1
IC00832,9,2025-11-07 16:37:30,2025-12-22 18:13:49,1
IC00758,9,2025-09-28 03:37:31,2025-12-23 08:07:26,1
IC02606,9,2025-11-20 18:09:03,2025-11-22 04:33:40,1
IC01185,9,2025-09-04 14:17:42,2025-12-18 07:23:22,1
IC00723,9,2025-09-29 20:30:29,2025-12-23 21:15:31,3
IC00922,9,2025-10-26 01:58:17,2025-12-21 10:21:55,1
IC00902,9,2025-09-14 23:09:09,2025-12-21 23:10:10,1
IC01789,9,2025-09-16 17:50:36,2025-12-07 03:47:37,1
IC00118,9,2025-09-18 06:18:08,2025-12-31 06:13:57,1
IC01604,9,2025-09-07 20:54:34,2025-12-11 06:55:14,2
IC01991,9,2025-09-20 09:08:14,2025-12-02 11:36:42,1
IC00413,9,2025-10-16 17:56:28,2025-12-28 19:41:28,2
IC02595,9,2025-11-20 18:10:57,2025-11-22 04:35:44,1
IC02587,9,2025-11-20 18:08:23,2025-11-22 04:38:14,1
IC02594,9,2025-11-20 18:10:55,2025-11-22 04:35:53,1
IC00384,9,2025-10-19 03:31:36,2025-12-29 04:35:20,1
IC02591,9,2025-11-20 18:06:30,2025-11-22 04:37:19,1
IC02592,9,2025-11-20 18:06:17,2025-11-22 04:37:09,1
IC02593,9,2025-11-20 18:05:58,2025-11-22 04:36:10,1
IC05196,9,2025-09-23 17:07:05,2025-09-23 18:11:22,2
IC01559,9,2025-09-11 13:35:26,2025-12-12 12:19:28,2
IC02588,9,2025-11-20 18:08:19,2025-11-22 04:38:12,1
IC02589,9,2025-11-20 18:08:02,2025-11-22 04:38:04,1
IC02590,9,2025-11-20 18:07:42,2025-11-22 04:37:41,1
IC00359,9,2025-09-04 00:56:27,2025-12-29 14:42:34,2
IC02596,9,2025-11-20 18:10:45,2025-11-22 04:35:38,1
IC02266,9,2025-10-16 17:57:09,2025-11-28 10:53:54,3
IC02727,9,2025-09-03 10:45:46,2025-11-17 12:55:30,1
IC05927,9,2025-09-11 17:46:00,2025-09-13 07:07:28,2
IC05993,9,2025-09-09 10:51:06,2025-09-09 16:04:02,1
IC00295,9,2025-12-10 16:48:39,2025-12-30 04:11:46,2
IC02709,9,2025-10-05 13:50:59,2025-11-17 23:45:19,1
IC02604,9,2025-11-20 18:09:07,2025-11-22 04:33:47,1
IC01627,9,2025-09-20 09:08:17,2025-12-10 14:46:36,1
IC01783,9,2025-09-20 09:11:14,2025-12-07 13:31:40,1
IC01782,9,2025-09-20 09:11:22,2025-12-07 13:31:44,1
IC01653,9,2025-09-04 13:31:43,2025-12-10 05:08:53,3
IC01239,9,2025-09-16 02:04:33,2025-12-17 14:04:40,2
IC00643,9,2025-09-08 17:30:28,2025-12-25 22:02:46,3
IC02460,9,2025-11-25 12:42:28,2025-11-25 12:58:48,1
IC00617,9,2025-10-31 14:19:34,2025-12-26 12:17:53,1
IC00050,9,2025-12-23 21:47:30,2025-12-31 18:37:10,1
IC00634,9,2025-09-19 04:22:59,2025-12-26 06:30:58,2
IC01667,9,2025-09-13 08:28:51,2025-12-09 16:13:55,1
IC00678,9,2025-11-28 17:34:50,2025-12-24 15:49:52,3
IC00941,9,2025-09-06 05:59:21,2025-12-21 05:48:10,1
IC00664,9,2025-10-12 09:06:31,2025-12-25 03:38:54,1
IC00683,9,2025-09-08 10:43:36,2025-12-24 12:31:55,2
IC01628,9,2025-09-06 04:24:41,2025-12-10 14:34:00,3
IC01748,9,2025-09-10 15:27:02,2025-12-08 11:03:36,2
IC03879,9,2025-09-27 06:20:15,2025-10-24 11:58:14,1
IC02356,9,2025-09-02 12:10:00,2025-11-26 12:08:58,3
IC02134,9,2025-09-08 03:53:55,2025-12-01 23:05:07,2
IC00587,9,2025-09-20 21:52:29,2025-12-26 19:47:45,2
IC00335,9,2025-12-03 13:38:49,2025-12-29 20:24:24,2
IC01716,9,2025-09-04 00:14:44,2025-12-09 07:14:41,1
IC00989,9,2025-10-06 12:58:31,2025-12-20 12:34:35,2
IC00981,9,2025-10-16 05:18:26,2025-12-20 17:04:09,3
IC01050,9,2025-11-06 16:10:49,2025-12-19 16:46:38,1
IC04714,9,2025-10-02 22:44:13,2025-10-08 11:38:47,3
IC01329,9,2025-10-03 19:00:49,2025-12-15 21:40:19,1
IC02256,9,2025-10-18 19:28:25,2025-11-28 14:15:13,2
IC00482,9,2025-09-22 17:49:04,2025-12-27 21:20:06,2
IC05766,9,2025-09-13 17:37:53,2025-09-20 18:41:35,1
IC01019,9,2025-09-06 07:04:47,2025-12-20 00:50:06,1
IC00315,9,2025-11-30 12:31:41,2025-12-30 00:27:31,1
IC04675,9,2025-09-05 07:40:42,2025-10-09 09:27:15,3
IC00517,9,2025-09-20 21:58:54,2025-12-27 09:37:09,2
IC00544,9,2025-09-20 21:58:37,2025-12-27 05:12:28,2
IC02184,8,2025-11-21 14:53:08,2025-12-01 21:02:48,2
IC00541,8,2025-09-20 21:59:40,2025-12-27 05:12:37,2
IC02167,8,2025-09-07 06:01:59,2025-12-01 22:56:05,1
IC03829,8,2025-09-20 03:16:49,2025-10-26 16:09:33,3
IC01693,8,2025-10-31 18:11:30,2025-12-09 11:00:15,3
IC01006,8,2025-10-14 03:41:13,2025-12-20 07:12:43,2
IC06042,8,2025-09-05 04:45:20,2025-09-06 07:47:39,3
IC01331,8,2025-09-20 21:31:31,2025-12-15 21:35:37,2
IC01287,8,2025-09-07 18:49:56,2025-12-10 18:04:34,1
IC03860,8,2025-09-06 00:35:32,2025-10-24 20:07:52,2
IC02303,8,2025-09-10 15:43:34,2025-11-27 15:30:08,1
IC00460,8,2025-09-14 01:47:30,2025-12-28 01:47:14,1
IC00594,8,2025-09-17 09:32:07,2025-12-26 19:46:34,2
IC00061,8,2025-09-06 02:45:05,2025-12-31 16:03:50,2
IC03485,8,2025-09-04 05:07:35,2025-11-05 06:55:28,1
IC02427,8,2025-09-06 09:16:06,2025-11-26 05:20:24,3
IC02008,8,2025-09-02 08:29:29,2025-12-02 09:56:25,1
IC05273,8,2025-09-22 04:08:25,2025-09-23 06:38:45,1
IC02502,8,2025-11-08 10:33:02,2025-11-24 13:01:28,2
IC03271,8,2025-09-09 21:41:52,2025-11-05 07:25:39,3
IC00303,8,2025-09-15 03:01:42,2025-12-30 03:01:31,1
IC04711,8,2025-10-04 00:22:07,2025-10-08 11:42:49,2
IC04712,8,2025-10-04 00:22:05,2025-10-08 11:42:17,2
IC01761,8,2025-09-01 14:01:11,2025-12-08 09:02:25,2
IC00976,8,2025-09-12 08:12:59,2025-12-20 21:03:33,2
IC01473,8,2025-09-20 11:09:05,2025-12-15 09:32:40,3
IC03269,8,2025-09-10 15:28:04,2025-11-05 07:25:43,1
IC01961,8,2025-09-30 08:34:05,2025-12-02 23:36:27,2
IC05860,8,2025-09-01 10:25:29,2025-09-16 17:29:25,1
IC02711,8,2025-09-01 15:14:31,2025-11-17 19:39:29,1
IC03235,8,2025-09-10 15:24:30,2025-11-05 07:29:05,2
IC00297,8,2025-10-29 13:02:04,2025-12-30 04:08:45,2
IC00755,8,2025-10-22 09:06:54,2025-12-23 09:30:35,2
IC00767,8,2025-09-05 06:15:33,2025-12-23 02:27:20,2
IC00987,8,2025-09-20 21:59:58,2025-12-20 14:17:19,2
IC03012,8,2025-09-01 16:42:13,2025-11-07 05:06:28,1
IC01872,8,2025-10-13 09:25:43,2025-12-04 22:59:44,1
IC01494,8,2025-09-10 17:17:58,2025-12-14 22:03:49,1
IC01942,8,2025-10-21 08:32:29,2025-12-03 09:28:56,1
IC00841,8,2025-10-16 17:55:33,2025-12-22 15:13:28,2
IC01826,8,2025-09-01 11:14:09,2025-12-05 16:41:37,2
IC04188,8,2025-10-07 03:22:26,2025-10-18 21:16:28,1
IC04208,8,2025-10-11 08:00:40,2025-10-17 21:00:51,2
IC00823,8,2025-11-02 23:05:40,2025-12-22 21:48:57,2
IC00353,8,2025-09-22 06:54:01,2025-12-29 16:00:29,1
IC00910,8,2025-09-21 23:46:55,2025-12-21 16:52:19,2
IC01784,8,2025-09-02 15:57:36,2025-12-07 13:27:39,1
IC01148,8,2025-09-15 14:38:26,2025-12-18 14:22:25,1
IC00894,8,2025-10-08 15:53:20,2025-12-22 01:26:37,2
IC00344,8,2025-09-06 22:55:08,2025-12-29 17:14:55,1
IC04883,8,2025-10-03 19:02:14,2025-10-05 00:20:24,2
IC01631,8,2025-09-15 16:37:30,2025-12-10 13:47:16,1
IC03045,8,2025-10-16 17:59:56,2025-11-05 21:16:28,2
IC01610,8,2025-10-16 18:02:51,2025-12-11 00:32:26,2
IC04898,8,2025-10-04 00:21:24,2025-10-04 02:55:13,1
IC00923,8,2025-10-26 01:58:15,2025-12-21 10:19:44,1
IC00515,8,2025-10-22 21:30:57,2025-12-27 09:37:15,2
IC02187,8,2025-09-03 18:38:57,2025-12-01 17:22:26,2
IC00502,8,2025-09-23 01:42:08,2025-12-27 17:56:19,3
IC02922,8,2025-09-06 01:41:17,2025-11-11 08:57:37,3
IC00512,8,2025-09-20 21:59:51,2025-12-27 09:38:01,2
IC01330,8,2025-09-20 21:32:30,2025-12-15 21:35:39,2
IC03790,8,2025-09-04 03:25:48,2025-10-28 05:55:59,1
IC00553,8,2025-09-19 23:22:10,2025-12-27 04:02:51,2
IC00560,8,2025-10-25 02:38:44,2025-12-27 03:17:55,2
IC05746,7,2025-09-04 16:35:55,2025-09-22 00:08:33,1
IC01301,7,2025-09-25 13:07:50,2025-12-16 12:52:58,1
IC00198,7,2025-09-08 13:05:45,2025-12-31 02:55:06,2
IC02228,7,2025-10-16 17:57:32,2025-11-29 16:59:40,2
IC01689,7,2025-12-08 20:27:27,2025-12-09 12:33:31,2
IC01032,7,2025-09-19 22:47:57,2025-12-19 22:14:30,1
IC00562,7,2025-09-20 19:43:05,2025-12-27 03:01:22,2
IC00574,7,2025-11-28 22:36:20,2025-12-26 22:23:23,1
IC02220,7,2025-09-13 12:27:06,2025-11-30 13:15:11,1
IC01597,7,2025-09-12 01:02:09,2025-12-03 17:36:46,2
IC01768,7,2025-09-26 07:26:31,2025-12-08 03:16:26,1
IC01119,7,2025-11-06 16:44:50,2025-12-18 17:44:46,1
IC01776,7,2025-10-16 00:17:37,2025-12-07 22:15:13,1
IC00020,7,2025-09-22 22:26:19,2025-12-31 22:23:16,1
IC00525,7,2025-10-16 10:55:59,2025-12-27 07:35:35,2
IC00516,7,2025-11-08 01:31:33,2025-12-27 09:37:11,2
IC02746,7,2025-10-11 13:52:35,2025-11-16 23:15:37,1
IC02668,7,2025-09-01 17:43:59,2025-11-18 16:19:21,2
IC01884,7,2025-09-09 12:53:24,2025-12-04 16:01:23,1
IC02653,7,2025-09-22 18:02:58,2025-11-19 11:36:39,2
IC00222,7,2025-09-25 22:07:56,2025-12-30 23:02:49,1
IC02736,7,2025-10-16 20:07:45,2025-11-17 08:02:16,3
IC05082,7,2025-09-25 14:03:50,2025-09-28 02:29:10,1
IC01575,7,2025-09-17 15:26:42,2025-12-12 04:38:24,1
IC01807,7,2025-10-21 23:29:02,2025-12-06 21:27:54,1
IC00820,7,2025-09-02 09:35:01,2025-12-22 22:58:49,3
IC03165,7,2025-09-10 15:54:53,2025-11-05 07:37:39,1
IC01560,7,2025-09-11 13:38:18,2025-12-12 12:19:25,2
IC01565,7,2025-09-12 01:02:20,2025-12-12 10:20:54,1
IC01156,7,2025-10-01 19:09:54,2025-12-18 12:38:01,1
IC01828,7,2025-10-02 02:13:54,2025-12-05 15:44:57,1
IC04181,7,2025-10-20 00:15:35,2025-10-20 02:41:49,1
IC04295,7,2025-09-12 20:20:23,2025-10-16 18:02:41,2
IC01536,7,2025-10-09 15:54:19,2025-12-12 17:17:36,2
IC00354,7,2025-09-08 22:29:25,2025-12-29 15:52:51,1
IC03191,7,2025-09-10 15:44:27,2025-11-05 07:34:35,1
IC02261,7,2025-11-25 18:00:57,2025-11-28 12:21:55,1
IC03892,7,2025-09-22 05:27:36,2025-10-24 11:37:19,2
IC03624,7,2025-09-22 08:04:31,2025-11-01 20:03:58,1
IC03628,7,2025-09-10 09:16:27,2025-11-01 11:25:19,1
IC00591,7,2025-09-20 22:00:08,2025-12-26 19:47:33,2
IC01039,7,2025-09-23 04:59:41,2025-12-19 19:57:30,3
IC00196,7,2025-11-05 04:05:14,2025-12-31 03:08:01,1
IC01697,7,2025-09-03 12:29:03,2025-12-09 10:27:52,1
IC01048,7,2025-11-13 16:04:45,2025-12-19 16:48:49,1
IC01333,7,2025-11-08 01:30:47,2025-12-15 21:35:21,2
IC01334,7,2025-09-17 09:32:10,2025-12-15 21:35:08,2
IC00582,7,2025-10-22 19:06:19,2025-12-26 21:36:34,2
IC01388,7,2025-09-11 04:06:50,2025-12-15 17:37:27,1
IC01225,7,2025-10-01 10:00:21,2025-12-17 15:29:05,1
IC01255,7,2025-09-22 17:28:30,2025-12-17 09:04:00,1
IC00626,7,2025-11-01 08:09:00,2025-12-26 10:16:38,2
IC00588,7,2025-12-13 14:40:45,2025-12-26 19:47:42,2
IC00768,7,2025-09-16 03:24:18,2025-12-23 01:50:12,3
IC02613,7,2025-09-21 16:46:36,2025-11-21 20:10:22,1
IC03248,7,2025-10-28 15:14:40,2025-11-05 07:27:37,2
IC01212,7,2025-09-22 16:12:53,2025-12-17 18:42:40,2
IC00443,7,2025-12-10 17:31:29,2025-12-28 04:18:58,1
IC05287,7,2025-09-23 02:26:04,2025-09-23 03:53:54,1
IC05224,7,2025-09-06 00:25:16,2025-09-23 17:58:53,2
IC01661,7,2025-10-14 14:58:06,2025-12-09 18:29:37,2
IC00972,7,2025-09-17 09:32:08,2025-12-20 21:37:58,2
IC01725,7,2025-10-20 23:23:25,2025-12-08 19:36:41,1
IC01007,7,2025-09-09 18:56:24,2025-12-20 06:15:26,2
IC04058,7,2025-09-01 13:06:37,2025-10-23 09:27:29,1
IC01488,7,2025-09-19 03:18:21,2025-12-15 07:26:25,1
IC01498,7,2025-11-26 03:08:05,2025-12-14 09:49:43,2
IC01485,7,2025-09-26 18:43:47,2025-12-15 08:14:22,1
IC02700,7,2025-09-16 18:57:16,2025-11-18 07:18:12,1
IC02710,7,2025-09-13 20:30:10,2025-11-17 20:29:35,1
IC03236,7,2025-10-03 18:59:29,2025-11-05 07:28:41,1
IC03262,7,2025-09-10 15:31:42,2025-11-05 07:26:34,1
IC01640,7,2025-11-06 20:05:21,2025-12-10 09:39:40,2
IC00948,7,2025-09-12 01:09:31,2025-12-21 01:14:43,2
IC00949,7,2025-09-04 11:04:19,2025-12-21 01:14:41,2
IC00950,7,2025-09-16 10:27:57,2025-12-21 01:14:39,2
IC04863,7,2025-09-04 05:31:56,2025-10-06 20:20:46,2
IC02803,7,2025-10-05 19:19:32,2025-11-14 11:48:57,2
IC02712,7,2025-10-10 13:44:29,2025-11-17 19:38:20,1
IC01883,7,2025-09-09 12:52:27,2025-12-04 16:02:17,1
IC03849,7,2025-09-21 23:29:30,2025-10-25 05:29:32,2
IC01286,7,2025-10-07 10:22:43,2025-12-16 15:33:48,1
IC02163,7,2025-09-26 23:53:00,2025-12-01 22:56:57,3
IC01071,7,2025-09-16 03:16:42,2025-12-19 13:31:30,1
IC03214,6,2025-09-10 15:52:18,2025-11-05 07:32:27,1
IC00066,6,2025-11-25 14:48:22,2025-12-31 14:56:31,1
IC05166,6,2025-09-01 15:09:31,2025-09-24 14:29:02,1
IC01958,6,2025-10-05 16:35:09,2025-12-03 05:45:38,2
IC04204,6,2025-09-22 13:43:59,2025-10-18 03:15:35,2
IC04187,6,2025-10-02 21:20:15,2025-10-18 21:20:15,1
IC04991,6,2025-09-09 18:37:14,2025-10-01 20:34:39,2
IC01561,6,2025-09-09 11:52:35,2025-12-12 12:08:24,1
IC02757,6,2025-09-10 16:17:36,2025-11-16 01:27:40,1
IC02744,6,2025-09-18 22:19:21,2025-11-17 00:15:11,2
IC00821,6,2025-09-21 22:50:50,2025-12-22 22:29:35,1
IC02667,6,2025-09-04 21:35:14,2025-11-18 16:59:10,2
IC04446,6,2025-09-01 00:09:21,2025-10-16 17:54:04,3
IC04387,6,2025-09-09 20:44:24,2025-10-16 17:57:37,2
IC04901,6,2025-10-04 00:22:03,2025-10-04 00:25:07,2
IC04902,6,2025-10-04 00:22:39,2025-10-04 00:25:06,2
IC01778,6,2025-09-01 23:16:55,2025-12-07 15:56:53,1
IC01813,6,2025-11-03 10:45:27,2025-12-06 05:00:31,2
IC00887,6,2025-09-03 14:49:54,2025-12-22 07:10:47,2
IC04989,6,2025-09-30 16:49:15,2025-10-01 21:01:21,1
IC04441,6,2025-09-29 13:26:31,2025-10-16 17:54:22,3
IC01111,6,2025-09-12 09:52:22,2025-12-18 21:54:33,3
IC00909,6,2025-10-25 20:10:57,2025-12-21 17:38:52,1
IC00908,6,2025-09-21 04:17:42,2025-12-21 17:56:42,2
IC00899,6,2025-12-16 02:26:37,2025-12-21 23:19:57,1
IC00903,6,2025-11-23 22:35:56,2025-12-21 22:32:37,1
IC02776,6,2025-10-24 22:10:36,2025-11-15 16:18:59,2
IC05032,6,2025-09-09 02:39:25,2025-09-30 14:11:27,1
IC02234,6,2025-09-10 23:39:29,2025-11-29 06:31:14,2
IC02195,6,2025-10-22 23:52:28,2025-12-01 13:28:02,1
IC00543,6,2025-12-13 14:39:33,2025-12-27 05:12:33,2
IC01779,6,2025-09-01 23:13:47,2025-12-07 15:53:46,1
IC00916,6,2025-09-10 11:46:37,2025-12-21 13:48:46,2
IC02143,6,2025-09-28 12:33:31,2025-12-01 23:02:41,1
IC03805,6,2025-09-11 12:14:22,2025-10-27 16:10:13,1
IC03862,6,2025-09-04 22:44:47,2025-10-24 18:24:54,1
IC00576,6,2025-10-31 22:09:52,2025-12-26 22:18:47,1
IC06031,6,2025-09-07 19:41:30,2025-09-07 22:30:33,1
IC01269,6,2025-09-10 15:41:34,2025-12-16 21:13:52,1
IC02278,6,2025-10-20 06:41:47,2025-11-28 06:23:47,1
IC01556,6,2025-09-05 16:28:10,2025-12-12 13:23:45,1
IC05084,6,2025-09-05 15:23:44,2025-09-27 20:54:53,1
IC04990,6,2025-09-30 16:46:42,2025-10-01 20:57:50,1
IC02188,6,2025-10-12 21:19:22,2025-12-01 17:04:18,2
IC00742,6,2025-12-23 00:21:30,2025-12-23 12:42:55,1
IC00748,6,2025-10-23 11:11:25,2025-12-23 11:13:47,1
IC05851,6,2025-09-05 02:07:59,2025-09-17 05:43:15,1
IC04855,6,2025-09-14 06:23:15,2025-10-07 00:54:57,1
IC01487,6,2025-09-12 01:00:08,2025-12-15 07:41:51,2
IC03246,6,2025-09-10 16:19:10,2025-11-05 07:28:16,1
IC03244,6,2025-09-17 22:00:53,2025-11-05 07:28:23,1
IC04092,6,2025-09-21 13:55:47,2025-10-22 17:49:02,2
IC01976,6,2025-10-31 21:04:43,2025-12-02 15:56:59,1
IC03029,6,2025-09-22 05:21:40,2025-11-06 14:48:07,2
IC01781,6,2025-09-01 23:01:19,2025-12-07 15:39:00,1
IC02718,6,2025-09-02 09:55:15,2025-11-17 15:00:11,1
IC04545,6,2025-10-08 17:45:40,2025-10-15 08:11:53,2
IC01085,6,2025-09-15 01:42:33,2025-12-19 10:22:38,1
IC02998,6,2025-10-23 22:09:57,2025-11-07 22:00:13,1
IC01648,6,2025-10-03 16:13:51,2025-12-10 08:53:56,2
IC00620,6,2025-09-22 11:16:23,2025-12-26 11:59:44,2
IC05281,6,2025-09-12 21:38:57,2025-09-23 05:22:53,1
IC02574,6,2025-11-21 21:36:54,2025-11-22 23:09:39,2
IC00674,6,2025-09-02 10:37:01,2025-12-24 18:31:18,1
IC02494,6,2025-10-06 18:02:32,2025-11-24 15:12:06,2
IC02066,6,2025-10-07 10:27:36,2025-12-01 23:14:51,1
IC02065,6,2025-09-09 15:13:20,2025-12-01 23:14:53,2
IC01452,6,2025-12-10 11:48:18,2025-12-15 13:59:04,2
IC00332,6,2025-09-27 18:32:07,2025-12-29 20:32:42,1
IC01726,6,2025-09-01 08:49:13,2025-12-08 19:34:34,2
IC04833,6,2025-09-10 02:14:52,2025-10-07 10:21:31,3
IC01659,6,2025-12-04 22:07:51,2025-12-09 21:18:47,2
IC02982,6,2025-10-05 10:18:38,2025-11-08 16:38:45,3
IC01719,6,2025-09-30 08:59:59,2025-12-09 02:02:08,1
IC02890,6,2025-10-04 05:59:53,2025-11-12 10:08:51,1
IC02838,6,2025-09-04 18:10:23,2025-11-13 11:14:43,2
IC01194,6,2025-11-04 14:35:16,2025-12-18 01:40:59,1
IC04061,6,2025-09-02 09:47:15,2025-10-23 09:00:25,2
IC01198,6,2025-10-08 11:39:51,2025-12-17 23:44:57,2
IC00285,6,2025-10-14 09:38:17,2025-12-30 05:59:16,1
IC02799,6,2025-09-14 12:30:28,2025-11-14 12:32:17,1
IC02377,6,2025-10-02 21:42:17,2025-11-26 08:51:47,2
IC02090,6,2025-09-18 06:00:52,2025-12-01 23:11:54,1
IC00445,6,2025-12-10 17:08:28,2025-12-28 04:15:50,1
IC00597,6,2025-12-13 14:40:47,2025-12-26 19:46:26,2
IC00628,6,2025-09-22 08:47:56,2025-12-26 10:08:58,3
IC00447,6,2025-12-10 17:03:04,2025-12-28 04:10:40,1
IC02482,6,2025-10-07 22:27:23,2025-11-25 02:22:00,3
IC03570,6,2025-09-10 23:17:08,2025-11-04 07:21:26,2
IC03402,6,2025-09-10 15:40:07,2025-11-05 07:09:21,1
IC03607,6,2025-09-02 09:34:15,2025-11-02 20:30:13,2
IC00619,6,2025-10-16 18:02:32,2025-12-26 12:01:09,3
IC00590,6,2025-12-13 14:40:54,2025-12-26 19:47:35,2
IC02286,6,2025-09-28 16:14:54,2025-11-27 20:38:15,2
IC02321,6,2025-10-16 17:54:41,2025-11-27 09:45:56,1
IC02301,6,2025-09-17 09:41:07,2025-11-27 15:46:36,1
IC02082,6,2025-09-10 19:50:14,2025-12-01 23:12:54,1
IC06183,6,2025-09-03 10:18:56,2025-09-03 20:11:07,3
IC01238,6,2025-10-04 06:57:41,2025-12-17 14:09:52,1
IC01234,6,2025-11-13 17:06:40,2025-12-17 14:45:09,1
IC00595,6,2025-12-13 14:41:08,2025-12-26 19:46:31,2
IC00433,6,2025-11-22 15:51:35,2025-12-28 08:09:00,1
IC00593,6,2025-09-30 01:43:54,2025-12-26 19:46:36,2
IC00656,6,2025-12-20 14:30:22,2025-12-25 10:46:24,2
IC05960,6,2025-09-01 04:12:00,2025-09-11 17:38:51,1
IC01718,6,2025-10-04 21:30:19,2025-12-09 04:08:36,2
IC01336,6,2025-09-20 22:00:12,2025-12-15 21:34:56,2
IC00584,6,2025-11-16 19:08:59,2025-12-26 21:25:22,1
IC04706,6,2025-09-03 17:57:36,2025-10-08 13:50:24,2
IC04707,6,2025-10-02 22:34:24,2025-10-08 13:42:25,1
IC04661,6,2025-10-01 01:56:19,2025-10-09 16:38:26,1
IC04574,6,2025-09-02 06:19:17,2025-10-13 16:49:54,1
IC02929,6,2025-09-05 13:47:27,2025-11-11 04:44:51,2
IC01332,6,2025-09-16 13:19:55,2025-12-15 21:35:26,3
IC02172,6,2025-09-04 09:34:28,2025-12-01 22:55:42,1
IC01033,6,2025-09-19 22:47:55,2025-12-19 22:13:30,2
IC03851,6,2025-09-15 15:51:21,2025-10-25 03:33:20,1
IC02233,6,2025-09-23 17:37:39,2025-11-29 06:31:17,1
IC02232,6,2025-11-21 21:55:38,2025-11-29 08:24:08,2
IC00246,6,2025-10-11 11:53:18,2025-12-30 14:34:27,1
IC02263,6,2025-11-28 10:20:41,2025-11-28 12:00:17,2
IC02164,6,2025-10-08 11:40:57,2025-12-01 22:56:43,1
IC02161,6,2025-09-09 16:51:55,2025-12-01 22:57:39,1
IC02245,6,2025-09-10 01:34:56,2025-11-28 16:47:43,2
IC03824,5,2025-09-01 10:25:50,2025-10-27 03:50:50,1
IC00272,5,2025-09-22 08:04:07,2025-12-30 07:36:55,2
IC02178,5,2025-10-07 10:19:07,2025-12-01 22:54:46,1
IC02171,5,2025-09-30 05:09:54,2025-12-01 22:55:44,1
IC00567,5,2025-09-27 01:32:50,2025-12-27 00:52:33,2
IC00555,5,2025-12-10 17:25:05,2025-12-27 03:58:48,2
IC00545,5,2025-12-06 05:09:25,2025-12-27 05:10:23,1
IC00490,5,2025-09-08 20:11:49,2025-12-27 20:22:41,1
IC02284,5,2025-10-16 17:54:25,2025-11-27 23:00:22,2
IC01272,5,2025-10-20 17:12:15,2025-12-16 19:31:37,1
IC01271,5,2025-09-16 20:01:54,2025-12-16 19:56:25,2
IC02240,5,2025-10-10 17:34:07,2025-11-28 20:41:54,3
IC02237,5,2025-11-02 03:14:56,2025-11-29 00:49:12,2
IC00542,5,2025-11-08 01:30:31,2025-12-27 05:12:35,1
IC02262,5,2025-09-14 16:21:31,2025-11-28 12:18:22,3
IC02258,5,2025-09-22 04:40:37,2025-11-28 13:54:02,2
IC02257,5,2025-09-21 00:42:31,2025-11-28 14:00:38,3
IC02169,5,2025-10-07 10:31:15,2025-12-01 22:55:47,2
IC02166,5,2025-09-22 12:56:57,2025-12-01 22:56:39,1
IC03876,5,2025-09-23 16:21:41,2025-10-24 14:04:17,2
IC01262,5,2025-09-21 00:42:26,2025-12-17 04:33:49,3
IC00583,5,2025-12-13 14:40:40,2025-12-26 21:36:32,2
IC00581,5,2025-12-13 14:40:59,2025-12-26 21:36:36,2
IC02359,5,2025-11-26 11:09:18,2025-11-26 11:09:36,2
IC02351,5,2025-10-17 20:29:56,2025-11-26 15:37:07,1
IC02349,5,2025-09-08 23:30:34,2025-11-26 16:57:39,1
IC02345,5,2025-09-10 15:55:26,2025-11-26 19:13:05,1
IC02333,5,2025-09-09 19:36:34,2025-11-27 05:10:33,2
IC00637,5,2025-10-04 00:43:12,2025-12-26 02:45:38,1
IC02093,5,2025-09-08 15:42:03,2025-12-01 23:11:46,1
IC02081,5,2025-10-07 10:23:08,2025-12-01 23:12:56,1
IC02438,5,2025-10-16 20:07:40,2025-11-25 23:15:06,3
IC02392,5,2025-10-09 10:40:50,2025-11-26 08:43:35,2
IC00615,5,2025-09-09 23:14:28,2025-12-26 12:37:33,1
IC02477,5,2025-09-22 06:19:44,2025-11-25 08:56:17,2
IC03652,5,2025-09-22 05:58:16,2025-10-31 17:58:29,1
IC01341,5,2025-09-20 22:01:59,2025-12-15 20:56:32,2
IC05349,5,2025-09-10 16:58:08,2025-09-22 08:23:53,2
IC02053,5,2025-09-04 02:56:25,2025-12-01 23:17:51,1
IC02051,5,2025-10-04 13:26:02,2025-12-01 23:17:55,1
IC02049,5,2025-09-10 18:02:47,2025-12-01 23:18:02,2
IC02044,5,2025-09-04 09:42:43,2025-12-01 23:19:09,1
IC02070,5,2025-10-07 10:22:07,2025-12-01 23:13:55,1
IC02056,5,2025-10-07 10:33:54,2025-12-01 23:16:52,2
IC05271,5,2025-09-22 04:36:33,2025-09-23 07:19:10,2
IC02012,5,2025-11-12 16:37:28,2025-12-02 09:03:09,1
IC02035,5,2025-09-22 07:36:56,2025-12-01 23:21:02,2
IC00398,5,2025-11-04 19:24:53,2025-12-28 22:57:02,3
IC01993,5,2025-09-10 15:57:18,2025-12-02 11:33:31,1
IC02007,5,2025-10-02 09:38:54,2025-12-02 09:57:42,2
IC02609,5,2025-09-16 07:07:28,2025-11-22 01:39:35,2
IC01243,5,2025-09-05 16:08:12,2025-12-17 12:45:01,2
IC02652,5,2025-09-06 03:13:55,2025-11-19 11:38:56,3
IC05111,5,2025-09-10 15:27:40,2025-09-26 04:32:46,2
IC00813,5,2025-09-04 09:33:57,2025-12-23 00:04:04,1
IC01917,5,2025-10-07 10:23:24,2025-12-03 15:29:50,1
IC02719,5,2025-09-13 11:02:29,2025-11-17 14:57:55,1
IC00791,5,2025-10-01 15:02:58,2025-12-23 00:05:01,1
IC00801,5,2025-09-10 17:24:26,2025-12-23 00:04:35,1
IC01850,5,2025-09-06 07:05:05,2025-12-05 08:30:24,1
IC01893,5,2025-09-05 12:06:53,2025-12-04 10:40:21,1
IC01891,5,2025-11-23 17:26:23,2025-12-04 12:31:34,1
IC02730,5,2025-10-14 16:11:59,2025-11-17 10:27:11,1
IC02726,5,2025-11-04 19:08:37,2025-11-17 13:18:56,1
IC05054,5,2025-09-29 18:58:28,2025-09-29 20:11:56,3
IC05079,5,2025-09-04 09:46:15,2025-09-28 11:19:10,1
IC02755,5,2025-09-10 15:42:56,2025-11-16 01:28:37,1
IC02749,5,2025-09-06 12:54:28,2025-11-16 17:30:59,1
IC01837,5,2025-10-10 14:44:02,2025-12-05 11:41:40,2
IC05911,5,2025-09-14 10:38:37,2025-09-14 13:23:24,2
IC05074,5,2025-09-26 02:43:52,2025-09-29 01:30:35,1
IC05071,5,2025-09-15 10:17:53,2025-09-29 08:20:29,2
IC01829,5,2025-09-10 17:40:19,2025-12-05 15:24:02,1
IC01822,5,2025-09-01 20:14:25,2025-12-05 20:12:37,2
IC02759,5,2025-09-10 15:53:26,2025-11-16 01:27:18,1
IC02758,5,2025-09-10 15:52:03,2025-11-16 01:27:29,1
IC00893,5,2025-09-30 15:04:23,2025-12-22 02:45:35,1
IC00892,5,2025-10-01 10:17:40,2025-12-22 02:49:58,3
IC00870,5,2025-11-11 15:50:03,2025-12-22 11:02:20,1
IC01787,5,2025-11-06 09:37:42,2025-12-07 11:10:47,2
IC01786,5,2025-11-13 18:50:38,2025-12-07 12:17:06,2
IC02791,5,2025-09-04 15:34:13,2025-11-14 18:46:22,2
IC00906,5,2025-09-22 10:52:27,2025-12-21 19:58:58,2
IC04927,5,2025-09-04 05:52:56,2025-10-03 10:27:02,1
IC00927,5,2025-10-22 19:14:15,2025-12-21 10:02:18,2
IC00951,5,2025-10-13 20:42:05,2025-12-21 00:56:34,3
IC03403,5,2025-09-02 09:55:17,2025-11-05 07:08:20,1
IC03610,5,2025-09-22 05:09:47,2025-11-02 17:09:40,2
IC03582,5,2025-09-26 11:12:24,2025-11-03 14:45:03,2
IC00921,5,2025-11-22 08:13:45,2025-12-21 11:37:47,1
IC00919,5,2025-11-14 09:31:25,2025-12-21 12:04:54,1
IC00914,5,2025-10-15 20:00:05,2025-12-21 14:53:54,2
IC04843,5,2025-10-07 00:20:16,2025-10-07 10:20:13,2
IC02824,5,2025-09-23 17:38:06,2025-11-13 18:50:25,1
IC02816,5,2025-10-31 13:58:12,2025-11-14 00:51:34,3
IC02809,5,2025-10-31 13:57:34,2025-11-14 08:50:25,2
IC04740,5,2025-09-22 05:22:46,2025-10-08 07:37:08,2
IC00979,5,2025-11-23 04:06:32,2025-12-20 18:30:56,1
IC00331,5,2025-09-28 12:02:44,2025-12-29 20:33:45,1
IC02870,5,2025-09-08 09:43:16,2025-11-12 18:01:19,1
IC01222,5,2025-11-17 13:17:47,2025-12-17 15:37:40,1
IC01219,5,2025-09-04 09:33:48,2025-12-17 16:24:07,2
IC01218,5,2025-11-11 15:47:51,2025-12-17 16:42:41,1
IC03998,5,2025-09-02 09:27:49,2025-10-24 11:00:33,1
IC03996,5,2025-10-04 00:24:58,2025-10-24 11:32:14,1
IC01751,5,2025-09-22 07:03:48,2025-12-08 09:44:17,2
IC00319,5,2025-10-01 19:49:27,2025-12-29 23:31:35,1
IC02895,5,2025-10-27 08:34:38,2025-11-12 09:20:40,2
IC05972,5,2025-09-04 03:51:30,2025-09-10 23:43:13,3
IC01030,5,2025-10-24 22:09:17,2025-12-19 22:39:22,1
IC01028,5,2025-12-19 20:31:39,2025-12-19 22:56:30,1
IC01025,5,2025-10-17 23:12:04,2025-12-19 23:21:28,1
IC04689,5,2025-09-22 21:38:47,2025-10-08 22:08:57,2
IC01691,5,2025-12-08 20:30:10,2025-12-09 12:32:59,2
IC02937,5,2025-09-18 15:29:59,2025-11-10 16:12:40,2
IC03294,5,2025-09-19 17:49:40,2025-11-05 07:23:21,1
IC00228,5,2025-09-18 19:24:20,2025-12-30 21:27:50,3
IC04630,5,2025-09-06 07:06:00,2025-10-10 14:36:09,1
IC01683,5,2025-09-15 08:08:46,2025-12-09 14:13:52,1
IC02975,5,2025-09-18 08:48:38,2025-11-09 05:33:30,2
IC04572,5,2025-10-05 03:22:27,2025-10-13 18:15:20,1
IC01078,5,2025-09-24 11:59:44,2025-12-19 11:41:51,2
IC01076,5,2025-10-20 12:50:40,2025-12-19 11:54:37,2
IC01073,5,2025-09-23 13:31:58,2025-12-19 13:06:50,1
IC03006,5,2025-10-20 15:18:03,2025-11-07 11:11:18,2
IC04481,5,2025-09-29 09:27:46,2025-10-16 17:40:12,2
IC03028,5,2025-09-10 15:48:20,2025-11-06 14:54:29,1
IC03025,5,2025-09-11 11:37:50,2025-11-06 16:35:58,1
IC01611,5,2025-09-02 21:31:50,2025-12-10 23:03:28,2
IC03046,5,2025-11-05 18:18:22,2025-11-05 20:40:47,2
IC01096,5,2025-09-09 10:33:37,2025-12-19 08:37:37,2
IC01621,5,2025-12-01 22:55:58,2025-12-10 17:36:34,2
IC01619,5,2025-10-06 11:19:29,2025-12-10 17:43:50,3
IC01114,5,2025-09-18 16:52:51,2025-12-18 21:43:47,1
IC01202,5,2025-09-01 17:28:13,2025-12-17 21:57:33,2
IC03995,5,2025-10-04 00:25:09,2025-10-24 11:32:18,1
IC03318,5,2025-10-07 10:34:06,2025-11-05 07:19:30,1
IC01135,5,2025-09-18 15:39:53,2025-12-18 15:25:06,1
IC01574,5,2025-09-24 07:03:38,2025-12-12 07:10:22,2
IC03123,5,2025-09-09 16:49:50,2025-11-05 07:41:35,1
IC03110,5,2025-09-09 16:39:12,2025-11-05 07:42:38,1
IC01157,5,2025-09-12 19:37:31,2025-12-18 12:25:38,2
IC01122,5,2025-09-05 17:15:47,2025-12-18 16:27:59,1
IC04249,5,2025-10-03 22:29:41,2025-10-16 18:34:48,1
IC03173,5,2025-09-02 09:55:11,2025-11-05 07:36:30,1
IC03171,5,2025-09-10 15:55:28,2025-11-05 07:36:48,1
IC03167,5,2025-09-10 15:56:32,2025-11-05 07:37:29,1
IC04202,5,2025-09-20 00:36:21,2025-10-18 04:12:07,1
IC03258,5,2025-10-07 10:23:55,2025-11-05 07:26:38,1
IC01197,5,2025-12-02 02:23:13,2025-12-18 00:15:26,3
IC03278,5,2025-09-03 10:36:19,2025-11-05 07:25:23,1
IC03277,5,2025-09-04 09:34:26,2025-11-05 07:25:27,1
IC03274,5,2025-09-10 15:41:12,2025-11-05 07:25:33,1
IC01215,5,2025-12-02 13:18:24,2025-12-17 16:52:53,1
IC03215,5,2025-09-10 15:43:26,2025-11-05 07:32:19,1
IC04142,5,2025-10-06 13:20:53,2025-10-21 10:52:36,2
IC01175,5,2025-09-22 06:26:36,2025-12-18 09:10:41,2
IC01174,5,2025-09-19 08:45:50,2025-12-18 09:25:22,1
IC00299,5,2025-09-22 14:05:46,2025-12-30 03:54:02,1
IC01491,5,2025-09-03 10:15:12,2025-12-15 01:58:59,2
IC01520,5,2025-10-16 18:02:46,2025-12-13 06:10:50,1
IC01509,5,2025-09-17 09:38:07,2025-12-13 21:37:55,2
IC01186,5,2025-09-23 04:28:49,2025-12-18 06:59:38,2
IC04056,5,2025-09-15 16:22:55,2025-10-23 09:27:33,3
IC03245,5,2025-09-01 11:46:16,2025-11-05 07:28:17,1
IC04049,5,2025-10-23 02:10:16,2025-10-23 10:24:31,1
IC01466,5,2025-12-14 06:49:28,2025-12-15 10:27:17,2
IC01321,5,2025-11-24 02:06:24,2025-12-16 01:53:50,1
IC02235,5,2025-09-23 17:35:05,2025-11-29 06:25:43,1
IC02185,5,2025-11-07 16:08:56,2025-12-01 19:42:45,1
IC02182,5,2025-10-03 14:42:20,2025-12-01 22:53:46,1
IC00535,5,2025-09-13 17:37:55,2025-12-27 05:17:04,2
IC02223,5,2025-10-16 17:53:18,2025-11-30 08:31:39,2
IC02227,5,2025-09-01 01:01:51,2025-11-29 20:59:12,1
IC00504,5,2025-11-02 15:51:18,2025-12-27 13:23:50,2
IC00552,4,2025-12-10 17:08:30,2025-12-27 04:04:50,2
IC00472,4,2025-12-06 23:08:50,2025-12-27 23:10:41,1
IC02183,4,2025-09-10 15:42:23,2025-12-01 22:53:45,1
IC02189,4,2025-11-05 17:46:34,2025-12-01 16:46:56,1
IC00499,4,2025-10-10 13:55:34,2025-12-27 18:11:37,1
IC02177,4,2025-10-03 13:03:56,2025-12-01 22:54:49,1
IC06024,4,2025-09-04 14:13:05,2025-09-08 10:17:49,2
IC02141,4,2025-10-07 10:22:56,2025-12-01 23:02:43,1
IC05770,4,2025-09-20 06:16:23,2025-09-20 11:08:58,3
IC01475,4,2025-09-22 05:32:35,2025-12-15 09:05:24,3
IC05774,4,2025-09-20 05:16:40,2025-09-20 05:16:47,1
IC03884,4,2025-10-10 13:02:16,2025-10-24 11:40:42,1
IC02123,4,2025-09-12 15:56:29,2025-12-01 23:07:44,2
IC00596,4,2025-12-13 14:39:40,2025-12-26 19:46:29,1
IC00578,4,2025-12-21 20:21:32,2025-12-26 21:46:48,1
IC00589,4,2025-12-13 14:41:03,2025-12-26 19:47:40,1
IC02296,4,2025-10-17 14:28:34,2025-11-27 16:12:48,3
IC03732,4,2025-10-23 19:27:42,2025-10-29 16:43:04,2
IC03761,4,2025-09-22 06:26:44,2025-10-28 18:27:20,1
IC02100,4,2025-09-22 08:04:11,2025-12-01 23:10:57,2
IC02102,4,2025-10-07 10:22:02,2025-12-01 23:10:52,1
IC02389,4,2025-11-07 20:37:50,2025-11-26 08:49:38,1
IC05456,4,2025-09-02 09:43:50,2025-09-22 06:58:41,2
IC02390,4,2025-09-07 02:19:14,2025-11-26 08:48:36,1
IC02406,4,2025-10-15 20:23:55,2025-11-26 08:23:39,1
IC01180,4,2025-10-30 13:52:03,2025-12-18 08:43:52,2
IC04139,4,2025-10-08 12:17:45,2025-10-21 12:44:06,2
IC03272,4,2025-10-07 10:35:05,2025-11-05 07:25:37,1
IC04036,4,2025-10-06 10:43:16,2025-10-23 19:30:10,3
IC04037,4,2025-09-26 20:20:11,2025-10-23 18:33:26,1
IC04113,4,2025-09-22 04:40:39,2025-10-22 07:31:57,2
IC02451,4,2025-10-06 10:53:51,2025-11-25 16:07:30,2
IC02457,4,2025-10-23 19:26:37,2025-11-25 14:57:05,2
IC01345,4,2025-11-26 10:11:38,2025-12-15 18:26:35,1
IC03646,4,2025-09-22 07:25:53,2025-10-31 19:26:00,1
IC03648,4,2025-10-01 10:34:33,2025-10-31 18:00:38,1
IC03653,4,2025-09-22 05:57:39,2025-10-31 17:58:27,1
IC02481,4,2025-11-05 09:46:25,2025-11-25 04:46:27,1
IC00439,4,2025-12-08 17:21:26,2025-12-28 04:57:32,1
IC05849,4,2025-09-17 05:44:37,2025-09-17 06:12:13,1
IC05284,4,2025-09-22 04:38:17,2025-09-23 04:23:43,1
IC05302,4,2025-09-22 04:21:55,2025-09-22 19:50:59,1
IC02052,4,2025-10-04 22:35:36,2025-12-01 23:17:54,1
IC03221,4,2025-09-26 12:32:07,2025-11-05 07:31:21,1
IC03223,4,2025-10-07 10:23:19,2025-11-05 07:30:28,1
IC03185,4,2025-09-22 09:11:56,2025-11-05 07:35:21,2
IC03190,4,2025-10-07 10:20:48,2025-11-05 07:34:36,1
IC03194,4,2025-10-07 10:23:11,2025-11-05 07:34:29,1
IC01510,4,2025-09-14 16:43:22,2025-12-13 20:11:00,1
IC01522,4,2025-11-13 18:50:32,2025-12-13 05:18:54,1
IC00059,4,2025-11-09 02:17:55,2025-12-31 16:38:51,1
IC02468,4,2025-11-05 07:00:18,2025-11-25 09:48:50,1
IC02469,4,2025-09-04 09:44:45,2025-11-25 09:40:28,2
IC03694,4,2025-10-30 21:18:29,2025-10-31 02:13:26,2
IC03702,4,2025-09-22 05:58:04,2025-10-30 20:15:59,2
IC03708,4,2025-09-12 17:57:51,2025-10-30 17:21:47,2
IC01335,4,2025-11-08 01:30:39,2025-12-15 21:34:59,1
IC01343,4,2025-10-23 17:09:23,2025-12-15 19:48:56,1
IC02510,4,2025-09-26 15:25:46,2025-11-24 10:40:02,3
IC03257,4,2025-09-10 16:14:51,2025-11-05 07:27:02,1
IC03261,4,2025-09-04 09:33:24,2025-11-05 07:26:34,1
IC03209,4,2025-09-08 12:05:37,2025-11-05 07:32:43,1
IC03211,4,2025-10-07 10:31:22,2025-11-05 07:32:39,1
IC03213,4,2025-09-04 09:33:26,2025-11-05 07:32:34,1
IC02529,4,2025-09-04 09:31:58,2025-11-24 10:38:37,1
IC00435,4,2025-09-14 06:33:17,2025-12-28 06:33:15,1
IC02071,4,2025-10-07 10:23:50,2025-12-01 23:13:50,1
IC02032,4,2025-10-07 10:24:50,2025-12-01 23:23:06,1
IC02548,4,2025-10-14 15:50:28,2025-11-24 09:22:22,1
IC02010,4,2025-09-01 15:16:52,2025-12-02 09:23:49,1
IC05226,4,2025-09-05 00:19:38,2025-09-23 17:58:29,3
IC05243,4,2025-09-19 09:51:43,2025-09-23 17:28:23,1
IC05250,4,2025-09-03 12:54:04,2025-09-23 14:54:31,1
IC02568,4,2025-11-20 08:08:17,2025-11-23 08:20:33,1
IC02572,4,2025-11-07 19:28:43,2025-11-23 01:39:00,1
IC02580,4,2025-09-09 15:06:43,2025-11-22 10:55:50,3
IC04223,4,2025-09-15 00:03:30,2025-10-17 10:21:21,1
IC03168,4,2025-09-19 19:12:03,2025-11-05 07:37:27,1
IC03177,4,2025-10-07 10:31:18,2025-11-05 07:35:36,1
IC04239,4,2025-10-16 20:43:16,2025-10-16 21:00:09,3
IC02581,4,2025-09-18 11:43:33,2025-11-22 10:05:37,2
IC05211,4,2025-09-23 17:38:40,2025-09-23 17:59:58,1
IC02003,4,2025-09-02 09:54:22,2025-12-02 10:19:00,2
IC02004,4,2025-10-03 14:27:27,2025-12-02 10:05:31,2
IC00714,4,2025-10-16 19:07:41,2025-12-24 05:38:04,1
IC00721,4,2025-10-16 18:00:52,2025-12-24 00:07:54,2
IC05192,4,2025-09-20 14:22:23,2025-09-23 18:11:38,2
IC02015,4,2025-09-03 09:05:19,2025-12-02 08:52:52,2
IC05177,4,2025-09-23 17:37:56,2025-09-24 11:55:28,1
IC05186,4,2025-09-23 02:03:46,2025-09-24 00:43:07,1
IC05188,4,2025-09-04 11:22:17,2025-09-24 00:32:47,1
IC00744,4,2025-12-02 11:06:58,2025-12-23 12:00:15,1
IC03146,4,2025-10-07 10:31:03,2025-11-05 07:39:22,1
IC03166,4,2025-09-18 08:48:36,2025-11-05 07:37:35,2
IC03066,4,2025-09-22 08:04:13,2025-11-05 14:33:08,2
IC01589,4,2025-11-24 02:44:48,2025-12-11 12:46:27,1
IC01591,4,2025-09-23 17:59:43,2025-12-11 11:40:56,2
IC01595,4,2025-10-16 17:54:14,2025-12-11 10:25:18,3
IC01163,4,2025-09-10 11:41:16,2025-12-18 10:47:44,1
IC04203,4,2025-10-07 12:24:33,2025-10-18 04:11:51,2
IC00763,4,2025-10-18 17:36:47,2025-12-23 05:50:32,1
IC02649,4,2025-09-04 21:45:16,2025-11-19 13:13:30,1
IC02610,4,2025-10-21 16:40:55,2025-11-22 01:20:08,1
IC02614,4,2025-11-04 06:44:57,2025-11-21 18:24:59,2
IC02625,4,2025-11-20 16:08:29,2025-11-20 23:09:01,1
IC04408,4,2025-09-21 18:39:18,2025-10-16 17:56:33,2
IC04424,4,2025-09-10 00:58:09,2025-10-16 17:55:28,2
IC03321,4,2025-09-26 04:32:26,2025-11-05 07:19:13,1
IC03139,4,2025-09-10 15:57:26,2025-11-05 07:40:11,1
IC02628,4,2025-11-20 11:13:38,2025-11-20 11:41:23,1
IC01953,4,2025-09-02 14:58:43,2025-12-03 08:30:11,1
IC01960,4,2025-11-01 20:33:03,2025-12-03 00:31:32,1
IC00792,4,2025-09-23 12:37:42,2025-12-23 00:04:59,1
IC00796,4,2025-10-14 17:01:13,2025-12-23 00:04:48,2
IC01355,4,2025-10-11 13:23:20,2025-12-15 17:38:44,2
IC03690,4,2025-09-03 05:57:30,2025-10-31 05:57:26,1
IC01236,4,2025-09-16 18:32:07,2025-12-17 14:31:19,1
IC01241,4,2025-11-26 08:51:54,2025-12-17 13:29:34,2
IC01247,4,2025-12-17 11:17:51,2025-12-17 11:18:02,1
IC00773,4,2025-10-20 13:38:02,2025-12-23 00:05:50,2
IC00776,4,2025-10-14 17:01:07,2025-12-23 00:05:42,2
IC02642,4,2025-09-12 09:20:46,2025-11-19 16:08:55,1
IC02645,4,2025-09-02 09:27:18,2025-11-19 15:31:01,1
IC02647,4,2025-09-23 09:06:33,2025-11-19 14:28:05,3
IC05156,4,2025-09-17 20:29:17,2025-09-24 19:32:14,2
IC01208,4,2025-12-04 12:33:51,2025-12-17 20:33:53,1
IC01213,4,2025-10-16 18:03:51,2025-12-17 18:30:18,3
IC03055,4,2025-09-30 08:31:41,2025-11-05 15:57:32,1
IC03109,4,2025-09-18 08:31:19,2025-11-05 07:43:20,1
IC03111,4,2025-10-07 10:22:21,2025-11-05 07:42:35,1
IC03678,4,2025-09-16 15:29:39,2025-10-31 11:36:45,1
IC01932,4,2025-09-01 09:14:05,2025-12-03 09:56:44,2
IC01934,4,2025-12-03 00:37:57,2025-12-03 09:48:54,1
IC00074,4,2025-09-25 02:53:52,2025-12-31 13:11:35,1
IC02657,4,2025-09-22 04:37:36,2025-11-19 09:28:50,2
IC02661,4,2025-09-08 15:13:17,2025-11-19 01:23:44,2
IC00789,4,2025-09-22 06:59:44,2025-12-23 00:05:11,2
IC01910,4,2025-11-04 10:55:21,2025-12-03 20:48:07,1
IC02720,4,2025-10-07 10:20:09,2025-11-17 14:56:55,1
IC01090,4,2025-12-02 13:46:38,2025-12-19 09:50:37,3
IC01634,4,2025-10-14 12:11:31,2025-12-10 11:10:27,1
IC03042,4,2025-10-18 00:41:07,2025-11-06 02:19:38,1
IC01609,4,2025-09-02 07:30:07,2025-12-11 03:00:15,2
IC01612,4,2025-12-01 23:10:25,2025-12-10 18:07:38,2
IC03359,4,2025-09-10 15:48:02,2025-11-05 07:14:10,1
IC03360,4,2025-09-10 15:54:38,2025-11-05 07:13:51,1
IC01913,4,2025-09-30 15:43:17,2025-12-03 15:44:45,1
IC01914,4,2025-10-07 14:23:16,2025-12-03 15:42:28,1
IC01924,4,2025-10-16 17:54:20,2025-12-03 12:42:56,2
IC02708,4,2025-09-18 03:14:02,2025-11-17 23:45:21,1
IC01898,4,2025-09-02 08:33:07,2025-12-04 07:46:26,2
IC01892,4,2025-09-10 16:13:24,2025-12-04 10:57:19,2
IC00827,4,2025-12-22 14:55:59,2025-12-22 18:59:52,1
IC05098,4,2025-09-02 09:34:17,2025-09-26 14:26:33,2
IC01626,4,2025-09-23 15:51:24,2025-12-10 15:09:27,1
IC04452,4,2025-09-13 02:46:13,2025-10-16 17:53:44,3
IC03010,4,2025-09-23 09:05:23,2025-11-07 08:23:52,1
IC04494,4,2025-09-30 02:11:19,2025-10-16 10:44:37,1
IC04538,4,2025-09-18 13:48:27,2025-10-15 08:41:09,1
IC04542,4,2025-09-06 15:46:20,2025-10-15 08:40:36,1
IC00805,4,2025-10-14 17:00:35,2025-12-23 00:04:24,1
IC05116,4,2025-09-10 15:44:48,2025-09-26 04:32:10,1
IC00807,4,2025-10-10 09:30:36,2025-12-23 00:04:19,1
IC00809,4,2025-10-14 17:01:02,2025-12-23 00:04:14,2
IC02737,4,2025-10-19 09:16:25,2025-11-17 07:51:12,1
IC05083,4,2025-09-05 15:56:47,2025-09-27 20:58:51,2
IC00817,4,2025-10-14 17:00:13,2025-12-22 23:23:54,1
IC00819,4,2025-10-14 23:06:35,2025-12-22 23:06:54,1
IC05058,4,2025-09-23 17:38:38,2025-09-29 16:20:13,2
IC00857,4,2025-10-17 16:41:18,2025-12-22 12:53:48,2
IC02728,4,2025-09-24 13:28:52,2025-11-17 12:45:55,1
IC03639,4,2025-09-13 00:00:18,2025-11-01 00:00:09,1
IC04570,4,2025-10-13 13:22:38,2025-10-13 19:28:55,1
IC04598,4,2025-10-04 12:12:15,2025-10-13 03:17:17,1
IC04602,4,2025-09-29 15:16:32,2025-10-12 21:10:33,1
IC04614,4,2025-09-09 10:41:47,2025-10-11 14:21:35,1
IC01066,4,2025-10-03 14:55:17,2025-12-19 14:23:54,1
IC03023,4,2025-09-04 02:16:57,2025-11-06 17:20:21,1
IC03031,4,2025-09-21 00:43:33,2025-11-06 13:49:31,3
IC03032,4,2025-09-21 00:43:31,2025-11-06 12:24:42,2
IC03553,4,2025-10-16 17:56:03,2025-11-04 12:47:52,2
IC01834,4,2025-10-16 17:56:00,2025-12-05 12:27:41,3
IC01847,4,2025-09-21 00:43:39,2025-12-05 09:34:08,3
IC02751,4,2025-10-16 17:52:51,2025-11-16 12:11:28,2
IC02774,4,2025-09-06 12:06:00,2025-11-15 16:47:36,1
IC00355,4,2025-10-20 12:45:38,2025-12-29 15:52:29,1
IC05033,4,2025-09-09 02:39:28,2025-09-30 14:11:23,1
IC04632,4,2025-09-06 07:04:50,2025-10-10 14:35:04,1
IC04633,4,2025-09-06 07:03:38,2025-10-10 14:28:51,1
IC04643,4,2025-09-04 09:35:28,2025-10-10 10:57:56,2
IC01223,4,2025-11-10 15:27:54,2025-12-17 15:34:39,1
IC03371,4,2025-09-10 15:54:51,2025-11-05 07:12:49,1
IC01639,4,2025-10-30 09:10:09,2025-12-10 09:45:25,1
IC04552,4,2025-09-17 05:54:23,2025-10-14 19:42:32,1
IC05075,4,2025-09-26 02:32:46,2025-09-29 01:29:31,1
IC00844,4,2025-12-22 12:16:37,2025-12-22 14:06:32,2
IC03611,4,2025-10-23 15:26:41,2025-11-02 16:23:48,2
IC03614,4,2025-09-18 15:12:38,2025-11-02 12:43:09,1
IC03615,4,2025-10-26 17:21:42,2025-11-02 10:20:03,1
IC02781,4,2025-09-19 04:01:22,2025-11-15 11:44:28,3
IC03304,4,2025-09-10 15:57:59,2025-11-05 07:21:51,1
IC02931,4,2025-09-05 13:47:06,2025-11-10 23:04:04,1
IC02948,4,2025-09-06 21:34:53,2025-11-10 11:52:52,2
IC02950,4,2025-10-07 10:27:21,2025-11-10 11:21:41,2
IC01684,4,2025-10-08 17:56:26,2025-12-09 13:59:57,1
IC01658,4,2025-12-02 14:34:20,2025-12-09 21:40:19,1
IC04631,4,2025-09-06 07:04:51,2025-10-10 14:35:06,1
IC00911,4,2025-12-21 13:50:25,2025-12-21 16:03:57,1
IC04950,4,2025-10-02 16:53:37,2025-10-02 17:14:22,2
IC02756,4,2025-09-10 16:09:27,2025-11-16 01:28:24,1
IC01818,4,2025-09-15 20:52:32,2025-12-05 21:51:42,2
IC01824,4,2025-11-24 21:34:02,2025-12-05 17:38:44,1
IC04877,4,2025-10-04 01:00:18,2025-10-06 04:15:24,1
IC02790,4,2025-11-14 01:28:32,2025-11-14 19:40:55,2
IC01791,4,2025-09-30 00:24:21,2025-12-07 02:49:02,1
IC00942,4,2025-12-18 04:46:46,2025-12-21 04:47:16,1
IC05043,4,2025-09-18 02:35:46,2025-09-30 09:16:47,2
IC05052,4,2025-09-02 04:24:24,2025-09-30 00:23:15,1
IC02777,4,2025-09-29 11:29:02,2025-11-15 16:18:54,2
IC03587,4,2025-09-01 08:34:52,2025-11-03 12:30:40,2
IC01031,4,2025-10-28 04:26:36,2025-12-19 22:21:28,1
IC04713,4,2025-10-08 11:40:09,2025-10-08 11:40:15,1
IC04716,4,2025-10-08 10:05:56,2025-10-08 10:06:04,1
IC03386,4,2025-09-10 16:03:26,2025-11-05 07:10:33,1
IC03388,4,2025-09-04 09:43:47,2025-11-05 07:10:19,1
IC03285,4,2025-09-26 04:32:05,2025-11-05 07:23:59,1
IC03293,4,2025-10-07 10:23:37,2025-11-05 07:23:23,1
IC03415,4,2025-10-07 10:24:03,2025-11-05 07:07:22,1
IC03431,4,2025-09-14 09:46:54,2025-11-05 07:04:41,1
IC00337,4,2025-10-24 09:09:00,2025-12-29 18:59:19,1
IC02822,4,2025-09-20 09:07:25,2025-11-13 18:50:36,3
IC01763,4,2025-10-10 09:31:50,2025-12-08 08:59:36,2
IC02918,4,2025-10-14 04:50:35,2025-11-11 09:50:27,1
IC01737,4,2025-09-22 07:07:48,2025-12-08 14:47:41,2
IC06062,4,2025-09-04 16:50:41,2025-09-04 17:41:04,1
IC06066,4,2025-09-04 14:48:33,2025-09-04 15:54:15,1
IC01688,4,2025-12-08 20:30:38,2025-12-09 12:33:33,2
IC01690,4,2025-12-08 20:30:40,2025-12-09 12:33:28,2
IC00973,4,2025-12-13 14:40:33,2025-12-20 21:37:53,2
IC00983,4,2025-10-02 10:19:24,2025-12-20 16:29:56,2
IC01771,4,2025-09-06 09:16:47,2025-12-08 00:59:29,1
IC02801,4,2025-09-01 16:51:56,2025-11-14 12:17:29,3
IC03559,4,2025-09-17 17:00:18,2025-11-04 10:29:01,3
IC04741,4,2025-10-02 22:33:24,2025-10-08 07:37:03,1
IC04751,4,2025-09-23 11:07:55,2025-09-30 11:34:54,2
IC02841,4,2025-09-08 15:12:30,2025-11-13 10:42:33,1
IC02858,4,2025-09-22 05:16:36,2025-11-13 09:27:56,2
IC02810,4,2025-10-31 13:58:09,2025-11-14 08:50:22,1
IC03479,4,2025-10-03 14:45:35,2025-11-05 06:57:19,1
IC03483,4,2025-09-10 15:45:05,2025-11-05 06:55:49,1
IC01220,4,2025-10-10 12:09:53,2025-12-17 16:19:34,2
IC02873,4,2025-11-09 16:12:42,2025-11-12 17:08:24,1
IC02880,4,2025-10-07 10:28:27,2025-11-12 15:13:15,1
IC02889,4,2025-09-01 09:42:38,2025-11-12 10:20:21,1
IC00336,4,2025-10-16 17:42:10,2025-12-29 19:16:01,1
IC04724,4,2025-10-02 22:36:58,2025-10-08 09:12:24,1
IC04733,4,2025-10-02 23:46:03,2025-10-08 08:57:50,1
IC01001,4,2025-09-28 21:33:35,2025-12-20 09:39:21,2
IC02900,4,2025-11-08 17:55:09,2025-11-11 18:44:04,1
IC02179,4,2025-11-05 06:48:28,2025-12-01 22:54:43,1
IC02204,4,2025-09-09 15:38:37,2025-12-01 10:39:24,3
IC00254,4,2025-12-22 14:20:50,2025-12-30 10:48:21,1
IC03825,4,2025-09-17 16:42:32,2025-10-27 01:43:22,1
IC03850,4,2025-09-15 03:42:35,2025-10-25 03:42:31,2
IC02280,4,2025-11-04 18:44:53,2025-11-28 01:16:09,1
IC02241,4,2025-11-04 15:49:32,2025-11-28 20:00:09,2
IC01464,4,2025-12-04 23:32:07,2025-12-15 11:30:08,1
IC01470,4,2025-10-31 13:46:57,2025-12-15 09:53:59,1
IC03267,4,2025-10-07 10:22:51,2025-11-05 07:26:27,1
IC02198,4,2025-09-01 09:28:21,2025-12-01 11:32:58,1
IC02230,4,2025-11-19 10:39:53,2025-11-29 11:25:53,1
IC02153,3,2025-11-05 07:08:28,2025-12-01 22:58:47,1
IC02229,3,2025-10-07 10:21:54,2025-11-29 12:40:24,2
IC05764,3,2025-09-17 09:31:08,2025-09-20 21:36:28,2
IC05767,3,2025-09-11 11:24:41,2025-09-20 13:17:01,1
IC05768,3,2025-09-08 05:39:57,2025-09-20 11:56:49,1
IC01472,3,2025-11-23 21:05:53,2025-12-15 09:45:24,1
IC01299,3,2025-09-04 09:36:45,2025-12-16 13:18:54,2
IC03807,3,2025-10-26 09:09:39,2025-10-27 15:27:55,2
IC03804,3,2025-10-09 06:57:06,2025-10-27 16:21:00,1
IC03784,3,2025-09-19 14:13:34,2025-10-28 09:23:41,2
IC03780,3,2025-09-13 16:16:11,2025-10-28 10:20:32,2
IC01328,3,2025-09-12 01:02:31,2025-10-01 14:29:10,1
IC02246,3,2025-11-27 16:10:11,2025-11-28 16:00:40,1
IC06041,3,2025-09-02 12:07:43,2025-09-06 12:14:38,2
IC00268,3,2025-09-11 15:29:21,2025-12-30 09:00:36,2
IC01264,3,2025-12-17 02:16:55,2025-12-17 04:04:59,1
IC03243,3,2025-10-07 10:27:54,2025-11-05 07:28:25,1
IC01481,3,2025-09-04 09:37:02,2025-12-15 08:40:23,1
IC01482,3,2025-09-15 08:58:55,2025-12-15 08:35:23,1
IC01489,3,2025-11-25 12:22:30,2025-12-15 05:45:50,2
IC03247,3,2025-09-10 15:59:20,2025-11-05 07:27:56,1
IC03249,3,2025-10-07 10:20:27,2025-11-05 07:27:36,1
IC03251,3,2025-10-07 10:34:26,2025-11-05 07:27:34,1
IC03254,3,2025-09-22 03:58:38,2025-11-05 07:27:29,2
IC04053,3,2025-09-29 22:57:55,2025-10-23 09:50:26,2
IC05792,3,2025-09-04 13:58:39,2025-09-19 08:35:48,2
IC05806,3,2025-09-18 13:48:21,2025-09-18 13:48:25,1
IC00514,3,2025-12-15 17:37:40,2025-12-27 09:37:48,1
IC05752,3,2025-09-20 22:00:06,2025-09-21 09:36:55,3
IC04908,3,2025-09-21 20:07:15,2025-10-03 20:07:42,1
IC01774,3,2025-11-13 20:42:38,2025-12-07 22:33:27,3
IC03573,3,2025-10-18 16:51:28,2025-11-03 23:47:39,2
IC00986,3,2025-12-13 14:40:42,2025-12-20 14:17:33,1
IC04738,3,2025-10-03 00:26:10,2025-10-08 07:40:34,2
IC04743,3,2025-09-02 09:33:21,2025-10-08 02:10:39,2
IC04770,3,2025-09-06 15:05:53,2025-10-07 10:31:10,2
IC04772,3,2025-09-22 07:08:49,2025-10-07 10:31:00,2
IC04820,3,2025-09-04 05:54:48,2025-10-07 10:22:46,2
IC04827,3,2025-09-14 00:08:50,2025-10-07 10:21:46,3
IC02829,3,2025-09-02 14:42:49,2025-11-13 17:00:14,2
IC02830,3,2025-09-09 12:25:05,2025-11-13 16:24:22,1
IC02855,3,2025-09-04 09:36:05,2025-11-13 10:11:36,2
IC00935,3,2025-12-20 08:47:27,2025-12-21 08:47:09,1
IC01421,3,2025-10-23 12:21:35,2025-12-15 17:36:05,1
IC03473,3,2025-09-22 05:53:38,2025-11-05 06:58:18,2
IC02811,3,2025-10-22 18:01:24,2025-11-14 08:23:57,2
IC02825,3,2025-09-29 08:22:10,2025-11-13 18:50:23,2
IC01757,3,2025-12-01 22:57:40,2025-12-08 09:05:23,1
IC01766,3,2025-10-02 09:20:34,2025-12-08 03:25:22,1
IC01023,3,2025-12-01 22:57:59,2025-12-20 00:37:28,1
IC02859,3,2025-10-13 09:52:46,2025-11-13 09:27:53,1
IC01740,3,2025-10-08 08:19:18,2025-12-08 14:18:08,2
IC01744,3,2025-09-29 09:10:38,2025-12-08 12:30:17,1
IC01411,3,2025-09-10 14:23:35,2025-12-15 17:36:29,1
IC01416,3,2025-09-25 08:31:37,2025-12-15 17:36:18,1
IC04708,3,2025-10-01 14:11:53,2025-10-08 13:07:38,2
IC00207,3,2025-12-28 01:50:15,2025-12-31 01:29:04,1
IC02920,3,2025-09-22 06:54:40,2025-11-11 09:01:38,2
IC01692,3,2025-09-23 17:38:49,2025-12-09 11:33:24,2
IC04846,3,2025-09-02 09:44:42,2025-10-07 10:19:19,2
IC04854,3,2025-09-15 09:01:46,2025-10-07 05:41:24,2
IC01056,3,2025-09-22 04:24:41,2025-12-19 16:24:55,2
IC04680,3,2025-09-04 09:32:29,2025-10-09 09:00:14,1
IC05974,3,2025-09-10 17:24:29,2025-09-10 21:44:38,2
IC04715,3,2025-09-29 14:30:10,2025-10-08 10:32:58,1
IC04717,3,2025-10-03 00:25:01,2025-10-08 10:03:20,1
IC04719,3,2025-09-13 04:05:50,2025-10-08 09:28:22,2
IC04720,3,2025-09-02 09:27:12,2025-10-08 09:27:18,2
IC03387,3,2025-10-07 10:28:01,2025-11-05 07:10:22,1
IC03286,3,2025-09-04 08:49:26,2025-11-05 07:23:45,3
IC03417,3,2025-10-28 09:25:25,2025-11-05 07:07:17,1
IC03427,3,2025-09-10 16:17:35,2025-11-05 07:05:27,1
IC03449,3,2025-09-02 09:47:17,2025-11-05 07:02:31,1
IC02806,3,2025-10-16 18:02:26,2025-11-14 11:12:39,1
IC00338,3,2025-10-16 17:53:41,2025-12-29 18:53:57,2
IC00345,3,2025-12-19 09:44:56,2025-12-29 17:14:52,2
IC00347,3,2025-12-19 09:45:25,2025-12-29 17:14:28,2
IC01827,3,2025-10-30 08:47:09,2025-12-05 16:41:22,2
IC02767,3,2025-09-22 05:36:39,2025-11-16 00:48:17,2
IC04882,3,2025-09-30 08:41:27,2025-10-05 01:16:53,2
IC04895,3,2025-09-02 15:11:57,2025-10-04 04:06:22,2
IC04925,3,2025-09-02 14:29:07,2025-10-03 10:40:42,2
IC04928,3,2025-09-17 03:44:00,2025-10-03 10:26:42,1
IC00904,3,2025-09-16 13:26:46,2025-12-21 22:25:20,1
IC02789,3,2025-10-17 19:11:19,2025-11-15 04:40:07,1
IC02795,3,2025-09-01 10:50:40,2025-11-14 15:36:29,2
IC01769,3,2025-10-16 18:00:11,2025-12-08 03:05:33,2
IC00944,3,2025-12-10 17:43:53,2025-12-21 04:02:57,2
IC03591,3,2025-09-24 15:29:39,2025-11-03 11:05:53,2
IC03597,3,2025-09-03 16:43:43,2025-11-03 09:29:30,2
IC01392,3,2025-10-10 09:31:52,2025-12-15 17:37:18,1
IC03888,3,2025-10-10 05:45:17,2025-10-24 11:38:39,1
IC03400,3,2025-10-28 18:07:45,2025-11-05 07:09:29,1
IC02782,3,2025-10-24 11:35:32,2025-11-15 11:43:24,1
IC02788,3,2025-10-17 19:11:24,2025-11-15 04:41:20,1
IC04985,3,2025-09-02 09:44:03,2025-10-02 07:29:52,2
IC00872,3,2025-10-18 05:57:47,2025-12-22 10:56:21,2
IC03300,3,2025-10-07 10:24:16,2025-11-05 07:22:39,1
IC04654,3,2025-09-08 07:32:46,2025-10-10 08:21:25,2
IC01694,3,2025-12-09 10:50:20,2025-12-09 10:50:25,1
IC01695,3,2025-12-09 10:50:13,2025-12-09 10:50:18,1
IC02954,3,2025-10-02 17:03:25,2025-11-10 10:17:16,1
IC02966,3,2025-10-21 13:09:56,2025-11-09 21:27:44,1
IC02988,3,2025-09-03 18:36:20,2025-11-08 09:36:33,2
IC01662,3,2025-09-24 11:59:39,2025-12-09 17:48:56,2
IC04629,3,2025-09-09 09:21:41,2025-10-10 15:10:17,1
IC00885,3,2025-09-26 18:04:37,2025-12-22 09:46:35,1
IC00889,3,2025-09-02 10:58:03,2025-12-22 04:35:53,1
IC01816,3,2025-10-28 11:56:10,2025-12-05 23:37:29,2
IC05000,3,2025-09-24 20:10:51,2025-10-01 13:01:50,2
IC04635,3,2025-09-06 07:01:37,2025-10-10 14:01:54,1
IC01230,3,2025-10-14 17:01:17,2025-12-17 14:54:19,1
IC03368,3,2025-09-17 21:56:42,2025-11-05 07:13:20,1
IC01441,3,2025-10-21 11:27:38,2025-12-15 17:29:30,1
IC03384,3,2025-10-06 14:45:00,2025-11-05 07:11:24,2
IC01098,3,2025-09-18 08:50:55,2025-12-19 08:23:59,1
IC04544,3,2025-10-07 10:21:17,2025-10-15 08:14:32,3
IC01074,3,2025-10-22 16:47:28,2025-12-19 13:01:29,1
IC01079,3,2025-09-03 14:24:01,2025-12-19 11:34:50,2
IC00839,3,2025-10-16 14:32:49,2025-12-22 15:52:45,1
IC05926,3,2025-09-13 06:54:15,2025-09-13 07:11:32,2
IC03620,3,2025-10-11 00:12:20,2025-11-01 23:13:25,1
IC03622,3,2025-11-01 20:45:23,2025-11-01 20:56:33,2
IC03623,3,2025-11-01 20:44:15,2025-11-01 20:56:29,2
IC02779,3,2025-10-02 23:32:12,2025-11-15 12:30:09,1
IC01084,3,2025-10-15 15:13:05,2025-12-19 10:23:12,2
IC04587,3,2025-09-02 09:37:13,2025-10-13 10:03:53,2
IC04612,3,2025-10-11 14:36:08,2025-10-11 16:11:28,1
IC01058,3,2025-09-21 06:14:01,2025-12-19 15:54:53,2
IC01061,3,2025-09-05 15:53:56,2025-12-19 15:06:52,2
IC03024,3,2025-10-13 16:16:04,2025-11-06 17:08:30,1
IC03030,3,2025-11-06 14:47:03,2025-11-06 14:48:05,1
IC03034,3,2025-09-23 17:39:01,2025-11-06 11:20:11,2
IC03545,3,2025-09-02 09:29:29,2025-11-04 15:53:03,1
IC01401,3,2025-11-05 07:18:39,2025-12-15 17:36:53,2
IC03554,3,2025-10-24 11:37:35,2025-11-04 12:36:30,2
IC02747,3,2025-09-17 22:08:49,2025-11-16 21:00:44,1
IC02748,3,2025-10-05 10:40:12,2025-11-16 20:52:49,1
IC01838,3,2025-10-06 20:18:52,2025-12-05 11:35:52,1
IC02772,3,2025-11-15 18:25:13,2025-11-15 18:42:01,2
IC04998,3,2025-09-23 18:00:24,2025-10-01 14:36:49,2
IC05120,3,2025-09-10 15:53:27,2025-09-26 04:31:56,1
IC05124,3,2025-09-19 09:16:19,2025-09-25 21:53:10,2
IC00785,3,2025-09-22 05:35:40,2025-12-23 00:05:21,2
IC00786,3,2025-10-14 17:00:04,2025-12-23 00:05:19,1
IC00806,3,2025-11-13 12:18:18,2025-12-23 00:04:22,2
IC00808,3,2025-10-14 17:00:33,2025-12-23 00:04:16,1
IC02738,3,2025-11-16 07:45:49,2025-11-17 07:45:55,1
IC00849,3,2025-11-25 18:00:59,2025-12-22 13:26:34,1
IC00850,3,2025-11-25 18:27:05,2025-12-22 13:26:29,1
IC00851,3,2025-12-16 13:42:26,2025-12-22 13:19:31,1
IC02731,3,2025-11-16 09:36:53,2025-11-17 09:37:01,1
IC03630,3,2025-09-22 07:25:56,2025-11-01 09:56:57,2
IC01366,3,2025-09-22 06:19:50,2025-12-15 17:38:19,2
IC03515,3,2025-09-02 09:44:44,2025-11-05 06:50:17,1
IC03525,3,2025-09-22 14:02:56,2025-11-05 06:46:24,1
IC03528,3,2025-09-22 05:34:41,2025-11-05 02:29:13,2
IC05102,3,2025-09-25 10:17:12,2025-09-26 11:29:23,1
IC05109,3,2025-09-10 16:05:55,2025-09-26 04:33:09,1
IC01624,3,2025-10-17 20:52:38,2025-12-10 16:46:35,1
IC04476,3,2025-09-02 00:58:54,2025-10-16 17:52:38,2
IC04489,3,2025-09-24 11:57:58,2025-10-16 12:20:29,2
IC01666,3,2025-09-22 06:59:46,2025-12-09 16:26:17,2
IC03002,3,2025-09-14 18:18:52,2025-11-07 15:26:54,1
IC03018,3,2025-11-06 22:55:12,2025-11-06 22:55:15,2
IC03022,3,2025-09-22 05:58:18,2025-11-06 17:57:46,1
IC03061,3,2025-09-23 17:38:46,2025-11-05 15:36:52,2
IC04491,3,2025-10-16 11:18:00,2025-10-16 11:18:05,1
IC04507,3,2025-09-12 15:49:21,2025-10-15 15:26:42,1
IC00804,3,2025-10-14 17:00:22,2025-12-23 00:04:28,1
IC05112,3,2025-09-10 15:43:24,2025-09-26 04:32:40,1
IC05114,3,2025-09-10 15:50:01,2025-09-26 04:32:30,1
IC05119,3,2025-09-10 17:20:45,2025-09-26 04:31:58,1
IC02717,3,2025-09-19 09:13:20,2025-11-17 15:12:42,1
IC03053,3,2025-10-10 08:37:58,2025-11-05 16:20:15,2
IC01617,3,2025-10-30 09:23:17,2025-12-10 17:52:03,2
IC01618,3,2025-09-11 11:51:47,2025-12-10 17:51:00,3
IC04561,3,2025-09-30 13:06:21,2025-10-14 05:49:07,1
IC04566,3,2025-09-22 05:49:48,2025-10-13 20:44:27,2
IC03358,3,2025-10-07 10:34:21,2025-11-05 07:14:19,1
IC03989,3,2025-09-22 08:19:56,2025-10-24 11:33:42,1
IC03994,3,2025-10-10 14:18:06,2025-10-24 11:33:20,1
IC01201,3,2025-09-22 01:20:32,2025-12-17 22:16:57,1
IC02701,3,2025-10-31 05:20:19,2025-11-18 05:15:15,2
IC01902,3,2025-10-25 10:10:19,2025-12-04 01:22:31,1
IC01903,3,2025-10-16 18:01:16,2025-12-04 00:59:44,2
IC01907,3,2025-10-10 02:53:01,2025-12-03 23:42:49,2
IC01909,3,2025-11-26 07:02:28,2025-12-03 21:02:37,1
IC01875,3,2025-12-03 13:24:13,2025-12-04 18:11:41,1
IC03662,3,2025-10-30 17:57:44,2025-10-31 17:57:21,1
IC03677,3,2025-09-22 14:56:33,2025-10-31 11:46:26,2
IC01350,3,2025-11-05 07:22:44,2025-12-15 17:38:55,1
IC00812,3,2025-10-14 17:00:25,2025-12-23 00:04:07,1
IC00814,3,2025-10-14 17:01:28,2025-12-23 00:03:58,1
IC00815,3,2025-09-02 09:27:41,2025-12-23 00:03:55,1
IC02650,3,2025-11-09 17:23:09,2025-11-19 12:53:38,1
IC01929,3,2025-09-17 04:36:49,2025-12-03 11:45:39,2
IC01938,3,2025-10-09 18:06:16,2025-12-03 09:31:33,1
IC00067,3,2025-09-12 15:07:44,2025-12-31 14:45:31,1
IC02664,3,2025-09-06 21:30:04,2025-11-18 18:56:26,2
IC02669,3,2025-09-18 09:14:42,2025-11-18 16:14:00,1
IC02673,3,2025-11-11 09:34:03,2025-11-18 15:40:07,1
IC02676,3,2025-09-18 15:17:43,2025-11-18 15:05:21,1
IC00787,3,2025-10-14 17:00:15,2025-12-23 00:05:16,1
IC01911,3,2025-10-16 15:59:01,2025-12-03 19:58:17,3
IC01210,3,2025-10-16 17:43:56,2025-12-17 20:19:07,1
IC01211,3,2025-10-02 15:08:28,2025-12-17 19:29:55,2
IC01109,3,2025-10-24 22:11:37,2025-12-19 01:49:06,1
IC01116,3,2025-09-02 20:26:22,2025-12-18 19:55:15,2
IC03056,3,2025-10-23 17:59:02,2025-11-05 15:53:24,2
IC03058,3,2025-09-15 09:16:18,2025-11-05 15:52:15,1
IC03107,3,2025-10-07 10:34:08,2025-11-05 07:43:25,1
IC03113,3,2025-09-20 09:35:40,2025-11-05 07:42:31,1
IC03125,3,2025-09-09 15:16:22,2025-11-05 07:41:32,1
IC03134,3,2025-09-30 13:26:42,2025-11-05 07:40:20,2
IC05157,3,2025-09-17 20:17:45,2025-09-24 19:31:33,2
IC05169,3,2025-09-24 11:57:48,2025-09-24 11:58:06,1
IC00772,3,2025-12-03 22:26:45,2025-12-23 00:29:20,1
IC03657,3,2025-09-22 05:58:09,2025-10-31 17:57:30,1
IC03658,3,2025-09-22 05:57:35,2025-10-31 17:57:28,1
IC03661,3,2025-09-22 05:57:53,2025-10-31 17:57:23,1
IC01948,3,2025-09-02 08:30:43,2025-12-03 08:48:57,2
IC01951,3,2025-09-22 08:04:04,2025-12-03 08:35:22,2
IC01955,3,2025-10-24 12:14:35,2025-12-03 07:17:37,1
IC00795,3,2025-10-14 17:00:50,2025-12-23 00:04:51,1
IC03891,3,2025-09-17 09:29:47,2025-10-24 11:37:25,1
IC03898,3,2025-10-10 13:20:40,2025-10-24 11:36:30,1
IC03910,3,2025-10-10 13:43:07,2025-10-24 11:36:09,1
IC00779,3,2025-10-14 17:00:38,2025-12-23 00:05:35,1
IC02637,3,2025-10-10 15:05:33,2025-11-19 18:12:57,1
IC02648,3,2025-09-09 09:10:23,2025-11-19 14:09:16,2
IC02686,3,2025-11-05 06:55:30,2025-11-18 10:51:16,1
IC02689,3,2025-10-23 08:25:57,2025-11-18 10:15:09,2
IC05127,3,2025-09-02 09:55:09,2025-09-25 18:28:07,2
IC05141,3,2025-09-20 09:21:33,2025-09-25 11:26:36,1
IC05150,3,2025-09-25 04:31:39,2025-09-25 05:03:23,1
IC01207,3,2025-09-29 15:05:49,2025-12-17 21:03:03,2
IC05880,3,2025-09-09 09:43:38,2025-09-16 00:23:24,1
IC00393,3,2025-11-23 12:25:18,2025-12-29 01:47:29,1
IC02611,3,2025-10-16 18:03:53,2025-11-22 00:43:07,1
IC01585,3,2025-09-04 12:30:11,2025-12-11 14:26:08,2
IC01586,3,2025-11-24 14:56:03,2025-12-11 13:51:55,2
IC01132,3,2025-11-26 09:58:25,2025-12-18 15:31:18,2
IC04388,3,2025-09-29 04:19:13,2025-10-16 17:57:35,2
IC01106,3,2025-10-24 14:22:56,2025-12-19 04:28:34,2
IC01107,3,2025-09-30 15:39:30,2025-12-19 03:54:33,2
IC03342,3,2025-09-18 10:39:49,2025-11-05 07:16:25,1
IC04289,3,2025-09-17 15:12:24,2025-10-16 18:03:06,2
IC04329,3,2025-10-16 04:18:50,2025-10-16 18:01:02,3
IC01126,3,2025-09-19 09:23:25,2025-12-18 15:45:17,1
IC03135,3,2025-10-07 10:24:21,2025-11-05 07:40:19,1
IC03144,3,2025-10-07 10:35:21,2025-11-05 07:39:24,1
IC02632,3,2025-10-25 23:16:17,2025-11-20 00:39:43,1
IC03157,3,2025-10-15 21:05:58,2025-11-05 07:38:24,1
IC03158,3,2025-10-15 21:05:02,2025-11-05 07:38:20,1
IC01557,3,2025-10-09 14:05:27,2025-12-12 12:51:37,1
IC03089,3,2025-09-03 10:22:40,2025-11-05 07:48:39,2
IC04126,3,2025-09-10 11:04:25,2025-10-15 08:48:44,2
IC04128,3,2025-09-02 09:35:27,2025-10-21 15:18:06,2
IC04189,3,2025-10-11 00:19:17,2025-10-18 18:16:21,1
IC04209,3,2025-09-10 15:20:59,2025-10-17 20:43:23,1
IC00745,3,2025-11-11 20:22:58,2025-12-23 11:40:49,2
IC00747,3,2025-10-16 16:10:28,2025-12-23 11:15:50,1
IC01966,3,2025-11-13 17:35:46,2025-12-02 19:36:10,1
IC01971,3,2025-09-20 17:10:08,2025-12-02 17:15:55,2
IC01977,3,2025-10-01 10:01:05,2025-12-02 15:35:06,1
IC00782,3,2025-09-02 09:29:34,2025-12-23 00:05:28,1
IC00753,3,2025-11-17 13:44:18,2025-12-23 09:57:50,1
IC05175,3,2025-09-01 18:23:58,2025-09-24 11:55:39,2
IC00426,3,2025-09-22 02:45:32,2025-12-28 15:42:06,2
IC02530,3,2025-10-14 16:59:46,2025-11-24 10:38:35,2
IC02535,3,2025-09-22 06:20:37,2025-11-24 10:38:12,2
IC02536,3,2025-09-04 09:33:50,2025-11-24 10:38:10,2
IC05214,3,2025-09-23 17:33:04,2025-09-23 17:59:46,1
IC01987,3,2025-09-09 10:12:55,2025-12-02 12:22:50,1
IC05197,3,2025-09-20 09:06:19,2025-09-23 18:03:14,1
IC05201,3,2025-09-20 10:54:02,2025-09-23 18:00:46,2
IC05855,3,2025-09-16 03:12:54,2025-09-16 19:25:05,1
IC05193,3,2025-09-23 17:59:33,2025-09-23 18:11:36,1
IC05194,3,2025-09-23 17:59:48,2025-09-23 18:11:34,1
IC00397,3,2025-12-16 06:30:25,2025-12-28 23:17:43,1
IC02014,3,2025-10-03 14:46:08,2025-12-02 08:52:55,1
IC02022,3,2025-10-16 18:02:55,2025-12-02 01:13:28,1
IC05180,3,2025-09-23 10:33:21,2025-09-24 11:09:57,1
IC05181,3,2025-09-19 09:46:30,2025-09-24 10:08:08,1
IC03172,3,2025-10-07 10:40:45,2025-11-05 07:36:36,1
IC03182,3,2025-10-07 10:22:09,2025-11-05 07:35:28,1
IC01542,3,2025-11-21 13:38:26,2025-12-12 15:48:33,1
IC01546,3,2025-09-12 14:27:55,2025-12-12 15:23:48,1
IC01548,3,2025-09-15 09:14:56,2025-12-12 15:11:31,1
IC01145,3,2025-11-13 18:33:53,2025-12-18 14:29:32,1
IC03275,3,2025-09-01 13:06:44,2025-11-05 07:25:32,2
IC03276,3,2025-09-04 09:34:35,2025-11-05 07:25:30,1
IC01456,3,2025-12-02 11:50:19,2025-12-15 13:44:04,1
IC01457,3,2025-12-02 11:50:15,2025-12-15 13:44:01,1
IC01187,3,2025-09-18 08:32:13,2025-12-18 05:53:36,2
IC01193,3,2025-09-04 09:43:48,2025-12-18 02:00:05,2
IC02586,3,2025-11-13 18:56:36,2025-11-22 05:49:49,1
IC00418,3,2025-12-21 18:17:55,2025-12-28 18:27:30,1
IC00422,3,2025-12-05 18:07:17,2025-12-28 17:19:06,1
IC00424,3,2025-11-13 18:50:40,2025-12-28 16:46:20,1
IC02501,3,2025-09-19 07:09:49,2025-11-24 13:09:00,2
IC02503,3,2025-10-26 06:44:14,2025-11-24 12:58:16,1
IC02504,3,2025-10-10 08:18:44,2025-11-24 12:16:03,1
IC02537,3,2025-10-14 17:01:55,2025-11-24 10:38:08,2
IC02026,3,2025-12-01 23:28:15,2025-12-02 00:02:58,2
IC02027,3,2025-09-04 10:54:42,2025-12-01 23:25:06,2
IC02028,3,2025-10-07 10:30:52,2025-12-01 23:24:05,1
IC02029,3,2025-11-05 07:09:17,2025-12-01 23:24:02,1
IC02034,3,2025-11-05 07:08:29,2025-12-01 23:23:01,1
IC02543,3,2025-10-14 17:01:39,2025-11-24 10:36:46,1
IC02545,3,2025-09-25 13:01:25,2025-11-24 10:17:42,2
IC05252,3,2025-09-02 09:30:29,2025-09-23 14:18:24,2
IC05254,3,2025-09-15 21:27:09,2025-09-23 12:46:14,1
IC02025,3,2025-10-16 18:03:07,2025-12-02 01:13:05,1
IC02569,3,2025-11-22 21:52:48,2025-11-23 06:17:48,1
IC02573,3,2025-11-17 22:13:08,2025-11-23 00:01:34,2
IC02521,3,2025-09-22 05:50:41,2025-11-24 10:39:04,2
IC01460,3,2025-09-17 12:09:33,2025-12-15 12:53:54,2
IC01532,3,2025-11-03 13:21:50,2025-12-12 17:51:51,1
IC03203,3,2025-11-05 07:02:23,2025-11-05 07:33:27,1
IC03204,3,2025-09-27 15:32:43,2025-11-05 07:33:25,1
IC03205,3,2025-10-13 14:03:53,2025-11-05 07:33:22,2
IC03206,3,2025-09-18 18:57:23,2025-11-05 07:33:19,1
IC04152,3,2025-10-16 18:02:56,2025-10-21 03:11:19,2
IC04173,3,2025-09-23 17:59:50,2025-10-20 11:48:30,2
IC04179,3,2025-10-13 10:05:19,2025-10-20 08:23:59,2
IC04185,3,2025-09-21 10:42:50,2025-10-18 22:42:34,2
IC03220,3,2025-10-07 10:35:10,2025-11-05 07:31:26,1
IC02523,3,2025-10-14 16:59:53,2025-11-24 10:38:58,2
IC02525,3,2025-10-14 15:55:17,2025-11-24 10:38:45,1
IC02492,3,2025-11-03 08:54:27,2025-11-24 15:46:07,2
IC02499,3,2025-09-02 09:36:57,2025-11-24 13:50:00,2
IC05441,3,2025-09-22 07:05:32,2025-09-22 07:05:46,1
IC03184,3,2025-10-07 10:23:05,2025-11-05 07:35:25,1
IC03193,3,2025-09-04 02:56:27,2025-11-05 07:34:30,1
IC03198,3,2025-09-04 09:15:40,2025-11-05 07:34:19,1
IC01523,3,2025-12-13 04:03:33,2025-12-13 04:31:29,1
IC03273,3,2025-10-07 10:21:51,2025-11-05 07:25:34,1
IC01507,3,2025-11-16 00:47:08,2025-12-13 23:39:03,2
IC01500,3,2025-09-22 07:24:54,2025-12-14 07:31:38,1
IC03234,3,2025-09-22 09:37:44,2025-11-05 07:29:25,2
IC03239,3,2025-09-10 16:17:31,2025-11-05 07:28:34,1
IC06185,3,2025-09-03 16:43:54,2025-09-03 17:35:39,2
IC01344,3,2025-09-22 05:49:45,2025-12-15 19:30:16,2
IC05276,3,2025-09-16 04:54:49,2025-09-23 05:55:46,1
IC05283,3,2025-09-21 21:15:31,2025-09-23 04:32:47,1
IC02055,3,2025-10-07 10:24:47,2025-12-01 23:16:54,2
IC02520,3,2025-10-14 17:00:20,2025-11-24 10:39:08,2
IC05306,3,2025-09-03 19:57:25,2025-09-22 17:54:58,2
IC02118,3,2025-09-26 04:33:25,2025-12-01 23:08:32,1
IC02363,3,2025-11-26 10:42:07,2025-11-26 10:42:13,2
IC02364,3,2025-11-26 10:40:28,2025-11-26 10:41:49,2
IC02365,3,2025-11-26 10:41:26,2025-11-26 10:41:30,2
IC03723,3,2025-10-23 17:40:54,2025-10-30 08:23:36,2
IC03643,3,2025-10-30 09:24:40,2025-10-31 21:24:24,1
IC03645,3,2025-09-22 08:04:25,2025-10-31 20:04:20,1
IC03656,3,2025-09-22 05:58:06,2025-10-31 17:58:21,1
IC00440,3,2025-12-10 16:48:44,2025-12-28 04:46:03,2
IC00641,3,2025-10-08 11:37:23,2025-12-25 22:51:44,1
IC00681,3,2025-11-21 14:26:02,2025-12-24 13:39:44,1
IC02045,3,2025-10-07 10:19:01,2025-12-01 23:19:03,1
IC02054,3,2025-09-28 11:13:10,2025-12-01 23:17:03,2
IC05225,3,2025-09-23 17:58:28,2025-09-23 17:58:38,1
IC05309,3,2025-09-20 03:55:24,2025-09-22 14:29:01,2
IC05705,3,2025-09-02 09:35:18,2025-09-22 04:16:39,2
IC02403,3,2025-09-20 08:28:54,2025-11-26 08:29:36,1
IC02439,3,2025-10-08 20:11:39,2025-11-25 21:22:59,2
IC03242,3,2025-09-06 14:55:24,2025-11-05 07:28:27,1
IC00292,3,2025-11-15 20:23:16,2025-12-30 05:05:18,1
IC04081,3,2025-09-05 11:45:22,2025-10-23 02:39:32,1
IC04082,3,2025-09-08 15:47:57,2025-10-22 22:08:46,1
IC04083,3,2025-09-24 20:24:44,2025-10-22 22:08:38,1
IC04086,3,2025-10-07 10:37:34,2025-10-22 20:20:46,1
IC04145,3,2025-10-20 18:12:08,2025-10-21 09:47:21,1
IC04151,3,2025-10-16 18:04:03,2025-10-21 03:16:29,2
IC04098,3,2025-09-22 06:58:46,2025-10-22 14:25:44,2
IC04117,3,2025-10-16 07:43:59,2025-10-22 05:43:08,3
IC02444,3,2025-09-19 16:42:47,2025-11-25 17:37:42,2
IC02078,3,2025-10-07 10:34:10,2025-12-01 23:13:02,1
IC06182,3,2025-09-03 16:43:27,2025-09-03 20:25:24,2
IC03764,3,2025-10-10 14:38:21,2025-10-28 15:56:26,1
IC03769,3,2025-09-06 07:01:20,2025-10-28 14:51:21,1
IC03770,3,2025-09-01 08:24:37,2025-10-28 14:30:34,2
IC02366,3,2025-11-26 10:40:21,2025-11-26 10:40:25,2
IC02370,3,2025-10-01 10:30:10,2025-11-26 09:18:56,1
IC02091,3,2025-11-05 06:57:20,2025-12-01 23:11:52,1
IC02097,3,2025-10-06 11:15:08,2025-12-01 23:11:03,2
IC02103,3,2025-10-07 10:24:42,2025-12-01 23:10:50,1
IC02388,3,2025-10-20 07:54:18,2025-11-26 08:49:46,1
IC00600,3,2025-09-12 07:20:37,2025-12-26 19:10:23,2
IC00602,3,2025-12-13 14:39:31,2025-12-26 19:02:36,1
IC02135,3,2025-10-07 10:21:03,2025-12-01 23:04:40,1
IC02137,3,2025-09-28 11:13:08,2025-12-01 23:04:02,2
IC02342,3,2025-11-26 22:39:52,2025-11-26 22:39:56,1
IC02344,3,2025-09-25 12:27:41,2025-11-26 21:00:52,2
IC05576,3,2025-09-22 05:33:16,2025-09-22 05:50:37,1
IC05763,3,2025-09-20 20:03:06,2025-09-20 22:00:02,2
IC03691,3,2025-09-20 17:57:14,2025-10-31 05:57:25,1
IC02306,3,2025-09-11 10:28:15,2025-11-27 14:56:14,1
IC02309,3,2025-09-22 05:31:35,2025-11-27 14:41:34,2
IC02310,3,2025-09-22 05:23:38,2025-11-27 14:31:30,2
IC02124,3,2025-11-23 03:02:48,2025-12-01 23:07:40,1
IC02125,3,2025-11-30 00:22:38,2025-12-01 23:07:37,1
IC05721,3,2025-09-03 16:43:29,2025-09-22 03:55:43,2
IC02361,3,2025-11-26 10:42:26,2025-11-26 10:42:30,2
IC02362,3,2025-11-26 10:42:11,2025-11-26 10:42:17,2
IC02108,3,2025-09-26 01:01:20,2025-12-01 23:10:23,1
IC02113,3,2025-10-07 10:30:34,2025-12-01 23:09:49,1
IC02117,3,2025-10-03 19:24:52,2025-12-01 23:08:50,1
IC00607,3,2025-12-14 03:53:46,2025-12-26 17:07:50,1
IC02287,3,2025-09-30 16:10:21,2025-11-27 20:03:01,2
IC03731,3,2025-09-23 02:21:26,2025-10-29 17:33:48,1
IC02239,3,2025-09-20 11:09:00,2025-11-28 23:08:57,2
IC05839,3,2025-09-01 09:42:33,2025-09-17 09:43:11,1
IC02193,3,2025-10-09 19:48:51,2025-12-01 15:09:00,2
IC02174,3,2025-10-07 10:21:56,2025-12-01 22:55:39,1
IC02175,3,2025-10-07 10:28:24,2025-12-01 22:55:37,1
IC05818,3,2025-09-17 23:27:36,2025-09-18 00:20:08,2
IC02248,3,2025-11-18 08:06:33,2025-11-28 14:52:47,2
IC02158,3,2025-09-02 09:55:13,2025-12-01 22:57:43,1
IC02165,3,2025-10-07 10:19:22,2025-12-01 22:56:42,1
IC03864,3,2025-09-04 09:36:25,2025-10-24 15:44:45,1
IC03875,3,2025-09-02 10:59:08,2025-10-24 14:20:54,2
IC01280,3,2025-11-18 19:39:05,2025-12-16 18:12:25,1
IC06036,3,2025-09-03 05:23:35,2025-09-07 02:38:47,1
IC03772,3,2025-10-27 18:47:36,2025-10-28 13:22:34,1
IC03773,3,2025-10-14 07:02:23,2025-10-28 12:22:53,1
IC03776,3,2025-10-14 14:32:32,2025-10-28 11:07:16,2
IC03482,3,2025-10-07 10:35:13,2025-11-05 06:56:26,1
IC03484,3,2025-09-10 16:17:33,2025-11-05 06:55:47,1
IC03508,3,2025-11-03 10:15:23,2025-11-05 06:51:06,1
IC04008,3,2025-10-09 06:40:12,2025-10-24 06:47:23,1
IC00985,3,2025-12-13 14:41:06,2025-12-20 14:17:36,1
IC01703,3,2025-09-01 08:12:57,2025-12-09 09:46:31,2
IC01707,3,2025-10-14 17:01:05,2025-12-09 09:14:16,1
IC01708,3,2025-09-09 14:30:05,2025-12-09 09:01:53,1
IC01714,3,2025-12-09 08:47:40,2025-12-09 08:47:45,1
IC03813,3,2025-09-21 19:45:21,2025-10-27 11:13:19,2
IC03817,3,2025-10-08 08:25:21,2025-10-27 10:14:57,2
IC06221,3,2025-09-02 15:51:28,2025-09-03 00:09:16,2
IC03856,3,2025-09-23 17:38:33,2025-10-24 20:59:28,2
IC05779,3,2025-09-19 16:39:30,2025-09-19 16:42:22,1
IC00598,3,2025-12-18 04:36:37,2025-12-26 19:46:22,1
IC02272,3,2025-10-14 17:01:24,2025-11-28 09:20:26,1
IC06242,2,2025-09-02 12:03:50,2025-09-02 13:56:02,1
IC06245,2,2025-09-02 12:51:57,2025-09-02 12:55:10,1
IC06247,2,2025-09-02 09:11:45,2025-09-02 11:34:44,2
IC02217,2,2025-11-29 20:24:01,2025-11-30 15:46:26,1
IC02186,2,2025-09-02 09:29:10,2025-12-01 19:16:30,2
IC02196,2,2025-12-01 10:48:05,2025-12-01 13:07:24,2
IC06248,2,2025-09-02 10:15:19,2025-09-02 10:15:21,1
IC06226,2,2025-09-02 20:44:57,2025-09-02 21:19:31,1
IC06237,2,2025-09-02 08:42:56,2025-09-02 18:50:14,2
IC00064,2,2025-12-15 06:52:45,2025-12-31 15:10:20,1
IC06218,2,2025-09-03 06:53:13,2025-09-03 06:55:52,1
IC06223,2,2025-09-02 22:51:24,2025-09-02 22:53:49,1
IC06186,2,2025-09-03 16:44:32,2025-09-03 17:35:34,1
IC00166,2,2025-10-16 17:54:31,2025-12-31 04:19:30,1
IC06170,2,2025-09-01 15:14:46,2025-09-04 08:26:47,1
IC06171,2,2025-09-04 08:16:29,2025-09-04 08:24:23,1
IC06145,2,2025-09-01 08:49:15,2025-09-04 09:35:32,1
IC02224,2,2025-09-15 17:49:06,2025-11-30 05:36:49,2
IC02173,2,2025-09-22 08:35:54,2025-12-01 22:55:39,2
IC02176,2,2025-11-06 17:58:40,2025-12-01 22:55:06,2
IC02180,2,2025-10-07 10:25:00,2025-12-01 22:54:40,1
IC02181,2,2025-11-05 07:36:22,2025-12-01 22:54:38,1
IC02244,2,2025-11-26 08:38:59,2025-11-28 18:28:21,2
IC02213,2,2025-09-30 07:38:07,2025-11-30 23:59:09,2
IC06126,2,2025-09-01 03:41:37,2025-09-04 09:36:32,1
IC06067,2,2025-09-04 14:16:55,2025-09-04 14:16:57,2
IC06068,2,2025-09-01 11:06:05,2025-09-04 12:00:16,1
IC06075,2,2025-09-03 08:51:48,2025-09-04 09:44:42,1
IC06050,2,2025-09-03 02:46:31,2025-09-05 17:10:53,1
IC06051,2,2025-09-05 15:18:33,2025-09-05 15:55:18,2
IC06057,2,2025-09-04 10:47:27,2025-09-05 03:06:25,2
IC06040,2,2025-09-06 17:37:36,2025-09-06 17:37:38,1
IC00261,2,2025-12-15 17:36:07,2025-12-30 09:40:16,1
IC02160,2,2025-11-05 07:04:33,2025-12-01 22:57:41,1
IC02162,2,2025-10-31 08:12:56,2025-12-01 22:57:07,2
IC02251,2,2025-10-07 08:24:02,2025-11-28 14:34:07,1
IC02252,2,2025-09-04 09:39:29,2025-11-28 14:34:05,1
IC02253,2,2025-09-30 09:30:07,2025-11-28 14:34:00,1
IC02201,2,2025-11-15 12:56:08,2025-12-01 10:57:52,2
IC02221,2,2025-09-30 12:11:36,2025-11-30 12:22:47,1
IC02222,2,2025-11-29 11:42:18,2025-11-30 09:46:07,1
IC06032,2,2025-09-07 16:14:07,2025-09-07 16:22:45,1
IC06001,2,2025-09-09 10:35:24,2025-09-09 10:46:33,2
IC06014,2,2025-09-08 17:30:20,2025-09-08 17:30:22,1
IC05989,2,2025-09-02 09:44:03,2025-09-10 09:48:00,2
IC06000,2,2025-09-03 18:55:30,2025-09-09 13:33:23,1
IC05967,2,2025-09-01 09:28:14,2025-09-11 11:02:41,1
IC05979,2,2025-09-10 15:29:15,2025-09-10 15:45:10,1
IC00333,2,2025-10-07 10:27:31,2025-12-29 20:32:39,1
IC05941,2,2025-09-01 05:57:07,2025-09-12 17:56:49,1
IC02270,2,2025-11-05 07:17:36,2025-11-28 09:35:37,1
IC02271,2,2025-09-02 09:29:53,2025-11-28 09:23:09,1
IC02138,2,2025-11-05 07:40:25,2025-12-01 23:03:49,1
IC02154,2,2025-11-05 06:53:29,2025-12-01 22:58:45,1
IC00342,2,2025-10-16 18:01:34,2025-12-29 17:57:47,1
IC00343,2,2025-12-19 18:43:00,2025-12-29 17:46:32,2
IC00352,2,2025-09-10 10:01:04,2025-12-29 16:14:22,2
IC05947,2,2025-09-10 19:58:53,2025-09-12 14:30:50,1
IC00372,2,2025-09-02 09:30:10,2025-12-29 09:43:47,1
IC05928,2,2025-09-12 18:19:51,2025-09-13 06:19:51,1
IC05930,2,2025-09-06 00:32:06,2025-09-13 01:04:13,1
IC05908,2,2025-09-02 00:27:02,2025-09-14 19:15:49,1
IC05909,2,2025-09-07 19:12:27,2025-09-14 19:12:35,1
IC05912,2,2025-09-11 04:50:44,2025-09-14 08:53:19,1
IC05913,2,2025-09-14 00:33:59,2025-09-14 04:10:05,1
IC05914,2,2025-09-13 23:46:14,2025-09-14 04:09:58,1
IC05915,2,2025-09-14 02:22:03,2025-09-14 04:01:00,1
IC05919,2,2025-09-12 17:08:10,2025-09-14 01:43:13,2
IC02260,2,2025-11-28 10:57:41,2025-11-28 12:40:26,2
IC02267,2,2025-11-05 16:18:50,2025-11-28 10:02:08,1
IC05893,2,2025-09-02 09:29:59,2025-09-15 11:01:40,1
IC05898,2,2025-09-07 07:24:36,2025-09-15 09:26:36,2
IC05901,2,2025-09-08 12:59:18,2025-09-15 07:28:12,2
IC05902,2,2025-09-07 05:01:06,2025-09-15 01:49:15,1
IC05873,2,2025-09-15 08:01:04,2025-09-16 06:56:08,1
IC00423,2,2025-12-28 16:47:08,2025-12-28 16:47:40,2
IC05881,2,2025-09-02 09:37:00,2025-09-16 00:08:18,1
IC05864,2,2025-09-10 15:25:02,2025-09-16 16:23:35,2
IC05867,2,2025-09-09 15:01:06,2025-09-16 13:30:55,1
IC05869,2,2025-09-16 09:16:55,2025-09-16 09:21:07,1
IC05872,2,2025-09-06 02:56:05,2025-09-16 08:05:48,1
IC05845,2,2025-09-16 18:31:23,2025-09-17 09:19:54,2
IC02297,2,2025-11-02 20:35:17,2025-11-27 16:10:06,1
IC02299,2,2025-10-27 10:31:37,2025-11-27 15:53:52,1
IC02302,2,2025-10-28 15:00:30,2025-11-27 15:38:44,1
IC02312,2,2025-11-14 10:46:38,2025-11-27 14:14:38,1
IC02140,2,2025-10-07 10:34:24,2025-12-01 23:02:45,1
IC02145,2,2025-11-12 15:49:59,2025-12-01 23:00:58,2
IC00508,2,2025-12-08 22:22:27,2025-12-27 11:10:46,1
IC00485,2,2025-12-27 21:14:53,2025-12-27 21:14:58,1
IC05853,2,2025-09-15 22:54:51,2025-09-16 21:47:02,1
IC05832,2,2025-09-02 09:43:54,2025-09-17 13:43:28,1
IC05837,2,2025-09-17 10:04:34,2025-09-17 10:05:47,1
IC00524,2,2025-12-26 22:08:06,2025-12-27 08:33:21,1
IC05820,2,2025-09-17 09:41:05,2025-09-17 21:41:21,1
IC05824,2,2025-09-17 15:37:25,2025-09-17 16:37:53,1
IC05790,2,2025-09-02 09:25:23,2025-09-19 09:15:04,1
IC02322,2,2025-09-04 09:44:38,2025-11-27 09:37:27,1
IC02328,2,2025-09-22 08:04:09,2025-11-27 08:03:51,1
IC02290,2,2025-10-06 16:38:20,2025-11-27 17:37:04,2
IC02292,2,2025-09-22 04:32:39,2025-11-27 16:33:03,1
IC02293,2,2025-10-01 08:40:48,2025-11-27 16:22:10,1
IC05797,2,2025-09-18 16:48:05,2025-09-18 20:56:32,2
IC05802,2,2025-09-18 14:37:39,2025-09-18 14:51:33,1
IC05807,2,2025-09-02 09:27:32,2025-09-18 13:07:08,2
IC00529,2,2025-10-07 10:33:57,2025-12-27 06:02:30,1
IC00534,2,2025-10-09 12:49:29,2025-12-27 05:18:01,2
IC00538,2,2025-10-21 09:48:35,2025-12-27 05:16:56,1
IC05784,2,2025-09-19 12:35:36,2025-09-19 12:36:37,1
IC05786,2,2025-09-02 09:34:41,2025-09-19 09:53:30,1
IC05788,2,2025-09-03 13:13:48,2025-09-19 09:37:58,1
IC05765,2,2025-09-20 21:06:19,2025-09-20 21:31:27,2
IC05780,2,2025-09-19 08:58:52,2025-09-19 14:55:48,2
IC05748,2,2025-09-12 01:00:13,2025-09-21 23:54:20,1
IC02331,2,2025-09-13 06:14:32,2025-11-27 05:56:48,2
IC02313,2,2025-10-28 21:24:28,2025-11-27 12:24:55,1
IC05751,2,2025-09-20 21:59:44,2025-09-21 09:37:54,2
IC00551,2,2025-12-10 16:58:58,2025-12-27 04:08:56,1
IC05753,2,2025-09-20 22:00:00,2025-09-21 09:36:48,2
IC05755,2,2025-09-21 00:43:22,2025-09-21 01:02:20,1
IC05756,2,2025-09-21 00:43:25,2025-09-21 01:02:18,1
IC05757,2,2025-09-21 00:43:29,2025-09-21 01:02:16,1
IC05758,2,2025-09-21 00:43:26,2025-09-21 01:02:12,1
IC05733,2,2025-09-02 09:36:28,2025-09-22 03:41:34,2
IC00608,2,2025-09-04 09:35:54,2025-12-26 15:40:08,1
IC00614,2,2025-11-01 23:10:02,2025-12-26 12:43:33,2
IC00621,2,2025-09-22 09:26:53,2025-12-26 11:56:53,1
IC05723,2,2025-09-03 16:43:41,2025-09-22 03:55:39,2
IC05688,2,2025-09-02 09:47:09,2025-09-22 04:39:42,2
IC05692,2,2025-09-02 09:28:28,2025-09-22 04:35:38,2
IC05665,2,2025-09-02 09:27:58,2025-09-22 05:08:39,2
IC02347,2,2025-10-14 21:36:18,2025-11-26 17:04:47,2
IC02354,2,2025-09-24 05:11:05,2025-11-26 12:47:02,1
IC02355,2,2025-10-28 10:09:45,2025-11-26 12:30:12,1
IC05678,2,2025-09-07 22:43:19,2025-09-22 04:57:36,2
IC05645,2,2025-09-09 09:09:46,2025-09-22 05:23:36,2
IC05623,2,2025-09-04 09:36:42,2025-09-22 05:32:36,2
IC05626,2,2025-09-03 05:31:29,2025-09-22 05:31:39,1
IC05631,2,2025-09-04 09:42:15,2025-09-22 05:29:46,2
IC05601,2,2025-09-22 05:32:38,2025-09-22 05:39:38,1
IC05602,2,2025-09-04 09:36:10,2025-09-22 05:38:44,2
IC05616,2,2025-09-12 12:21:14,2025-09-22 05:34:42,1
IC05598,2,2025-09-02 09:27:30,2025-09-22 05:40:40,2
IC05599,2,2025-09-02 09:30:12,2025-09-22 05:40:38,2
IC05570,2,2025-09-02 09:35:02,2025-09-22 05:51:43,2
IC02116,2,2025-09-25 12:18:39,2025-12-01 23:08:52,1
IC02121,2,2025-09-28 11:09:11,2025-12-01 23:08:00,2
IC02368,2,2025-11-24 14:36:42,2025-11-26 10:38:38,1
IC02369,2,2025-11-17 01:52:33,2025-11-26 09:47:28,1
IC02372,2,2025-11-25 17:16:28,2025-11-26 08:54:35,2
IC02337,2,2025-10-22 08:11:24,2025-11-27 01:12:25,2
IC05579,2,2025-09-04 09:32:04,2025-09-22 05:49:50,2
IC05562,2,2025-09-02 09:28:15,2025-09-22 05:52:45,2
IC05543,2,2025-09-13 05:57:50,2025-09-22 05:58:00,1
IC05525,2,2025-09-04 09:35:30,2025-09-22 06:12:36,2
IC05528,2,2025-09-11 09:37:49,2025-09-22 06:07:37,2
IC05504,2,2025-09-02 09:29:25,2025-09-22 06:25:37,2
IC05512,2,2025-09-02 09:35:09,2025-09-22 06:21:38,2
IC05517,2,2025-09-02 09:27:06,2025-09-22 06:17:38,2
IC05490,2,2025-09-02 09:43:52,2025-09-22 06:32:38,2
IC05491,2,2025-09-03 16:44:04,2025-09-22 06:27:48,2
IC05492,2,2025-09-03 16:44:03,2025-09-22 06:27:47,2
IC02092,2,2025-09-20 14:29:10,2025-12-01 23:11:49,1
IC02095,2,2025-10-20 20:14:29,2025-12-01 23:11:15,1
IC02101,2,2025-11-05 07:06:22,2025-12-01 23:10:54,1
IC02105,2,2025-09-22 05:55:39,2025-12-01 23:10:43,2
IC02379,2,2025-11-24 01:56:30,2025-11-26 08:51:43,1
IC02107,2,2025-12-01 23:02:59,2025-12-01 23:10:39,2
IC02111,2,2025-11-04 08:20:16,2025-12-01 23:10:13,2
IC02112,2,2025-09-22 09:26:56,2025-12-01 23:10:11,2
IC05493,2,2025-09-03 16:43:52,2025-09-22 06:27:45,2
IC05494,2,2025-09-03 16:44:08,2025-09-22 06:27:43,2
IC05495,2,2025-09-03 16:43:38,2025-09-22 06:27:41,2
IC05496,2,2025-09-03 16:43:40,2025-09-22 06:27:39,2
IC05497,2,2025-09-03 16:43:51,2025-09-22 06:27:38,2
IC05498,2,2025-09-03 16:44:01,2025-09-22 06:27:36,2
IC05455,2,2025-09-18 08:37:09,2025-09-22 06:58:43,2
IC02394,2,2025-10-09 02:57:14,2025-11-26 08:42:36,1
IC02398,2,2025-09-22 08:29:53,2025-11-26 08:30:34,1
IC02373,2,2025-10-11 22:37:09,2025-11-26 08:52:37,1
IC02375,2,2025-09-23 16:40:33,2025-11-26 08:51:59,1
IC05435,2,2025-09-02 09:33:59,2025-09-22 07:09:48,2
IC05411,2,2025-09-03 16:43:33,2025-09-22 07:25:09,2
IC05414,2,2025-09-03 16:43:57,2025-09-22 07:25:01,2
IC05415,2,2025-09-03 16:43:34,2025-09-22 07:24:59,2
IC05416,2,2025-09-02 09:37:06,2025-09-22 07:24:58,2
IC05417,2,2025-09-03 16:43:36,2025-09-22 07:24:56,2
IC05396,2,2025-09-02 09:43:24,2025-09-22 07:40:52,2
IC05397,2,2025-09-02 09:43:44,2025-09-22 07:39:56,2
IC05400,2,2025-09-02 09:33:31,2025-09-22 07:38:55,2
IC05379,2,2025-09-02 09:28:04,2025-09-22 07:54:53,2
IC05383,2,2025-09-04 09:18:49,2025-09-22 07:51:52,2
IC05353,2,2025-09-04 09:39:26,2025-09-22 08:18:54,2
IC05361,2,2025-09-19 12:33:19,2025-09-22 08:06:55,1
IC05330,2,2025-09-22 05:11:50,2025-09-22 08:48:53,1
IC02410,2,2025-09-22 05:00:38,2025-11-26 08:11:37,2
IC02413,2,2025-09-04 09:43:24,2025-11-26 08:07:50,2
IC02414,2,2025-11-12 12:06:40,2025-11-26 08:05:29,2
IC02419,2,2025-10-09 15:00:16,2025-11-26 07:26:28,2
IC02382,2,2025-10-28 20:52:29,2025-11-26 08:51:37,1
IC02385,2,2025-11-22 09:12:46,2025-11-26 08:50:39,1
IC02386,2,2025-10-08 20:00:54,2025-11-26 08:50:37,2
IC05340,2,2025-09-02 09:26:35,2025-09-22 08:30:59,1
IC05317,2,2025-09-22 09:23:54,2025-09-22 10:25:55,1
IC05318,2,2025-09-22 06:14:35,2025-09-22 09:44:57,2
IC05295,2,2025-09-03 02:21:50,2025-09-23 00:37:38,1
IC05297,2,2025-09-22 22:18:27,2025-09-22 22:18:29,1
IC05299,2,2025-09-22 11:52:19,2025-09-22 20:37:50,1
IC05301,2,2025-09-22 18:58:52,2025-09-22 20:20:40,1
IC05307,2,2025-09-19 11:23:55,2025-09-22 17:23:56,1
IC05310,2,2025-09-22 04:47:38,2025-09-22 14:12:30,2
IC05282,2,2025-09-22 05:30:40,2025-09-23 05:05:08,2
IC05285,2,2025-09-22 20:21:52,2025-09-23 04:07:26,2
IC05286,2,2025-09-06 18:42:03,2025-09-23 03:58:44,2
IC02426,2,2025-11-05 07:10:00,2025-11-26 06:11:30,2
IC02428,2,2025-11-09 01:41:15,2025-11-26 05:16:20,2
IC02433,2,2025-09-06 01:10:23,2025-11-26 02:25:06,1
IC02436,2,2025-10-29 23:36:28,2025-11-25 23:36:56,1
IC02405,2,2025-09-08 20:30:49,2025-11-26 08:24:04,2
IC02409,2,2025-09-02 09:33:51,2025-11-26 08:12:46,2
IC00682,2,2025-09-04 09:44:56,2025-12-24 13:10:39,2
IC00684,2,2025-12-22 17:23:50,2025-12-24 11:52:41,2
IC05288,2,2025-09-22 08:47:54,2025-09-23 03:38:47,1
IC05293,2,2025-09-23 01:18:52,2025-09-23 01:19:54,1
IC00695,2,2025-12-24 09:32:53,2025-12-24 09:36:36,2
IC02446,2,2025-11-25 17:20:55,2025-11-25 17:21:25,1
IC02449,2,2025-10-23 15:24:07,2025-11-25 16:22:43,1
IC02452,2,2025-09-04 09:35:52,2025-11-25 15:53:09,1
IC02454,2,2025-11-05 07:45:06,2025-11-25 15:25:18,1
IC02458,2,2025-11-05 07:15:21,2025-11-25 14:40:49,1
IC02075,2,2025-11-10 11:35:02,2025-12-01 23:13:29,2
IC02422,2,2025-09-02 09:30:04,2025-11-26 06:38:05,2
IC02423,2,2025-09-10 01:57:26,2025-11-26 06:28:37,1
IC02424,2,2025-11-04 10:13:39,2025-11-26 06:28:35,2
IC02425,2,2025-09-11 21:01:37,2025-11-26 06:11:55,2
IC05274,2,2025-09-23 01:49:08,2025-09-23 06:14:33,1
IC05277,2,2025-09-02 20:45:38,2025-09-23 05:47:18,2
IC05279,2,2025-09-23 01:08:20,2025-09-23 05:39:48,1
IC05259,2,2025-09-23 00:26:25,2025-09-23 11:54:49,1
IC05260,2,2025-09-22 04:06:33,2025-09-23 11:23:53,2
IC05261,2,2025-09-16 16:41:44,2025-09-23 11:19:39,1
IC02085,2,2025-12-01 23:12:12,2025-12-01 23:12:22,1
IC02086,2,2025-11-25 06:22:02,2025-12-01 23:12:20,2
IC02459,2,2025-11-09 22:54:26,2025-11-25 14:13:05,1
IC02461,2,2025-09-02 17:34:54,2025-11-25 12:14:06,1
IC02463,2,2025-10-13 16:19:39,2025-11-25 10:52:40,1
IC02464,2,2025-09-04 09:42:19,2025-11-25 10:17:41,1
IC02466,2,2025-11-22 01:36:32,2025-11-25 09:49:48,2
IC02442,2,2025-09-15 11:45:00,2025-11-25 17:40:05,1
IC05263,2,2025-09-22 03:43:32,2025-09-23 10:00:38,2
IC05265,2,2025-09-11 03:53:05,2025-09-23 09:03:58,1
IC05267,2,2025-09-23 01:30:55,2025-09-23 08:30:59,2
IC05238,2,2025-09-23 17:38:17,2025-09-23 17:38:51,1
IC05241,2,2025-09-23 17:38:21,2025-09-23 17:38:27,1
IC05256,2,2025-09-11 03:41:31,2025-09-23 12:46:10,2
IC05219,2,2025-09-23 17:39:02,2025-09-23 17:59:25,1
IC05220,2,2025-09-23 17:39:05,2025-09-23 17:59:20,1
IC05221,2,2025-09-23 17:39:28,2025-09-23 17:59:18,1
IC02488,2,2025-09-22 07:28:54,2025-11-24 16:36:53,2
IC02079,2,2025-11-05 07:09:20,2025-12-01 23:12:59,1
IC02084,2,2025-12-01 23:00:56,2025-12-01 23:12:44,2
IC05222,2,2025-09-23 17:38:45,2025-09-23 17:59:16,1
IC05223,2,2025-09-23 17:39:11,2025-09-23 17:59:12,1
IC05227,2,2025-09-23 17:43:57,2025-09-23 17:57:51,1
IC05198,2,2025-09-23 17:38:25,2025-09-23 18:01:06,1
IC05199,2,2025-09-23 18:00:43,2025-09-23 18:00:51,1
IC05200,2,2025-09-23 18:00:34,2025-09-23 18:00:47,1
IC05202,2,2025-09-23 17:38:19,2025-09-23 18:00:41,1
IC05203,2,2025-09-23 17:38:23,2025-09-23 18:00:32,1
IC05204,2,2025-09-23 18:00:26,2025-09-23 18:00:30,1
IC05206,2,2025-09-23 18:00:04,2025-09-23 18:00:18,1
IC00707,2,2025-12-23 17:00:05,2025-12-24 08:01:33,1
IC05207,2,2025-09-23 17:38:36,2025-09-23 18:00:13,1
IC05210,2,2025-09-23 17:39:35,2025-09-23 18:00:06,1
IC05212,2,2025-09-23 17:39:37,2025-09-23 17:59:56,1
IC05184,2,2025-09-22 07:51:15,2025-09-24 08:24:06,1
IC05185,2,2025-09-23 03:03:54,2025-09-24 05:49:02,1
IC02067,2,2025-09-25 13:47:36,2025-12-01 23:14:47,1
IC02072,2,2025-12-01 23:08:35,2025-12-01 23:13:50,2
IC02493,2,2025-10-17 10:19:57,2025-11-24 15:24:28,1
IC02495,2,2025-10-23 12:08:52,2025-11-24 14:52:35,1
IC00746,2,2025-12-16 11:29:42,2025-12-23 11:40:46,1
IC00750,2,2025-10-09 12:37:22,2025-12-23 10:48:55,1
IC00724,2,2025-12-12 14:49:18,2025-12-23 20:58:50,1
IC05174,2,2025-09-24 11:55:41,2025-09-24 11:55:45,1
IC00770,2,2025-12-06 00:13:22,2025-12-23 00:49:44,1
IC00774,2,2025-11-05 07:15:19,2025-12-23 00:05:47,1
IC00775,2,2025-09-02 09:30:34,2025-12-23 00:05:45,1
IC00777,2,2025-11-24 09:42:49,2025-12-23 00:05:40,1
IC00780,2,2025-11-24 10:39:45,2025-12-23 00:05:33,1
IC00783,2,2025-11-24 10:38:56,2025-12-23 00:05:26,1
IC00784,2,2025-11-24 10:39:21,2025-12-23 00:05:23,1
IC05179,2,2025-09-23 04:33:52,2025-09-24 11:45:36,1
IC05158,2,2025-09-17 20:29:15,2025-09-24 19:31:21,2
IC02043,2,2025-09-22 04:16:35,2025-12-01 23:19:20,2
IC02046,2,2025-09-22 07:35:52,2025-12-01 23:19:00,2
IC02048,2,2025-12-01 23:10:03,2025-12-01 23:18:48,2
IC02050,2,2025-11-05 06:49:18,2025-12-01 23:18:00,1
IC02057,2,2025-09-03 08:53:10,2025-12-01 23:16:52,1
IC02509,2,2025-11-05 07:15:05,2025-11-24 10:40:04,1
IC02058,2,2025-11-06 12:00:47,2025-12-01 23:16:40,1
IC02061,2,2025-10-06 20:44:32,2025-12-01 23:15:57,2
IC05168,2,2025-09-24 11:58:12,2025-09-24 11:58:14,1
IC05172,2,2025-09-24 11:55:37,2025-09-24 11:55:50,1
IC05134,2,2025-09-22 09:40:20,2025-09-25 12:27:37,1
IC02522,2,2025-10-14 17:01:37,2025-11-24 10:39:00,1
IC02527,2,2025-10-14 17:01:59,2025-11-24 10:38:41,1
IC02533,2,2025-10-10 09:29:37,2025-11-24 10:38:20,1
IC02534,2,2025-09-02 09:44:01,2025-11-24 10:38:17,1
IC02500,2,2025-11-23 16:20:39,2025-11-24 13:37:16,2
IC02506,2,2025-10-08 16:51:04,2025-11-24 11:11:46,1
IC05142,2,2025-09-25 08:56:39,2025-09-25 11:20:48,2
IC05147,2,2025-09-19 09:13:22,2025-09-25 09:05:31,1
IC05148,2,2025-09-02 09:26:51,2025-09-25 09:01:37,1
IC05153,2,2025-09-25 00:13:07,2025-09-25 00:13:09,1
IC00788,2,2025-11-24 10:38:06,2025-12-23 00:05:13,1
IC00798,2,2025-11-24 10:38:49,2025-12-23 00:04:43,1
IC05126,2,2025-09-25 20:33:23,2025-09-25 20:33:34,1
IC05132,2,2025-09-25 13:12:40,2025-09-25 13:19:28,2
IC05107,2,2025-09-26 05:35:08,2025-09-26 05:36:17,1
IC00802,2,2025-11-24 10:39:23,2025-12-23 00:04:33,1
IC00810,2,2025-11-24 10:36:40,2025-12-23 00:04:11,1
IC00811,2,2025-11-24 10:39:41,2025-12-23 00:04:09,1
IC05110,2,2025-09-10 15:46:29,2025-09-26 04:32:53,1
IC05121,2,2025-09-10 16:18:51,2025-09-26 04:31:54,1
IC05091,2,2025-09-22 05:44:40,2025-09-26 23:49:57,2
IC02037,2,2025-11-18 12:22:15,2025-12-01 23:20:15,2
IC02039,2,2025-10-07 10:21:58,2025-12-01 23:20:11,1
IC02540,2,2025-10-14 17:00:43,2025-11-24 10:37:57,1
IC02546,2,2025-09-02 09:43:58,2025-11-24 09:42:45,1
IC02513,2,2025-10-14 17:00:41,2025-11-24 10:39:39,1
IC02516,2,2025-09-28 21:26:26,2025-11-24 10:39:32,2
IC00824,2,2025-12-22 18:41:33,2025-12-22 20:11:31,1
IC05070,2,2025-09-22 04:36:35,2025-09-29 08:30:18,2
IC05085,2,2025-09-03 16:58:03,2025-09-27 19:05:33,2
IC00855,2,2025-11-09 22:13:23,2025-12-22 13:18:38,2
IC05064,2,2025-09-28 16:35:59,2025-09-29 11:08:51,1
IC05065,2,2025-09-14 08:54:29,2025-09-29 10:48:26,2
IC05044,2,2025-09-22 03:55:32,2025-09-30 09:03:03,2
IC05046,2,2025-09-30 08:06:52,2025-09-30 08:07:55,1
IC02016,2,2025-12-02 08:45:08,2025-12-02 08:45:10,1
IC02019,2,2025-10-18 11:15:27,2025-12-02 05:58:00,1
IC02021,2,2025-10-16 18:02:52,2025-12-02 01:13:29,1
IC02023,2,2025-10-16 18:02:43,2025-12-02 01:13:15,1
IC02024,2,2025-10-16 18:02:36,2025-12-02 01:13:08,1
IC02556,2,2025-09-02 00:41:07,2025-11-24 03:10:24,2
IC02558,2,2025-09-23 17:58:19,2025-11-24 00:07:52,2
IC02030,2,2025-11-05 07:19:19,2025-12-01 23:24:00,1
IC02033,2,2025-10-09 12:17:43,2025-12-01 23:23:04,1
IC02036,2,2025-09-12 15:23:51,2025-12-01 23:20:36,2
IC05050,2,2025-09-23 05:01:26,2025-09-30 02:01:39,1
IC05055,2,2025-09-23 09:06:36,2025-09-29 19:07:44,2
IC05059,2,2025-09-02 09:34:38,2025-09-29 14:52:25,1
IC05060,2,2025-09-02 09:43:56,2025-09-29 14:46:29,1
IC05023,2,2025-09-30 16:45:26,2025-09-30 20:18:54,2
IC05028,2,2025-09-04 09:34:08,2025-09-30 15:23:14,1
IC02571,2,2025-10-27 11:12:25,2025-11-23 03:03:32,2
IC02579,2,2025-09-22 05:04:53,2025-11-22 11:15:45,2
IC02551,2,2025-11-17 14:42:40,2025-11-24 08:46:18,2
IC02553,2,2025-11-04 16:14:09,2025-11-24 08:30:27,1
IC02554,2,2025-11-14 14:25:51,2025-11-24 08:30:22,1
IC05037,2,2025-09-04 14:57:37,2025-09-30 10:32:35,1
IC05021,2,2025-09-04 04:30:52,2025-09-30 22:00:55,2
IC04993,2,2025-09-01 08:25:21,2025-10-01 19:09:51,1
IC00866,2,2025-11-24 04:31:59,2025-12-22 11:36:47,1
IC04972,2,2025-09-22 07:01:47,2025-10-02 10:13:08,2
IC04973,2,2025-09-16 14:17:40,2025-10-02 10:13:02,1
IC04976,2,2025-09-22 04:27:36,2025-10-02 09:55:12,2
IC00881,2,2025-12-22 10:33:29,2025-12-22 10:36:51,1
IC04978,2,2025-09-05 16:04:41,2025-10-02 09:23:34,1
IC04956,2,2025-09-10 01:11:34,2025-10-02 15:25:51,1
IC02006,2,2025-10-02 09:37:52,2025-12-02 09:57:46,1
IC01980,2,2025-11-05 07:36:27,2025-12-02 15:07:57,1
IC01985,2,2025-09-22 06:35:35,2025-12-02 14:23:56,2
IC02562,2,2025-11-05 01:47:01,2025-11-23 13:21:45,2
IC04962,2,2025-10-02 10:05:08,2025-10-02 14:26:49,1
IC04963,2,2025-09-15 09:26:58,2025-10-02 14:05:25,2
IC04965,2,2025-09-19 18:35:22,2025-10-02 13:23:26,2
IC04970,2,2025-09-06 09:56:09,2025-10-02 10:22:47,1
IC04939,2,2025-09-11 15:08:36,2025-10-03 00:16:49,2
IC04941,2,2025-10-02 14:10:02,2025-10-02 23:47:39,1
IC00898,2,2025-10-02 13:01:41,2025-12-21 23:31:00,1
IC00907,2,2025-09-16 03:01:01,2025-12-21 19:03:08,1
IC04945,2,2025-10-02 17:08:04,2025-10-02 18:59:51,1
IC04921,2,2025-09-14 20:09:14,2025-10-03 12:27:37,1
IC04924,2,2025-10-02 14:38:14,2025-10-03 11:39:26,2
IC01963,2,2025-09-15 12:55:03,2025-12-02 22:37:06,1
IC01970,2,2025-09-22 02:53:33,2025-12-02 17:23:05,1
IC01972,2,2025-09-23 17:38:29,2025-12-02 17:03:53,2
IC01974,2,2025-09-23 17:39:27,2025-12-02 16:46:29,2
IC02607,2,2025-11-21 17:54:58,2025-11-22 01:54:58,1
IC02608,2,2025-11-21 17:55:09,2025-11-22 01:52:39,1
IC01995,2,2025-11-04 10:01:32,2025-12-02 10:40:20,1
IC01996,2,2025-09-02 09:28:41,2025-12-02 10:40:13,1
IC01999,2,2025-09-02 10:06:41,2025-12-02 10:28:48,1
IC04926,2,2025-10-01 14:47:44,2025-10-03 10:30:34,1
IC04938,2,2025-10-03 04:40:57,2025-10-03 04:41:00,1
IC04909,2,2025-09-22 06:19:46,2025-10-03 18:24:07,2
IC00920,2,2025-12-19 21:53:18,2025-12-21 11:38:21,1
IC04914,2,2025-09-22 07:30:52,2025-10-03 14:51:19,2
IC04892,2,2025-09-19 05:03:11,2025-10-04 05:07:28,1
IC04894,2,2025-10-04 02:53:00,2025-10-04 04:22:08,1
IC04896,2,2025-09-25 08:06:35,2025-10-04 03:12:52,1
IC00929,2,2025-12-18 21:56:30,2025-12-21 09:56:20,2
IC02626,2,2025-11-18 09:23:53,2025-11-20 21:41:01,2
IC02629,2,2025-11-20 09:07:29,2025-11-20 10:52:33,1
IC02630,2,2025-11-11 08:44:55,2025-11-20 08:43:21,1
IC02631,2,2025-10-15 22:49:01,2025-11-20 01:28:56,1
IC02634,2,2025-11-19 18:35:53,2025-11-19 18:35:55,1
IC01986,2,2025-09-12 17:49:45,2025-12-02 12:48:57,1
IC01989,2,2025-09-02 09:29:27,2025-12-02 11:51:24,1
IC01990,2,2025-10-07 22:22:53,2025-12-02 11:43:12,1
IC00934,2,2025-12-21 00:22:34,2025-12-21 09:06:18,1
IC04897,2,2025-10-04 00:23:55,2025-10-04 02:57:36,1
IC04903,2,2025-10-03 22:38:36,2025-10-03 22:52:06,2
IC04904,2,2025-10-03 22:40:56,2025-10-03 22:41:00,1
IC04873,2,2025-09-22 05:35:36,2025-10-06 11:35:44,1
IC04874,2,2025-09-21 04:13:35,2025-10-06 10:45:05,2
IC01954,2,2025-12-02 08:05:09,2025-12-03 08:11:15,1
IC01959,2,2025-12-02 23:16:34,2025-12-03 01:11:26,1
IC02639,2,2025-11-12 15:26:25,2025-11-19 17:29:00,1
IC02640,2,2025-11-19 15:31:22,2025-11-19 16:55:39,1
IC02643,2,2025-11-04 14:16:27,2025-11-19 15:56:29,1
IC02617,2,2025-11-21 12:02:45,2025-11-21 12:02:50,1
IC04879,2,2025-10-05 10:43:19,2025-10-05 22:43:38,1
IC04889,2,2025-09-22 05:58:07,2025-10-04 05:57:32,1
IC00952,2,2025-12-21 00:27:24,2025-12-21 00:52:30,1
IC00953,2,2025-12-21 00:26:49,2025-12-21 00:52:07,1
IC00954,2,2025-12-21 00:48:36,2025-12-21 00:48:46,1
IC04866,2,2025-09-23 11:13:02,2025-10-06 15:30:19,1
IC04867,2,2025-09-12 03:47:03,2025-10-06 15:26:18,1
IC04869,2,2025-09-02 09:35:15,2025-10-06 14:28:03,1
IC04853,2,2025-09-18 07:25:38,2025-10-07 07:25:49,1
IC04861,2,2025-09-22 08:43:54,2025-10-06 20:43:33,1
IC04831,2,2025-09-22 07:13:51,2025-10-07 10:21:36,2
IC04832,2,2025-09-23 03:46:15,2025-10-07 10:21:34,2
IC01936,2,2025-09-01 08:58:05,2025-12-03 09:41:37,1
IC02655,2,2025-09-17 09:36:05,2025-11-19 09:35:17,1
IC02656,2,2025-10-01 00:11:30,2025-11-19 09:31:35,2
IC02658,2,2025-10-21 11:07:06,2025-11-19 08:31:34,1
IC01945,2,2025-09-02 09:25:20,2025-12-03 09:00:19,1
IC01946,2,2025-10-21 10:40:36,2025-12-03 08:59:07,1
IC01949,2,2025-09-22 07:44:52,2025-12-03 08:48:55,2
IC00967,2,2025-09-06 12:21:50,2025-12-20 23:13:54,2
IC04840,2,2025-09-22 05:53:36,2025-10-07 10:20:24,2
IC04813,2,2025-09-22 07:56:54,2025-10-07 10:23:40,2
IC04819,2,2025-10-02 10:13:06,2025-10-07 10:23:00,1
IC04823,2,2025-10-02 10:13:10,2025-10-07 10:22:26,1
IC04825,2,2025-09-14 02:40:58,2025-10-07 10:22:14,2
IC04798,2,2025-10-02 10:11:52,2025-10-07 10:25:13,1
IC04799,2,2025-09-22 04:40:41,2025-10-07 10:25:08,2
IC02670,2,2025-11-18 16:13:34,2025-11-18 16:13:56,1
IC02671,2,2025-09-02 09:44:09,2025-11-18 15:46:35,1
IC02680,2,2025-09-18 08:48:15,2025-11-18 14:26:40,1
IC02651,2,2025-11-19 12:05:27,2025-11-19 12:26:36,1
IC01931,2,2025-09-02 09:10:09,2025-12-03 10:18:49,1
IC01933,2,2025-11-05 07:13:17,2025-12-03 09:53:32,1
IC01935,2,2025-11-04 10:38:41,2025-12-03 09:44:05,1
IC04806,2,2025-09-18 07:48:34,2025-10-07 10:24:29,1
IC04809,2,2025-09-22 04:26:36,2025-10-07 10:24:11,2
IC04811,2,2025-09-10 17:49:45,2025-10-07 10:24:00,1
IC04787,2,2025-10-02 10:12:58,2025-10-07 10:27:48,1
IC04791,2,2025-09-25 15:01:21,2025-10-07 10:27:24,2
IC04794,2,2025-10-02 10:11:54,2025-10-07 10:27:08,1
IC04767,2,2025-10-02 19:20:00,2025-10-07 10:53:20,2
IC02693,2,2025-10-21 14:58:00,2025-11-18 09:25:24,1
IC02663,2,2025-09-23 18:00:28,2025-11-18 19:19:02,2
IC04771,2,2025-10-02 10:13:00,2025-10-07 10:31:05,1
IC04774,2,2025-10-02 10:13:04,2025-10-07 10:30:42,1
IC04776,2,2025-09-29 11:50:04,2025-10-07 10:30:37,1
IC04752,2,2025-09-29 16:24:58,2025-10-07 16:25:38,1
IC04753,2,2025-10-07 15:15:27,2025-10-07 15:55:01,2
IC04754,2,2025-10-07 15:13:30,2025-10-07 15:53:57,2
IC04758,2,2025-09-02 21:19:08,2025-10-07 15:14:23,1
IC04759,2,2025-09-02 21:20:10,2025-10-07 15:13:28,1
IC04731,2,2025-10-02 23:58:45,2025-10-08 09:00:06,1
IC04732,2,2025-10-08 08:50:58,2025-10-08 09:00:00,1
IC04736,2,2025-10-02 23:26:56,2025-10-08 08:28:19,1
IC00977,2,2025-11-28 17:50:15,2025-12-20 20:55:15,1
IC00988,2,2025-12-13 12:53:30,2025-12-20 13:05:17,1
IC00990,2,2025-12-19 21:50:18,2025-12-20 11:35:30,1
IC04742,2,2025-10-03 00:26:08,2025-10-08 07:35:52,1
IC04744,2,2025-10-03 03:18:42,2025-10-08 00:15:39,1
IC04718,2,2025-09-04 09:36:18,2025-10-08 09:54:19,1
IC00999,2,2025-12-20 01:48:07,2025-12-20 10:04:33,1
IC01928,2,2025-10-08 10:16:03,2025-12-03 11:46:53,1
IC02703,2,2025-10-16 00:56:24,2025-11-18 02:08:12,1
IC02704,2,2025-10-16 00:18:45,2025-11-18 01:10:32,1
IC02705,2,2025-10-16 00:17:34,2025-11-18 01:10:28,1
IC02707,2,2025-10-15 23:43:48,2025-11-17 23:45:23,1
IC02684,2,2025-10-17 10:19:53,2025-11-18 11:45:05,1
IC02685,2,2025-11-05 14:09:47,2025-11-18 11:33:01,1
IC02687,2,2025-11-05 06:50:20,2025-11-18 10:47:23,1
IC01000,2,2025-09-22 06:38:39,2025-12-20 09:50:56,2
IC01003,2,2025-09-08 08:47:32,2025-12-20 08:32:27,2
IC01008,2,2025-11-15 03:51:14,2025-12-20 06:13:08,1
IC04721,2,2025-10-03 00:11:59,2025-10-08 09:15:21,1
IC04722,2,2025-10-08 07:39:19,2025-10-08 09:14:23,1
IC04725,2,2025-10-03 00:10:58,2025-10-08 09:12:21,1
IC04726,2,2025-09-04 09:43:39,2025-10-08 09:11:51,1
IC04703,2,2025-09-09 08:41:54,2025-10-08 14:32:44,1
IC01026,2,2025-09-19 23:16:54,2025-12-19 23:16:24,1
IC01908,2,2025-11-26 08:51:57,2025-12-03 22:20:11,1
IC02721,2,2025-11-17 12:48:28,2025-11-17 14:35:32,2
IC02722,2,2025-09-22 07:39:55,2025-11-17 14:29:04,2
IC02724,2,2025-10-16 18:00:44,2025-11-17 13:49:11,2
IC01915,2,2025-10-01 09:02:41,2025-12-03 15:40:16,1
IC01036,2,2025-11-05 07:41:14,2025-12-19 21:36:18,2
IC01038,2,2025-09-22 08:03:53,2025-12-19 20:03:12,1
IC01010,2,2025-12-20 04:14:46,2025-12-20 04:19:00,1
IC01013,2,2025-12-07 14:57:05,2025-12-20 02:55:19,1
IC04684,2,2025-09-22 08:15:56,2025-10-09 08:23:52,2
IC04688,2,2025-09-26 08:25:20,2025-10-09 01:45:26,1
IC04692,2,2025-10-08 18:50:17,2025-10-08 18:50:19,2
IC04693,2,2025-09-04 12:23:20,2025-10-08 17:32:52,2
IC04698,2,2025-09-02 09:28:25,2025-10-08 15:42:29,1
IC01046,2,2025-09-22 05:31:37,2025-12-19 17:31:54,1
IC01049,2,2025-09-22 04:47:36,2025-12-19 16:47:54,1
IC01889,2,2025-11-11 17:01:44,2025-12-04 13:14:28,2
IC01894,2,2025-12-04 10:34:04,2025-12-04 10:34:06,1
IC01877,2,2025-12-04 17:43:47,2025-12-04 17:43:50,1
IC01878,2,2025-12-04 17:43:38,2025-12-04 17:43:44,1
IC01879,2,2025-12-04 17:21:36,2025-12-04 17:21:36,1
IC02733,2,2025-09-18 15:14:46,2025-11-17 08:58:24,1
IC02714,2,2025-09-24 13:17:07,2025-11-17 15:42:32,1
IC04673,2,2025-09-09 08:57:47,2025-10-09 09:35:23,1
IC04674,2,2025-09-22 07:52:57,2025-10-09 09:33:18,2
IC04681,2,2025-10-09 08:37:27,2025-10-09 08:37:30,2
IC04659,2,2025-10-05 05:58:53,2025-10-09 17:57:53,1
IC04660,2,2025-10-03 11:40:40,2025-10-09 17:29:50,1
IC04663,2,2025-10-07 09:03:03,2025-10-09 16:22:28,1
IC01835,2,2025-11-28 21:19:15,2025-12-05 12:17:29,2
IC01836,2,2025-11-28 04:50:34,2025-12-05 12:02:26,1
IC01881,2,2025-11-12 00:18:07,2025-12-04 17:06:50,1
IC01886,2,2025-12-04 13:05:11,2025-12-04 15:21:36,1
IC01887,2,2025-12-04 14:51:39,2025-12-04 14:51:41,1
IC04669,2,2025-10-09 13:38:55,2025-10-09 13:39:49,1
IC04671,2,2025-09-22 06:00:40,2025-10-09 09:59:28,2
IC04672,2,2025-09-10 14:39:43,2025-10-09 09:48:18,1
IC01041,2,2025-09-26 15:10:07,2025-12-19 19:13:53,2
IC01043,2,2025-09-02 09:29:45,2025-12-19 18:58:06,2
IC04641,2,2025-10-06 17:28:08,2025-10-10 11:36:05,2
IC04646,2,2025-10-07 10:25:21,2025-10-10 10:40:15,1
IC04648,2,2025-09-04 09:35:45,2025-10-10 10:01:05,1
IC04651,2,2025-09-02 09:28:47,2025-10-10 09:28:24,1
IC04653,2,2025-09-09 16:02:42,2025-10-10 09:06:05,1
IC04655,2,2025-10-03 13:37:32,2025-10-09 21:07:26,1
IC04657,2,2025-10-09 08:00:21,2025-10-09 18:01:27,1
IC04658,2,2025-10-09 17:20:50,2025-10-09 17:58:38,1
IC01057,2,2025-12-19 15:22:48,2025-12-19 16:11:43,1
IC01060,2,2025-09-04 09:34:23,2025-12-19 15:16:53,2
IC01817,2,2025-12-05 22:15:37,2025-12-05 22:15:40,1
IC01819,2,2025-10-17 10:48:44,2025-12-05 21:24:04,1
IC01820,2,2025-12-05 21:22:36,2025-12-05 21:22:38,1
IC01830,2,2025-11-12 09:56:31,2025-12-05 14:25:29,1
IC02765,2,2025-09-22 15:08:52,2025-11-16 00:48:23,2
IC02768,2,2025-11-02 03:09:49,2025-11-16 00:48:15,2
IC02739,2,2025-11-16 17:06:24,2025-11-17 05:06:56,1
IC02742,2,2025-09-27 03:01:36,2025-11-17 03:11:23,1
IC04625,2,2025-09-25 12:24:36,2025-10-10 17:51:12,1
IC04628,2,2025-09-17 14:37:02,2025-10-10 15:23:49,1
IC04636,2,2025-09-15 15:41:15,2025-10-10 11:21:26,1
IC04638,2,2025-09-06 07:02:27,2025-10-10 13:47:42,1
IC04608,2,2025-09-25 12:23:38,2025-10-12 06:42:38,2
IC01804,2,2025-12-06 22:40:19,2025-12-06 22:41:18,2
IC02753,2,2025-11-09 00:15:45,2025-11-16 10:57:51,1
IC04613,2,2025-10-11 02:36:32,2025-10-11 14:36:31,1
IC04622,2,2025-10-10 23:20:53,2025-10-11 00:19:37,1
IC04589,2,2025-09-22 05:30:38,2025-10-13 09:26:50,2
IC04590,2,2025-09-23 15:47:33,2025-10-13 09:25:09,1
IC04597,2,2025-09-07 12:43:58,2025-10-13 06:04:48,1
IC04600,2,2025-10-12 21:16:49,2025-10-12 21:32:28,1
IC04605,2,2025-09-22 06:26:42,2025-10-12 18:27:02,1
IC04565,2,2025-10-13 08:39:51,2025-10-13 23:53:37,1
IC04567,2,2025-09-26 14:57:13,2025-10-13 20:36:39,1
IC04579,2,2025-10-10 10:39:55,2025-10-13 15:57:17,1
IC04583,2,2025-10-03 10:56:24,2025-10-13 12:21:33,1
IC04551,2,2025-10-09 11:09:22,2025-10-14 19:51:42,2
IC04556,2,2025-09-16 14:06:47,2025-10-14 14:52:29,2
IC02796,2,2025-09-23 17:59:52,2025-11-14 15:34:37,2
IC01785,2,2025-10-28 16:02:17,2025-12-07 13:04:43,1
IC01790,2,2025-09-17 03:23:44,2025-12-07 03:25:26,1
IC01796,2,2025-10-08 23:16:47,2025-12-06 22:46:45,1
IC02769,2,2025-11-02 00:10:42,2025-11-16 00:48:13,2
IC02771,2,2025-09-22 07:44:54,2025-11-15 22:06:29,2
IC02773,2,2025-11-05 07:02:16,2025-11-15 17:37:37,2
IC04557,2,2025-09-04 09:37:08,2025-10-14 14:32:29,1
IC01077,2,2025-09-03 08:49:01,2025-12-19 11:49:09,1
IC01081,2,2025-09-25 14:00:35,2025-12-19 11:28:06,1
IC04559,2,2025-09-16 11:09:21,2025-10-14 10:37:01,1
IC04562,2,2025-09-15 09:57:24,2025-10-14 02:33:31,2
IC01092,2,2025-11-18 14:14:12,2025-12-19 09:41:00,1
IC01102,2,2025-09-22 05:34:39,2025-12-19 05:34:39,1
IC04546,2,2025-10-15 04:03:00,2025-10-15 04:04:00,1
IC04548,2,2025-09-09 14:59:02,2025-10-15 03:18:12,2
IC04550,2,2025-09-30 17:03:52,2025-10-15 02:37:51,1
IC04527,2,2025-10-10 17:53:48,2025-10-15 08:41:36,1
IC02813,2,2025-09-22 07:21:52,2025-11-14 07:21:53,1
IC02815,2,2025-09-11 11:01:36,2025-11-14 04:27:25,1
IC02783,2,2025-10-03 21:30:52,2025-11-15 10:42:06,1
IC02786,2,2025-10-27 16:24:38,2025-11-15 07:45:09,1
IC02794,2,2025-09-15 23:01:54,2025-11-14 16:22:37,1
IC01089,2,2025-09-11 09:14:33,2025-12-19 09:52:50,2
IC04512,2,2025-10-15 12:07:44,2025-10-15 12:15:27,1
IC04513,2,2025-09-23 12:43:31,2025-10-15 12:07:17,1
IC04514,2,2025-10-15 10:15:40,2025-10-15 10:15:43,1
IC04492,2,2025-09-24 11:58:00,2025-10-16 11:09:25,2
IC04495,2,2025-09-22 05:57:56,2025-10-16 10:04:24,1
IC04505,2,2025-09-22 05:34:36,2025-10-15 19:57:31,2
IC04506,2,2025-09-23 17:43:17,2025-10-15 16:13:12,2
IC04508,2,2025-10-13 08:31:02,2025-10-15 15:24:18,1
IC01758,2,2025-09-13 00:04:21,2025-12-08 09:05:21,2
IC01764,2,2025-09-22 05:56:43,2025-12-08 08:51:23,1
IC02833,2,2025-11-12 09:36:46,2025-11-13 15:06:54,1
IC02804,2,2025-10-16 17:56:13,2025-11-14 11:48:17,2
IC02808,2,2025-09-23 02:37:56,2025-11-14 09:38:00,1
IC04479,2,2025-10-10 23:20:55,2025-10-16 17:43:54,1
IC04486,2,2025-10-13 11:15:20,2025-10-16 15:49:04,2
IC04487,2,2025-10-15 10:36:55,2025-10-16 14:31:34,1
IC04439,2,2025-10-16 16:28:03,2025-10-16 17:54:29,2
IC01108,2,2025-11-24 09:15:26,2025-12-19 03:40:35,2
IC01112,2,2025-10-02 15:54:53,2025-12-18 21:50:33,1
IC01115,2,2025-11-23 07:58:24,2025-12-18 21:08:52,1
IC04431,2,2025-09-12 09:06:28,2025-10-16 17:54:56,2
IC04413,2,2025-10-13 15:26:16,2025-10-16 17:56:16,2
IC01755,2,2025-11-13 17:22:17,2025-12-08 09:25:31,1
IC01756,2,2025-11-13 09:37:35,2025-12-08 09:05:37,2
IC04380,2,2025-10-05 22:48:21,2025-10-16 17:57:57,2
IC04363,2,2025-10-01 17:54:21,2025-10-16 17:59:08,2
IC04351,2,2025-09-02 17:48:36,2025-10-16 17:59:43,2
IC04330,2,2025-09-17 10:04:51,2025-10-16 18:00:59,2
IC04311,2,2025-09-26 20:20:44,2025-10-16 18:01:52,2
IC04296,2,2025-09-14 12:51:37,2025-10-16 18:02:39,2
IC04310,2,2025-09-16 03:07:46,2025-10-16 18:01:54,2
IC04264,2,2025-09-17 11:03:51,2025-10-16 18:04:31,2
IC04248,2,2025-10-09 15:25:31,2025-10-16 18:50:37,1
IC04250,2,2025-10-16 18:34:43,2025-10-16 18:34:45,1
IC04251,2,2025-10-16 18:33:29,2025-10-16 18:33:32,1
IC01142,2,2025-09-02 09:33:46,2025-12-18 14:37:31,2
IC01147,2,2025-09-22 07:38:53,2025-12-18 14:22:38,1
IC01149,2,2025-10-16 17:58:26,2025-12-18 14:18:58,2
IC01151,2,2025-12-17 15:52:02,2025-12-18 14:09:55,1
IC04236,2,2025-10-16 20:07:43,2025-10-16 21:26:01,1
IC04237,2,2025-10-16 20:08:37,2025-10-16 21:10:11,2
IC04238,2,2025-10-16 20:07:33,2025-10-16 21:05:32,1
IC04240,2,2025-10-16 20:06:23,2025-10-16 20:57:52,1
IC04219,2,2025-09-08 11:16:27,2025-10-17 12:16:59,2
IC01747,2,2025-10-16 17:59:46,2025-12-08 11:50:09,1
IC02863,2,2025-10-07 10:22:18,2025-11-13 08:21:56,1
IC02840,2,2025-09-18 05:34:01,2025-11-13 10:42:35,1
IC04231,2,2025-10-17 05:32:40,2025-10-17 05:42:48,1
IC04235,2,2025-10-16 20:06:26,2025-10-16 21:28:54,1
IC04199,2,2025-09-13 09:39:53,2025-10-18 09:39:59,1
IC04200,2,2025-10-03 09:37:49,2025-10-18 08:44:59,2
IC04205,2,2025-10-18 00:31:04,2025-10-18 00:32:05,1
IC04211,2,2025-09-25 02:04:40,2025-10-17 17:24:53,1
IC04213,2,2025-10-10 16:57:06,2025-10-17 16:02:53,1
IC02886,2,2025-11-10 11:52:36,2025-11-12 12:53:13,1
IC02888,2,2025-11-11 22:02:02,2025-11-12 10:46:39,2
IC01165,2,2025-09-22 07:20:55,2025-12-18 10:25:26,1
IC01166,2,2025-09-08 10:53:00,2025-12-18 10:12:19,2
IC04190,2,2025-10-16 17:47:06,2025-10-18 12:33:03,1
IC04167,2,2025-09-23 17:39:13,2025-10-20 13:46:41,2
IC04168,2,2025-10-20 12:38:14,2025-10-20 13:15:18,1
IC04171,2,2025-09-19 09:21:46,2025-10-20 12:58:53,1
IC04172,2,2025-10-20 12:44:13,2025-10-20 12:49:08,1
IC04180,2,2025-10-20 08:12:39,2025-10-20 08:12:42,1
IC04183,2,2025-09-23 04:33:51,2025-10-19 10:37:22,2
IC04186,2,2025-09-03 00:05:51,2025-10-18 22:11:51,1
IC04147,2,2025-10-16 17:53:48,2025-10-21 09:32:08,1
IC04149,2,2025-09-22 17:20:11,2025-10-21 09:14:32,1
IC04150,2,2025-10-16 17:55:38,2025-10-21 07:19:38,2
IC04155,2,2025-10-20 23:25:11,2025-10-20 23:25:11,1
IC04156,2,2025-10-20 23:15:57,2025-10-20 23:18:06,1
IC04164,2,2025-09-22 04:51:37,2025-10-20 17:33:03,2
IC04166,2,2025-10-16 21:33:50,2025-10-20 15:26:10,1
IC01171,2,2025-10-21 14:58:07,2025-12-18 09:28:54,1
IC01172,2,2025-11-18 15:01:32,2025-12-18 09:26:35,1
IC01173,2,2025-11-05 07:07:45,2025-12-18 09:26:26,1
IC01177,2,2025-11-05 07:43:55,2025-12-18 08:47:34,1
IC01178,2,2025-11-18 16:00:30,2025-12-18 08:46:34,1
IC02898,2,2025-11-01 22:42:18,2025-11-11 23:32:43,1
IC02901,2,2025-11-07 09:20:19,2025-11-11 18:38:40,1
IC02874,2,2025-10-13 13:07:54,2025-11-12 16:52:54,1
IC02876,2,2025-10-15 09:29:46,2025-11-12 16:08:41,1
IC02877,2,2025-09-12 09:38:13,2025-11-12 16:02:18,1
IC01182,2,2025-12-15 17:36:58,2025-12-18 08:32:44,1
IC01183,2,2025-12-08 09:05:46,2025-12-18 08:25:49,2
IC04138,2,2025-10-21 11:30:44,2025-10-21 12:52:46,1
IC04119,2,2025-09-22 03:10:35,2025-10-22 02:17:01,2
IC04120,2,2025-10-22 01:41:28,2025-10-22 01:41:29,1
IC04124,2,2025-09-04 09:34:29,2025-10-21 19:15:50,1
IC02910,2,2025-10-09 09:19:41,2025-11-11 14:38:20,1
IC01709,2,2025-09-09 09:11:36,2025-12-09 08:57:43,1
IC01710,2,2025-11-05 07:28:38,2025-12-09 08:57:40,1
IC01713,2,2025-11-11 14:26:30,2025-12-09 08:47:47,1
IC01717,2,2025-11-09 03:28:27,2025-11-09 03:29:31,1
IC02894,2,2025-11-05 07:45:23,2025-11-12 09:38:06,1
IC04125,2,2025-10-14 17:01:34,2025-10-21 17:20:57,1
IC04131,2,2025-10-21 12:36:43,2025-10-21 14:57:03,1
IC04132,2,2025-10-14 16:59:56,2025-10-21 14:48:16,1
IC04134,2,2025-09-22 06:55:39,2025-10-21 14:37:14,2
IC04135,2,2025-10-14 16:59:50,2025-10-21 14:34:39,1
IC04107,2,2025-10-21 17:56:03,2025-10-22 11:38:28,1
IC04110,2,2025-09-22 07:45:54,2025-10-22 10:00:22,2
IC04075,2,2025-10-09 06:22:05,2025-10-23 06:26:39,1
IC04076,2,2025-10-09 06:22:08,2025-10-23 06:26:37,1
IC04077,2,2025-10-09 06:21:04,2025-10-23 06:26:30,1
IC04078,2,2025-10-09 06:18:54,2025-10-23 06:25:28,1
IC04079,2,2025-10-09 06:18:51,2025-10-23 06:25:26,1
IC02924,2,2025-10-07 10:25:02,2025-11-11 08:41:25,1
IC01687,2,2025-09-15 10:19:59,2025-12-09 13:19:30,1
IC01696,2,2025-11-24 10:38:00,2025-12-09 10:38:51,1
IC02927,2,2025-09-22 04:01:33,2025-11-11 07:58:54,1
IC02930,2,2025-10-19 11:31:20,2025-11-11 00:05:50,1
IC02933,2,2025-11-10 19:14:59,2025-11-10 19:21:08,2
IC02907,2,2025-10-10 09:18:17,2025-11-11 15:35:13,1
IC04080,2,2025-10-02 10:43:24,2025-10-23 03:22:33,2
IC04089,2,2025-09-20 21:59:46,2025-10-22 18:28:54,1
IC04093,2,2025-10-22 15:36:48,2025-10-22 15:52:52,1
IC04062,2,2025-09-24 15:07:50,2025-10-23 08:43:04,1
IC04065,2,2025-10-09 06:57:12,2025-10-23 06:36:31,1
IC04066,2,2025-10-09 06:56:57,2025-10-23 06:35:46,1
IC04067,2,2025-10-09 06:57:09,2025-10-23 06:35:43,1
IC02951,2,2025-10-20 12:45:35,2025-11-10 11:16:14,2
IC02916,2,2025-09-22 05:53:44,2025-11-11 10:07:51,2
IC02917,2,2025-10-31 02:15:29,2025-11-11 10:03:01,1
IC04068,2,2025-10-09 06:58:09,2025-10-23 06:35:41,1
IC01200,2,2025-12-17 22:41:09,2025-12-17 22:42:10,1
IC04069,2,2025-10-09 06:58:07,2025-10-23 06:35:39,1
IC04070,2,2025-10-09 06:58:15,2025-10-23 06:35:38,1
IC04071,2,2025-10-09 06:58:23,2025-10-23 06:35:35,1
IC04072,2,2025-10-09 06:58:17,2025-10-23 06:35:34,1
IC04073,2,2025-10-09 06:58:20,2025-10-23 06:35:29,1
IC04074,2,2025-10-09 06:58:12,2025-10-23 06:35:27,1
IC04044,2,2025-09-23 09:06:39,2025-10-23 15:09:04,1
IC01203,2,2025-10-20 05:06:54,2025-12-17 21:55:26,1
IC01205,2,2025-11-13 11:34:15,2025-12-17 21:33:52,1
IC04052,2,2025-09-16 08:02:29,2025-10-23 09:51:03,1
IC04054,2,2025-10-22 21:38:53,2025-10-23 09:38:31,1
IC04057,2,2025-09-26 09:27:47,2025-10-23 09:27:31,1
IC04060,2,2025-09-03 18:06:05,2025-10-23 09:01:28,1
IC04032,2,2025-10-10 06:24:31,2025-10-24 06:13:37,1
IC04033,2,2025-10-10 06:24:27,2025-10-24 06:12:38,1
IC04034,2,2025-10-10 06:24:21,2025-10-24 06:12:36,1
IC04035,2,2025-09-19 09:46:52,2025-10-24 02:47:13,2
IC02964,2,2025-11-06 17:26:07,2025-11-10 08:09:21,1
IC02967,2,2025-11-09 18:55:39,2025-11-09 19:07:17,1
IC02970,2,2025-11-07 13:40:52,2025-11-09 13:11:22,1
IC02972,2,2025-09-22 06:25:40,2025-11-09 06:25:48,1
IC02935,2,2025-10-02 11:14:43,2025-11-10 18:39:02,1
IC01226,2,2025-12-01 10:46:15,2025-12-17 15:25:23,2
IC01228,2,2025-12-12 12:13:41,2025-12-17 15:16:33,2
IC04039,2,2025-10-16 17:56:11,2025-10-23 16:33:54,2
IC04041,2,2025-10-16 18:04:34,2025-10-23 15:53:26,2
IC04016,2,2025-10-09 06:42:48,2025-10-24 06:46:15,1
IC04017,2,2025-10-09 06:42:30,2025-10-24 06:46:13,1
IC04018,2,2025-10-09 06:42:46,2025-10-24 06:46:11,1
IC04019,2,2025-10-09 06:42:41,2025-10-24 06:46:09,1
IC04020,2,2025-10-09 06:43:08,2025-10-24 06:46:07,1
IC02983,2,2025-09-16 22:03:09,2025-11-08 16:32:01,2
IC01672,2,2025-11-11 15:49:20,2025-12-09 15:46:51,1
IC02959,2,2025-09-22 07:52:58,2025-11-10 09:25:28,2
IC04021,2,2025-10-09 06:42:44,2025-10-24 06:46:05,1
IC04022,2,2025-10-09 06:43:06,2025-10-24 06:46:03,1
IC04023,2,2025-10-09 06:42:38,2025-10-24 06:46:01,1
IC04024,2,2025-10-09 06:13:18,2025-10-24 06:30:00,1
IC04025,2,2025-10-09 06:13:15,2025-10-24 06:29:57,1
IC04026,2,2025-10-10 06:24:16,2025-10-24 06:13:54,1
IC04027,2,2025-10-10 06:24:14,2025-10-24 06:13:51,1
IC04028,2,2025-10-10 06:24:11,2025-10-24 06:13:49,1
IC04029,2,2025-10-10 06:24:18,2025-10-24 06:13:47,1
IC04030,2,2025-10-10 06:24:24,2025-10-24 06:13:44,1
IC04031,2,2025-10-10 06:24:29,2025-10-24 06:13:39,1
IC01681,2,2025-11-12 21:17:41,2025-12-09 14:31:38,1
IC01682,2,2025-12-09 14:25:17,2025-12-09 14:27:31,1
IC01685,2,2025-10-08 17:48:58,2025-12-09 13:49:38,1
IC01657,2,2025-12-09 08:11:28,2025-12-10 02:50:30,1
IC01668,2,2025-12-09 14:55:37,2025-12-09 16:10:11,1
IC02976,2,2025-10-05 14:11:07,2025-11-09 04:56:23,2
IC02978,2,2025-09-03 20:17:01,2025-11-09 01:10:51,1
IC04003,2,2025-10-22 23:30:25,2025-10-24 08:59:30,2
IC04005,2,2025-09-02 10:51:56,2025-10-24 08:20:31,1
IC04006,2,2025-09-22 08:04:18,2025-10-24 08:03:28,1
IC04007,2,2025-10-09 06:43:01,2025-10-24 06:47:25,1
IC04009,2,2025-10-09 06:42:32,2025-10-24 06:47:21,1
IC04010,2,2025-10-09 06:42:56,2025-10-24 06:47:19,1
IC04011,2,2025-10-09 06:42:51,2025-10-24 06:47:16,1
IC04012,2,2025-10-09 06:42:58,2025-10-24 06:47:14,1
IC04013,2,2025-10-09 06:42:53,2025-10-24 06:46:22,1
IC04014,2,2025-10-09 06:43:03,2025-10-24 06:46:20,1
IC03983,2,2025-10-10 13:39:15,2025-10-24 11:33:51,1
IC03004,2,2025-09-04 09:35:43,2025-11-07 12:32:41,1
IC03005,2,2025-10-31 17:11:03,2025-11-07 11:40:42,2
IC03013,2,2025-09-02 09:47:12,2025-11-07 01:33:20,2
IC03020,2,2025-09-22 03:31:33,2025-11-06 21:12:42,2
IC01677,2,2025-12-03 12:22:53,2025-12-09 14:50:18,1
IC01246,2,2025-10-16 17:59:51,2025-12-17 11:50:49,1
IC03993,2,2025-09-22 08:26:53,2025-10-24 11:33:22,2
IC03975,2,2025-10-24 11:31:41,2025-10-24 11:34:07,1
IC03959,2,2025-10-24 11:31:42,2025-10-24 11:34:36,1
IC01650,2,2025-09-09 15:47:43,2025-12-10 08:44:03,1
IC03033,2,2025-11-05 13:44:14,2025-11-06 11:40:17,1
IC03037,2,2025-10-17 10:23:35,2025-11-06 10:44:58,1
IC02999,2,2025-10-24 11:34:40,2025-11-07 18:03:17,1
IC03943,2,2025-09-22 08:19:58,2025-10-24 11:35:06,1
IC03950,2,2025-10-24 11:31:39,2025-10-24 11:34:51,1
IC03908,2,2025-09-22 05:33:40,2025-10-24 11:36:14,1
IC03881,2,2025-10-24 11:34:53,2025-10-24 11:54:30,2
IC03889,2,2025-10-10 14:18:40,2025-10-24 11:38:30,1
IC03893,2,2025-10-24 11:33:44,2025-10-24 11:37:10,2
IC03872,2,2025-09-24 14:47:55,2025-10-24 14:52:14,1
IC03874,2,2025-09-23 09:58:18,2025-10-24 14:25:23,1
IC01273,2,2025-11-26 08:49:44,2025-12-16 19:18:26,1
IC01278,2,2025-12-16 18:56:21,2025-12-16 18:56:23,1
IC01279,2,2025-11-19 15:41:29,2025-12-16 18:25:20,1
IC01249,2,2025-09-22 05:05:37,2025-12-17 10:20:53,1
IC01252,2,2025-09-17 09:32:05,2025-12-17 09:32:30,1
IC01261,2,2025-12-10 11:37:42,2025-12-17 06:32:38,1
IC01288,2,2025-12-10 08:32:39,2025-12-16 14:26:44,1
IC01291,2,2025-10-15 08:15:48,2025-12-16 14:11:12,2
IC03041,2,2025-09-22 08:04:24,2025-11-06 08:03:36,1
IC03044,2,2025-10-05 23:07:42,2025-11-05 21:35:41,1
IC01638,2,2025-12-01 08:12:51,2025-12-10 10:11:32,1
IC03867,2,2025-09-04 05:46:17,2025-10-24 15:35:40,2
IC03844,2,2025-10-07 14:38:12,2025-10-25 10:58:50,2
IC03852,2,2025-10-23 09:35:48,2025-10-25 02:31:42,1
IC03853,2,2025-09-20 03:47:11,2025-10-25 00:22:22,1
IC03859,2,2025-10-09 20:09:09,2025-10-24 20:08:48,1
IC03816,2,2025-09-02 09:28:43,2025-10-27 10:20:55,1
IC03823,2,2025-10-06 08:23:13,2025-10-27 08:22:24,1
IC03828,2,2025-10-06 10:45:08,2025-10-26 22:09:29,2
IC03830,2,2025-10-26 15:31:19,2025-10-26 15:31:21,1
IC03832,2,2025-09-22 13:38:32,2025-10-26 13:01:29,1
IC03837,2,2025-10-13 08:56:28,2025-10-25 21:25:45,1
IC03838,2,2025-09-22 04:16:37,2025-10-25 18:38:52,2
IC03839,2,2025-09-22 10:22:56,2025-10-25 18:33:58,1
IC03811,2,2025-10-18 11:14:01,2025-10-27 12:09:56,1
IC01303,2,2025-12-16 10:34:32,2025-12-16 12:01:58,1
IC01608,2,2025-10-17 06:30:35,2025-12-11 03:00:22,1
IC01613,2,2025-09-10 18:23:27,2025-12-10 18:02:30,1
IC01615,2,2025-10-20 09:03:57,2025-12-10 17:58:41,2
IC01616,2,2025-10-16 17:54:36,2025-12-10 17:53:21,2
IC03057,2,2025-10-22 18:05:23,2025-11-05 15:52:18,1
IC03059,2,2025-10-28 09:13:26,2025-11-05 15:52:13,1
IC03060,2,2025-09-15 09:16:26,2025-11-05 15:41:33,1
IC03065,2,2025-11-05 14:04:57,2025-11-05 14:55:11,2
IC01622,2,2025-10-27 11:59:25,2025-12-10 17:29:00,2
IC01629,2,2025-11-26 07:42:39,2025-12-10 14:07:44,2
IC03073,2,2025-11-03 16:09:22,2025-11-05 09:30:17,1
IC03076,2,2025-09-22 04:35:40,2025-11-05 08:41:36,2
IC03078,2,2025-09-22 08:14:54,2025-11-05 08:24:52,2
IC03080,2,2025-09-22 07:49:53,2025-11-05 07:49:30,1
IC03081,2,2025-09-22 04:54:38,2025-11-05 07:48:56,2
IC03054,2,2025-09-23 16:58:40,2025-11-05 16:08:50,2
IC01308,2,2025-10-28 16:36:57,2025-12-16 11:14:56,1
IC03812,2,2025-10-13 13:34:35,2025-10-27 11:45:22,1
IC03791,2,2025-10-27 01:05:53,2025-10-28 02:18:04,1
IC03800,2,2025-10-23 17:43:17,2025-10-27 17:07:54,1
IC03802,2,2025-10-16 17:52:35,2025-10-27 16:37:59,2
IC03803,2,2025-10-23 11:29:09,2025-10-27 16:31:49,2
IC03806,2,2025-10-27 09:10:12,2025-10-27 16:04:39,1
IC01315,2,2025-12-15 17:36:42,2025-12-16 09:50:58,2
IC01319,2,2025-09-02 09:34:46,2025-12-16 04:12:41,1
IC01324,2,2025-11-24 08:04:42,2025-12-15 23:50:56,2
IC03757,2,2025-10-15 20:52:17,2025-10-28 20:51:22,1
IC03067,2,2025-10-05 02:33:46,2025-11-05 14:05:26,1
IC03763,2,2025-09-22 04:38:36,2025-10-28 16:22:50,2
IC03767,2,2025-09-04 09:35:56,2025-10-28 15:12:56,1
IC03771,2,2025-10-16 18:02:05,2025-10-28 13:54:30,1
IC03777,2,2025-10-14 17:00:01,2025-10-28 10:49:13,1
IC03743,2,2025-10-29 08:10:06,2025-10-29 08:28:20,1
IC03744,2,2025-10-29 08:07:50,2025-10-29 08:08:55,2
IC03745,2,2025-09-22 07:21:55,2025-10-29 07:21:52,1
IC03746,2,2025-10-14 07:19:40,2025-10-29 05:49:47,1
IC03749,2,2025-10-15 21:35:23,2025-10-28 21:34:31,1
IC03750,2,2025-10-15 21:35:25,2025-10-28 21:34:29,1
IC03751,2,2025-10-15 21:35:21,2025-10-28 21:34:28,1
IC03752,2,2025-10-15 21:34:23,2025-10-28 21:33:33,1
IC03753,2,2025-10-15 21:34:22,2025-10-28 21:33:26,1
IC03754,2,2025-10-15 21:24:17,2025-10-28 21:24:30,1
IC03755,2,2025-10-15 21:23:19,2025-10-28 21:23:30,1
IC03756,2,2025-10-15 21:24:14,2025-10-28 21:23:28,1
IC03722,2,2025-10-23 17:30:47,2025-10-30 08:26:28,1
IC03108,2,2025-10-16 20:20:48,2025-11-05 07:43:22,1
IC03112,2,2025-09-22 05:07:36,2025-11-05 07:42:32,2
IC03087,2,2025-10-06 10:19:35,2025-11-05 07:48:43,2
IC03728,2,2025-10-16 18:03:22,2025-10-29 21:38:53,2
IC03729,2,2025-09-22 05:48:35,2025-10-29 20:19:03,1
IC03730,2,2025-10-29 07:11:50,2025-10-29 19:24:19,1
IC03733,2,2025-10-29 16:30:28,2025-10-29 16:30:30,1
IC03734,2,2025-10-27 08:16:57,2025-10-29 14:47:01,1
IC03735,2,2025-09-18 08:19:45,2025-10-29 14:28:33,1
IC03738,2,2025-10-29 09:05:53,2025-10-29 10:09:54,1
IC01337,2,2025-12-06 17:33:54,2025-12-15 21:33:37,1
IC03716,2,2025-09-15 04:32:53,2025-10-30 09:44:39,1
IC03717,2,2025-10-16 16:10:26,2025-10-30 09:35:27,1
IC03693,2,2025-10-31 03:16:58,2025-10-31 03:17:00,1
IC03696,2,2025-10-29 23:59:34,2025-10-30 23:59:59,1
IC03121,2,2025-09-02 09:33:17,2025-11-05 07:42:16,1
IC03126,2,2025-10-07 10:23:47,2025-11-05 07:41:30,1
IC03127,2,2025-11-05 06:50:26,2025-11-05 07:41:23,1
IC03131,2,2025-11-05 07:09:36,2025-11-05 07:40:25,1
IC03101,2,2025-09-22 05:17:38,2025-11-05 07:44:02,2
IC01590,2,2025-09-27 21:33:31,2025-12-11 12:20:21,2
IC01596,2,2025-09-04 02:37:04,2025-12-11 09:42:27,2
IC03697,2,2025-10-09 23:06:10,2025-10-30 23:39:13,2
IC03698,2,2025-10-30 12:46:05,2025-10-30 22:47:36,1
IC03700,2,2025-09-30 22:47:35,2025-10-30 21:52:30,1
IC03705,2,2025-10-30 05:57:28,2025-10-30 17:57:47,1
IC03706,2,2025-10-29 17:56:54,2025-10-30 17:56:50,1
IC03685,2,2025-09-22 07:25:58,2025-10-31 07:25:54,1
IC03686,2,2025-09-22 05:57:42,2025-10-31 05:57:37,1
IC03668,2,2025-10-30 22:56:19,2025-10-31 14:49:31,2
IC01580,2,2025-11-18 10:33:29,2025-12-11 18:14:24,1
IC01584,2,2025-11-28 22:53:05,2025-12-11 14:28:43,2
IC03136,2,2025-09-22 06:17:41,2025-11-05 07:40:19,2
IC03138,2,2025-09-22 07:55:58,2025-11-05 07:40:15,2
IC03143,2,2025-09-14 13:55:33,2025-11-05 07:39:26,2
IC03672,2,2025-09-26 12:50:45,2025-10-31 13:16:16,1
IC03674,2,2025-10-31 13:01:42,2025-10-31 13:03:03,1
IC03640,2,2025-10-11 11:27:51,2025-10-31 23:37:11,2
IC03642,2,2025-10-31 09:35:21,2025-10-31 21:35:26,1
IC03649,2,2025-10-31 05:58:26,2025-10-31 17:58:34,1
IC03651,2,2025-09-22 05:57:47,2025-10-31 17:58:30,1
IC03660,2,2025-09-22 05:56:36,2025-10-31 17:57:24,1
IC03664,2,2025-10-31 15:05:23,2025-10-31 15:29:33,1
IC01369,2,2025-12-07 18:32:51,2025-12-15 17:38:12,1
IC01371,2,2025-09-09 09:01:07,2025-12-15 17:38:07,1
IC01376,2,2025-09-22 05:02:35,2025-12-15 17:37:56,2
IC01378,2,2025-10-03 13:03:08,2025-12-15 17:37:52,1
IC03636,2,2025-10-31 13:02:52,2025-11-01 01:02:28,1
IC03637,2,2025-11-01 00:22:41,2025-11-01 00:24:01,1
IC03606,2,2025-09-22 07:52:52,2025-11-03 05:47:05,2
IC03608,2,2025-09-22 07:33:51,2025-11-02 19:33:36,1
IC03156,2,2025-10-30 12:22:49,2025-11-05 07:38:27,2
IC03160,2,2025-09-02 09:43:30,2025-11-05 07:37:50,1
IC03161,2,2025-09-03 11:37:51,2025-11-05 07:37:46,2
IC01572,2,2025-11-26 08:28:36,2025-12-12 08:28:56,1
IC01573,2,2025-11-12 14:40:24,2025-12-12 08:28:05,1
IC03625,2,2025-10-30 01:28:35,2025-11-01 18:42:10,1
IC03626,2,2025-10-04 19:24:13,2025-11-01 12:31:36,1
IC03629,2,2025-11-01 07:54:55,2025-11-01 10:03:01,1
IC03635,2,2025-09-24 18:02:49,2025-11-01 03:33:34,2
IC01380,2,2025-11-05 07:48:51,2025-12-15 17:37:47,1
IC01382,2,2025-10-06 02:05:16,2025-12-15 17:37:42,2
IC01570,2,2025-09-15 14:47:50,2025-12-12 09:24:03,1
IC01571,2,2025-10-07 10:22:41,2025-12-12 08:29:52,1
IC03175,2,2025-09-22 07:31:54,2025-11-05 07:35:39,2
IC03176,2,2025-09-02 09:27:10,2025-11-05 07:35:37,1
IC03150,2,2025-11-05 06:47:20,2025-11-05 07:38:36,1
IC01386,2,2025-09-10 08:24:19,2025-12-15 17:37:31,1
IC01391,2,2025-09-22 05:23:34,2025-12-15 17:37:20,2
IC03584,2,2025-09-25 08:33:51,2025-11-03 13:57:08,1
IC03585,2,2025-09-23 17:39:39,2025-11-03 13:55:02,2
IC03586,2,2025-10-16 17:56:08,2025-11-03 13:38:26,1
IC03594,2,2025-09-22 04:55:37,2025-11-03 10:24:22,2
IC03601,2,2025-09-02 09:29:36,2025-11-03 09:14:19,1
IC03566,2,2025-10-07 10:21:06,2025-11-04 09:18:38,1
IC03581,2,2025-10-02 09:43:47,2025-11-03 14:58:10,1
IC01409,2,2025-09-18 10:32:44,2025-12-15 17:36:36,2
IC03556,2,2025-11-04 10:55:30,2025-11-04 10:55:33,1
IC03560,2,2025-09-02 14:31:27,2025-11-04 10:17:23,1
IC03536,2,2025-09-02 09:33:42,2025-11-04 16:31:31,1
IC03537,2,2025-11-04 09:03:55,2025-11-04 16:30:00,2
IC03540,2,2025-09-22 06:08:36,2025-11-04 16:14:58,2
IC01541,2,2025-09-22 04:09:34,2025-12-12 15:53:32,2
IC01550,2,2025-09-02 09:36:14,2025-12-12 14:57:34,1
IC01553,2,2025-10-18 18:49:43,2025-12-12 13:31:39,1
IC01563,2,2025-12-10 14:47:56,2025-12-12 11:07:59,2
IC01566,2,2025-09-12 09:55:07,2025-12-12 09:53:59,1
IC03544,2,2025-09-04 09:40:46,2025-11-04 16:03:21,1
IC03552,2,2025-10-03 18:46:22,2025-11-04 13:04:41,1
IC01395,2,2025-09-22 06:22:37,2025-12-15 17:37:09,2
IC01398,2,2025-11-05 10:42:33,2025-12-15 17:37:02,2
IC03523,2,2025-10-07 10:24:57,2025-11-05 06:48:20,1
IC03524,2,2025-10-15 21:04:05,2025-11-05 06:46:31,1
IC03526,2,2025-10-15 11:13:04,2025-11-05 06:45:13,1
IC03527,2,2025-11-03 14:40:28,2025-11-05 05:50:08,2
IC03535,2,2025-09-02 09:54:24,2025-11-04 16:32:50,1
IC03502,2,2025-09-04 09:38:29,2025-11-05 06:52:31,1
IC03195,2,2025-11-05 07:13:13,2025-11-05 07:34:27,1
IC03196,2,2025-11-05 06:53:23,2025-11-05 07:34:26,1
IC03197,2,2025-10-07 10:27:41,2025-11-05 07:34:21,1
IC01526,2,2025-12-12 12:22:40,2025-12-13 00:24:56,1
IC03179,2,2025-11-05 06:54:25,2025-11-05 07:35:33,1
IC01539,2,2025-11-12 13:58:03,2025-12-12 16:13:22,1
IC03504,2,2025-10-07 10:36:05,2025-11-05 06:51:29,1
IC03505,2,2025-10-07 10:27:46,2025-11-05 06:51:22,1
IC03513,2,2025-10-07 10:35:24,2025-11-05 06:50:21,1
IC03487,2,2025-09-02 09:26:33,2025-11-05 06:55:24,1
IC03489,2,2025-09-04 02:56:21,2025-11-05 06:54:28,1
IC03492,2,2025-09-08 16:15:17,2025-11-05 06:53:38,1
IC03498,2,2025-09-22 04:39:41,2025-11-05 06:53:16,2
IC01420,2,2025-11-11 09:43:51,2025-12-15 17:36:09,1
IC03210,2,2025-10-15 21:05:22,2025-11-05 07:32:42,1
IC03212,2,2025-10-03 09:10:46,2025-11-05 07:32:36,2
IC03217,2,2025-09-22 03:47:35,2025-11-05 07:31:29,2
IC03219,2,2025-09-18 20:19:29,2025-11-05 07:31:27,1
IC03222,2,2025-10-07 10:27:13,2025-11-05 07:30:32,1
IC03224,2,2025-09-02 09:27:08,2025-11-05 07:30:11,1
IC03186,2,2025-11-05 06:57:39,2025-11-05 07:34:48,1
IC03192,2,2025-10-07 10:28:16,2025-11-05 07:34:34,1
IC03476,2,2025-09-02 09:29:16,2025-11-05 06:57:36,1
IC03460,2,2025-10-20 11:49:18,2025-11-05 07:02:05,2
IC03468,2,2025-09-22 08:20:00,2025-11-05 07:00:31,2
IC01414,2,2025-12-04 13:07:37,2025-12-15 17:36:23,1
IC03445,2,2025-10-07 10:00:26,2025-11-05 07:03:17,1
IC03453,2,2025-10-07 10:24:45,2025-11-05 07:02:24,1
IC03425,2,2025-10-07 10:33:52,2025-11-05 07:05:37,1
IC03426,2,2025-10-07 10:23:34,2025-11-05 07:05:31,1
IC01521,2,2025-09-02 15:34:31,2025-12-13 05:48:52,1
IC01502,2,2025-12-10 17:13:35,2025-12-14 04:17:29,1
IC01505,2,2025-09-14 23:11:24,2025-12-14 01:41:43,1
IC03200,2,2025-09-22 06:14:40,2025-11-05 07:33:53,2
IC03436,2,2025-09-22 07:33:55,2025-11-05 07:04:28,2
IC03437,2,2025-10-07 10:30:47,2025-11-05 07:04:22,1
IC03416,2,2025-10-07 10:23:52,2025-11-05 07:07:19,1
IC03385,2,2025-10-15 21:06:06,2025-11-05 07:11:21,1
IC03397,2,2025-09-22 05:31:43,2025-11-05 07:09:33,2
IC01432,2,2025-11-05 06:55:21,2025-12-15 17:35:40,1
IC01433,2,2025-12-05 12:21:38,2025-12-15 17:35:38,1
IC03363,2,2025-10-07 10:36:10,2025-11-05 07:13:28,1
IC03366,2,2025-09-22 04:16:33,2025-11-05 07:13:23,2
IC03372,2,2025-10-15 21:06:59,2025-11-05 07:12:26,1
IC03240,2,2025-10-27 15:11:36,2025-11-05 07:28:32,1
IC01480,2,2025-09-12 14:53:20,2025-12-15 08:47:49,1
IC01484,2,2025-12-04 10:08:09,2025-12-15 08:19:53,1
IC03227,2,2025-09-09 09:53:36,2025-11-05 07:30:04,1
IC03229,2,2025-09-22 04:56:36,2025-11-05 07:30:00,2
IC03347,2,2025-09-22 06:23:43,2025-11-05 07:15:09,2
IC03354,2,2025-09-22 07:10:48,2025-11-05 07:14:51,2
IC03325,2,2025-09-22 05:23:47,2025-11-05 07:18:49,2
IC03331,2,2025-11-05 07:02:11,2025-11-05 07:17:47,1
IC03334,2,2025-09-02 09:43:42,2025-11-05 07:17:40,1
IC03336,2,2025-10-07 10:23:42,2025-11-05 07:17:18,1
IC03339,2,2025-09-02 09:35:25,2025-11-05 07:16:32,1
IC03307,2,2025-09-22 08:03:55,2025-11-05 07:21:32,2
IC03309,2,2025-10-07 10:34:15,2025-11-05 07:21:30,1
IC03312,2,2025-09-22 05:51:39,2025-11-05 07:20:16,2
IC03314,2,2025-09-22 08:01:52,2025-11-05 07:20:11,2
IC03319,2,2025-10-07 10:28:06,2025-11-05 07:19:26,1
IC03323,2,2025-11-05 06:52:18,2025-11-05 07:18:53,1
IC03324,2,2025-09-04 09:44:44,2025-11-05 07:18:51,1
IC03287,2,2025-09-22 08:15:52,2025-11-05 07:23:43,2
IC01462,2,2025-10-11 18:56:27,2025-12-15 11:48:45,1
IC01463,2,2025-09-22 07:20:51,2025-10-24 11:35:43,1
IC01465,2,2025-10-20 10:52:50,2025-12-15 11:23:55,1
IC03233,2,2025-11-05 06:56:24,2025-11-05 07:29:27,1
IC03297,2,2025-11-05 06:51:27,2025-11-05 07:22:43,1
IC03299,2,2025-09-02 09:37:17,2025-11-05 07:22:40,1
IC03302,2,2025-09-02 09:44:37,2025-11-05 07:22:37,1
IC03303,2,2025-10-07 10:22:53,2025-11-05 07:22:35,1
IC03266,2,2025-09-12 14:51:58,2025-11-05 07:26:27,1
IC03268,2,2025-09-18 18:58:25,2025-11-05 07:26:19,1
IC03270,2,2025-09-20 09:56:39,2025-11-05 07:25:41,1
IC01445,2,2025-10-16 17:59:23,2025-12-15 16:15:34,1
IC01447,2,2025-09-02 12:43:46,2025-12-15 16:06:37,1
IC01453,2,2025-09-24 12:00:01,2025-12-15 13:50:44,2
IC01455,2,2025-12-01 23:15:40,2025-12-15 13:44:06,2
IC03281,2,2025-09-22 05:18:35,2025-11-05 07:25:08,2
IC03252,2,2025-09-18 09:27:50,2025-11-05 07:27:33,1
IC03255,2,2025-09-04 09:37:06,2025-11-05 07:27:28,1
IC06422,2,2025-09-01 13:09:10,2025-09-01 14:54:49,2
IC02202,2,2025-11-25 22:37:49,2025-12-01 10:57:51,1
IC02205,2,2025-10-15 16:18:18,2025-10-15 16:51:23,1
IC02206,2,2025-11-29 14:46:03,2025-12-01 10:22:02,2
IC06413,2,2025-09-01 21:15:55,2025-09-01 21:26:21,1
IC06415,2,2025-09-01 14:27:56,2025-09-01 17:58:07,1
IC06414,1,2025-09-01 20:12:34,2025-09-01 20:12:34,1
IC06387,1,2025-09-02 09:27:29,2025-09-02 09:27:29,1
IC02207,1,2025-12-01 09:55:39,2025-12-01 09:55:39,1
IC06403,1,2025-09-02 09:26:44,2025-09-02 09:26:44,1
IC06402,1,2025-09-02 09:26:46,2025-09-02 09:26:46,1
IC06401,1,2025-09-02 09:26:48,2025-09-02 09:26:48,1
IC06400,1,2025-09-02 09:26:50,2025-09-02 09:26:50,1
IC06399,1,2025-09-02 09:26:53,2025-09-02 09:26:53,1
IC06371,1,2025-09-02 09:28:18,2025-09-02 09:28:18,1
IC06372,1,2025-09-02 09:28:16,2025-09-02 09:28:16,1
IC06373,1,2025-09-02 09:28:13,2025-09-02 09:28:13,1
IC06374,1,2025-09-02 09:28:11,2025-09-02 09:28:11,1
IC06375,1,2025-09-02 09:28:08,2025-09-02 09:28:08,1
IC06376,1,2025-09-02 09:28:06,2025-09-02 09:28:06,1
IC06377,1,2025-09-02 09:28:02,2025-09-02 09:28:02,1
IC06378,1,2025-09-02 09:28:00,2025-09-02 09:28:00,1
IC06379,1,2025-09-02 09:27:56,2025-09-02 09:27:56,1
IC06380,1,2025-09-02 09:27:54,2025-09-02 09:27:54,1
IC06381,1,2025-09-02 09:27:52,2025-09-02 09:27:52,1
IC06382,1,2025-09-02 09:27:51,2025-09-02 09:27:51,1
IC06383,1,2025-09-02 09:27:46,2025-09-02 09:27:46,1
IC06384,1,2025-09-02 09:27:44,2025-09-02 09:27:44,1
IC06385,1,2025-09-02 09:27:42,2025-09-02 09:27:42,1
IC06386,1,2025-09-02 09:27:39,2025-09-02 09:27:39,1
IC03301,1,2025-11-05 07:22:37,2025-11-05 07:22:37,1
IC03305,1,2025-11-05 07:21:39,2025-11-05 07:21:39,1
IC03306,1,2025-11-05 07:21:36,2025-11-05 07:21:36,1
IC03265,1,2025-11-05 07:26:29,2025-11-05 07:26:29,1
IC01443,1,2025-12-15 16:31:31,2025-12-15 16:31:31,1
IC01448,1,2025-12-15 15:39:25,2025-12-15 15:39:25,1
IC01449,1,2025-12-15 14:54:49,2025-12-15 14:54:49,1
IC03279,1,2025-11-05 07:25:13,2025-11-05 07:25:13,1
IC03280,1,2025-11-05 07:25:10,2025-11-05 07:25:10,1
IC03282,1,2025-11-05 07:25:05,2025-11-05 07:25:05,1
IC03283,1,2025-11-05 07:25:03,2025-11-05 07:25:03,1
IC03253,1,2025-11-05 07:27:30,2025-11-05 07:27:30,1
IC03256,1,2025-11-05 07:27:25,2025-11-05 07:27:25,1
IC03259,1,2025-11-05 07:26:36,2025-11-05 07:26:36,1
IC06421,1,2025-09-01 15:03:46,2025-09-01 15:03:46,1
IC06423,1,2025-09-01 14:52:04,2025-09-01 14:52:04,1
IC03260,1,2025-11-05 07:26:34,2025-11-05 07:26:34,1
IC01459,1,2025-12-15 13:00:06,2025-12-15 13:00:06,1
IC01461,1,2025-12-15 12:05:55,2025-12-15 12:05:55,1
IC01467,1,2025-12-15 10:17:00,2025-12-15 10:17:00,1
IC01471,1,2025-12-10 10:20:01,2025-12-10 10:20:01,1
IC01474,1,2025-12-15 09:29:24,2025-12-15 09:29:24,1
IC03263,1,2025-11-05 07:26:32,2025-11-05 07:26:32,1
IC03264,1,2025-11-05 07:26:30,2025-11-05 07:26:30,1
IC03231,1,2025-11-05 07:29:52,2025-11-05 07:29:52,1
IC03232,1,2025-11-05 07:29:46,2025-11-05 07:29:46,1
IC03237,1,2025-11-05 07:28:37,2025-11-05 07:28:37,1
IC03238,1,2025-11-05 07:28:34,2025-11-05 07:28:34,1
IC03291,1,2025-11-05 07:23:34,2025-11-05 07:23:34,1
IC03292,1,2025-11-05 07:23:32,2025-11-05 07:23:32,1
IC03296,1,2025-11-05 07:22:46,2025-11-05 07:22:46,1
IC03298,1,2025-11-05 07:22:42,2025-11-05 07:22:42,1
IC03337,1,2025-11-05 07:16:36,2025-11-05 07:16:36,1
IC03338,1,2025-11-05 07:16:34,2025-11-05 07:16:34,1
IC03340,1,2025-11-05 07:16:30,2025-11-05 07:16:30,1
IC03308,1,2025-11-05 07:21:30,2025-11-05 07:21:30,1
IC03310,1,2025-11-05 07:21:20,2025-11-05 07:21:20,1
IC03311,1,2025-11-05 07:20:18,2025-11-05 07:20:18,1
IC03313,1,2025-11-05 07:20:14,2025-11-05 07:20:14,1
IC03315,1,2025-11-05 07:20:09,2025-11-05 07:20:09,1
IC03316,1,2025-11-05 07:20:07,2025-11-05 07:20:07,1
IC03317,1,2025-11-05 07:20:05,2025-11-05 07:20:05,1
IC03320,1,2025-11-05 07:19:21,2025-11-05 07:19:21,1
IC03322,1,2025-11-05 07:18:55,2025-11-05 07:18:55,1
IC03284,1,2025-11-05 07:25:01,2025-11-05 07:25:01,1
IC03288,1,2025-11-05 07:23:41,2025-11-05 07:23:41,1
IC03289,1,2025-11-05 07:23:39,2025-11-05 07:23:39,1
IC03290,1,2025-11-05 07:23:36,2025-11-05 07:23:36,1
IC03349,1,2025-11-05 07:15:01,2025-11-05 07:15:01,1
IC03350,1,2025-11-05 07:14:59,2025-11-05 07:14:59,1
IC03351,1,2025-11-05 07:14:57,2025-11-05 07:14:57,1
IC03352,1,2025-11-05 07:14:54,2025-11-05 07:14:54,1
IC03353,1,2025-11-05 07:14:53,2025-11-05 07:14:53,1
IC03355,1,2025-11-05 07:14:49,2025-11-05 07:14:49,1
IC03356,1,2025-11-05 07:14:47,2025-11-05 07:14:47,1
IC03357,1,2025-11-05 07:14:45,2025-11-05 07:14:45,1
IC03326,1,2025-11-05 07:18:47,2025-11-05 07:18:47,1
IC03327,1,2025-11-05 07:18:45,2025-11-05 07:18:45,1
IC03328,1,2025-11-05 07:18:42,2025-11-05 07:18:42,1
IC03329,1,2025-11-05 07:17:51,2025-11-05 07:17:51,1
IC03330,1,2025-11-05 07:17:49,2025-11-05 07:17:49,1
IC03332,1,2025-11-05 07:17:44,2025-11-05 07:17:44,1
IC03333,1,2025-11-05 07:17:42,2025-11-05 07:17:42,1
IC03335,1,2025-11-05 07:17:38,2025-11-05 07:17:38,1
IC03343,1,2025-11-05 07:15:18,2025-11-05 07:15:18,1
IC03344,1,2025-11-05 07:15:17,2025-11-05 07:15:17,1
IC03345,1,2025-11-05 07:15:14,2025-11-05 07:15:14,1
IC03346,1,2025-11-05 07:15:12,2025-11-05 07:15:12,1
IC03241,1,2025-11-05 07:28:30,2025-11-05 07:28:30,1
IC01476,1,2025-12-15 08:59:32,2025-12-15 08:59:32,1
IC01477,1,2025-12-15 08:53:57,2025-12-15 08:53:57,1
IC01478,1,2025-12-15 08:52:34,2025-12-15 08:52:34,1
IC01479,1,2025-12-15 08:52:31,2025-12-15 08:52:31,1
IC01483,1,2025-12-15 08:33:54,2025-12-15 08:33:54,1
IC01486,1,2025-09-22 09:26:57,2025-09-22 09:26:57,1
IC03250,1,2025-11-05 07:27:35,2025-11-05 07:27:35,1
IC03228,1,2025-11-05 07:30:02,2025-11-05 07:30:02,1
IC03230,1,2025-11-05 07:29:59,2025-11-05 07:29:59,1
IC01511,1,2025-12-13 16:15:05,2025-12-13 16:15:05,1
IC03348,1,2025-11-05 07:15:03,2025-11-05 07:15:03,1
IC03379,1,2025-11-05 07:11:42,2025-11-05 07:11:42,1
IC03380,1,2025-11-05 07:11:39,2025-11-05 07:11:39,1
IC03361,1,2025-11-05 07:13:31,2025-11-05 07:13:31,1
IC03362,1,2025-11-05 07:13:29,2025-11-05 07:13:29,1
IC03364,1,2025-11-05 07:13:27,2025-11-05 07:13:27,1
IC03365,1,2025-11-05 07:13:25,2025-11-05 07:13:25,1
IC03367,1,2025-11-05 07:13:21,2025-11-05 07:13:21,1
IC03369,1,2025-11-05 07:13:19,2025-11-05 07:13:19,1
IC03370,1,2025-11-05 07:13:15,2025-11-05 07:13:15,1
IC03373,1,2025-11-05 07:11:54,2025-11-05 07:11:54,1
IC03374,1,2025-11-05 07:11:52,2025-11-05 07:11:52,1
IC01427,1,2025-12-15 17:35:52,2025-12-15 17:35:52,1
IC01428,1,2025-12-15 17:35:49,2025-12-15 17:35:49,1
IC01429,1,2025-12-15 17:35:47,2025-12-15 17:35:47,1
IC01430,1,2025-12-15 17:35:45,2025-12-15 17:35:45,1
IC03341,1,2025-11-05 07:16:27,2025-11-05 07:16:27,1
IC03396,1,2025-11-05 07:09:38,2025-11-05 07:09:38,1
IC03398,1,2025-11-05 07:09:32,2025-11-05 07:09:32,1
IC03399,1,2025-11-05 07:09:30,2025-11-05 07:09:30,1
IC03401,1,2025-11-05 07:09:28,2025-11-05 07:09:28,1
IC01431,1,2025-12-15 17:35:43,2025-12-15 17:35:43,1
IC01434,1,2025-12-15 17:35:36,2025-12-15 17:35:36,1
IC01435,1,2025-12-15 17:35:34,2025-12-15 17:35:34,1
IC01436,1,2025-12-15 17:35:31,2025-12-15 17:35:31,1
IC01437,1,2025-12-15 17:35:29,2025-12-15 17:35:29,1
IC01438,1,2025-12-15 17:35:27,2025-12-15 17:35:27,1
IC01439,1,2025-12-15 17:35:25,2025-12-15 17:35:25,1
IC01440,1,2025-12-15 17:35:22,2025-12-15 17:35:22,1
IC03375,1,2025-11-05 07:11:50,2025-11-05 07:11:50,1
IC03376,1,2025-11-05 07:11:48,2025-11-05 07:11:48,1
IC03377,1,2025-11-05 07:11:46,2025-11-05 07:11:46,1
IC03378,1,2025-11-05 07:11:44,2025-11-05 07:11:44,1
IC03413,1,2025-11-05 07:07:24,2025-11-05 07:07:24,1
IC03414,1,2025-11-05 07:07:22,2025-11-05 07:07:22,1
IC03418,1,2025-11-05 07:06:03,2025-11-05 07:06:03,1
IC03419,1,2025-11-05 07:05:58,2025-11-05 07:05:58,1
IC03420,1,2025-11-05 07:05:56,2025-11-05 07:05:56,1
IC03421,1,2025-11-05 07:05:53,2025-11-05 07:05:53,1
IC03381,1,2025-11-05 07:11:37,2025-11-05 07:11:37,1
IC03382,1,2025-11-05 07:11:35,2025-11-05 07:11:35,1
IC03383,1,2025-11-05 07:11:33,2025-11-05 07:11:33,1
IC03389,1,2025-11-05 07:09:58,2025-11-05 07:09:58,1
IC03390,1,2025-11-05 07:09:56,2025-11-05 07:09:56,1
IC03391,1,2025-11-05 07:09:54,2025-11-05 07:09:54,1
IC03392,1,2025-11-05 07:09:52,2025-11-05 07:09:52,1
IC03393,1,2025-11-05 07:09:49,2025-11-05 07:09:49,1
IC03394,1,2025-11-05 07:09:43,2025-11-05 07:09:43,1
IC03395,1,2025-11-05 07:09:40,2025-11-05 07:09:40,1
IC03430,1,2025-11-05 07:04:45,2025-11-05 07:04:45,1
IC03432,1,2025-11-05 07:04:41,2025-11-05 07:04:41,1
IC03433,1,2025-11-05 07:04:39,2025-11-05 07:04:39,1
IC03434,1,2025-11-05 07:04:37,2025-11-05 07:04:37,1
IC03435,1,2025-11-05 07:04:35,2025-11-05 07:04:35,1
IC03438,1,2025-11-05 07:03:30,2025-11-05 07:03:30,1
IC03439,1,2025-11-05 07:03:27,2025-11-05 07:03:27,1
IC03404,1,2025-11-05 07:07:47,2025-11-05 07:07:47,1
IC03405,1,2025-11-05 07:07:43,2025-11-05 07:07:43,1
IC03406,1,2025-11-05 07:07:39,2025-11-05 07:07:39,1
IC03407,1,2025-11-05 07:07:37,2025-11-05 07:07:37,1
IC03408,1,2025-11-05 07:07:35,2025-11-05 07:07:35,1
IC03409,1,2025-11-05 07:07:33,2025-11-05 07:07:33,1
IC03410,1,2025-11-05 07:07:30,2025-11-05 07:07:30,1
IC03411,1,2025-11-05 07:07:28,2025-11-05 07:07:28,1
IC03412,1,2025-11-05 07:07:26,2025-11-05 07:07:26,1
IC03423,1,2025-11-05 07:05:49,2025-11-05 07:05:49,1
IC03424,1,2025-11-05 07:05:45,2025-11-05 07:05:45,1
IC01514,1,2025-12-01 14:54:50,2025-12-01 14:54:50,1
IC01515,1,2025-12-13 11:25:35,2025-12-13 11:25:35,1
IC01519,1,2025-12-13 06:22:01,2025-12-13 06:22:01,1
IC01495,1,2025-12-14 20:37:41,2025-12-14 20:37:41,1
IC01497,1,2025-12-14 11:12:53,2025-12-14 11:12:53,1
IC01499,1,2025-12-14 09:26:50,2025-12-14 09:26:50,1
IC01503,1,2025-12-14 04:00:07,2025-12-14 04:00:07,1
IC01504,1,2025-12-14 01:48:04,2025-12-14 01:48:04,1
IC03199,1,2025-11-05 07:33:56,2025-11-05 07:33:56,1
IC03201,1,2025-11-05 07:33:47,2025-11-05 07:33:47,1
IC03202,1,2025-11-05 07:33:29,2025-11-05 07:33:29,1
IC03207,1,2025-11-05 07:32:58,2025-11-05 07:32:58,1
IC03428,1,2025-11-05 07:04:50,2025-11-05 07:04:50,1
IC03429,1,2025-11-05 07:04:47,2025-11-05 07:04:47,1
IC01412,1,2025-12-15 17:36:27,2025-12-15 17:36:27,1
IC03440,1,2025-11-05 07:03:25,2025-11-05 07:03:25,1
IC03441,1,2025-11-05 07:03:24,2025-11-05 07:03:24,1
IC03442,1,2025-11-05 07:03:22,2025-11-05 07:03:22,1
IC03443,1,2025-11-05 07:03:19,2025-11-05 07:03:19,1
IC03444,1,2025-11-05 07:03:17,2025-11-05 07:03:17,1
IC03446,1,2025-11-05 07:02:39,2025-11-05 07:02:39,1
IC03447,1,2025-11-05 07:02:36,2025-11-05 07:02:36,1
IC03448,1,2025-11-05 07:02:35,2025-11-05 07:02:35,1
IC03450,1,2025-11-05 07:02:29,2025-11-05 07:02:29,1
IC03451,1,2025-11-05 07:02:26,2025-11-05 07:02:26,1
IC03452,1,2025-11-05 07:02:24,2025-11-05 07:02:24,1
IC03454,1,2025-11-05 07:02:21,2025-11-05 07:02:21,1
IC03455,1,2025-11-05 07:02:19,2025-11-05 07:02:19,1
IC03456,1,2025-11-05 07:02:18,2025-11-05 07:02:18,1
IC03422,1,2025-11-05 07:05:51,2025-11-05 07:05:51,1
IC03472,1,2025-11-05 06:58:56,2025-11-05 06:58:56,1
IC03474,1,2025-11-05 06:57:43,2025-11-05 06:57:43,1
IC03475,1,2025-11-05 06:57:41,2025-11-05 06:57:41,1
IC03477,1,2025-11-05 06:57:35,2025-11-05 06:57:35,1
IC03457,1,2025-11-05 07:02:14,2025-11-05 07:02:14,1
IC03458,1,2025-11-05 07:02:09,2025-11-05 07:02:09,1
IC03459,1,2025-11-05 07:02:06,2025-11-05 07:02:06,1
IC03461,1,2025-11-05 07:02:03,2025-11-05 07:02:03,1
IC03462,1,2025-11-05 07:00:47,2025-11-05 07:00:47,1
IC03463,1,2025-11-05 07:00:45,2025-11-05 07:00:45,1
IC03464,1,2025-11-05 07:00:42,2025-11-05 07:00:42,1
IC03465,1,2025-11-05 07:00:39,2025-11-05 07:00:39,1
IC03466,1,2025-11-05 07:00:37,2025-11-05 07:00:37,1
IC03467,1,2025-11-05 07:00:34,2025-11-05 07:00:34,1
IC03469,1,2025-11-05 07:00:28,2025-11-05 07:00:28,1
IC03470,1,2025-11-05 06:59:00,2025-11-05 06:59:00,1
IC01418,1,2025-12-15 17:36:14,2025-12-15 17:36:14,1
IC01419,1,2025-12-15 17:36:11,2025-12-15 17:36:11,1
IC03208,1,2025-11-05 07:32:56,2025-11-05 07:32:56,1
IC03216,1,2025-11-05 07:31:31,2025-11-05 07:31:31,1
IC03218,1,2025-11-05 07:31:27,2025-11-05 07:31:27,1
IC03225,1,2025-11-05 07:30:09,2025-11-05 07:30:09,1
IC03226,1,2025-11-05 07:30:06,2025-11-05 07:30:06,1
IC03187,1,2025-11-05 07:34:46,2025-11-05 07:34:46,1
IC03188,1,2025-11-05 07:34:40,2025-11-05 07:34:40,1
IC03189,1,2025-11-05 07:34:36,2025-11-05 07:34:36,1
IC01422,1,2025-12-15 17:36:03,2025-12-15 17:36:03,1
IC01423,1,2025-12-15 17:36:00,2025-12-15 17:36:00,1
IC01424,1,2025-12-15 17:35:58,2025-12-15 17:35:58,1
IC01425,1,2025-12-15 17:35:56,2025-12-15 17:35:56,1
IC01426,1,2025-12-15 17:35:54,2025-12-15 17:35:54,1
IC03471,1,2025-11-05 06:58:58,2025-11-05 06:58:58,1
IC03514,1,2025-11-05 06:50:21,2025-11-05 06:50:21,1
IC03516,1,2025-11-05 06:50:17,2025-11-05 06:50:17,1
IC03478,1,2025-11-05 06:57:33,2025-11-05 06:57:33,1
IC03480,1,2025-11-05 06:56:42,2025-11-05 06:56:42,1
IC03481,1,2025-11-05 06:56:39,2025-11-05 06:56:39,1
IC03486,1,2025-11-05 06:55:26,2025-11-05 06:55:26,1
IC03488,1,2025-11-05 06:55:18,2025-11-05 06:55:18,1
IC03490,1,2025-11-05 06:54:18,2025-11-05 06:54:18,1
IC03491,1,2025-11-05 06:54:16,2025-11-05 06:54:16,1
IC03493,1,2025-11-05 06:53:26,2025-11-05 06:53:26,1
IC03494,1,2025-11-05 06:53:23,2025-11-05 06:53:23,1
IC03495,1,2025-11-05 06:53:20,2025-11-05 06:53:20,1
IC03496,1,2025-11-05 06:53:18,2025-11-05 06:53:18,1
IC03497,1,2025-11-05 06:53:17,2025-11-05 06:53:17,1
IC01415,1,2025-12-15 17:36:20,2025-12-15 17:36:20,1
IC01417,1,2025-12-15 17:36:16,2025-12-15 17:36:16,1
IC01528,1,2025-12-12 23:10:17,2025-12-12 23:10:17,1
IC01529,1,2025-12-12 20:56:06,2025-12-12 20:56:06,1
IC01531,1,2025-12-12 19:38:23,2025-12-12 19:38:23,1
IC01533,1,2025-12-12 17:33:09,2025-12-12 17:33:09,1
IC01534,1,2025-12-12 17:29:52,2025-12-12 17:29:52,1
IC01535,1,2025-12-12 17:19:56,2025-12-12 17:19:56,1
IC01537,1,2025-12-12 17:16:52,2025-12-12 17:16:52,1
IC03180,1,2025-11-05 07:35:33,2025-11-05 07:35:33,1
IC03181,1,2025-11-05 07:35:31,2025-11-05 07:35:31,1
IC01540,1,2025-12-12 15:58:33,2025-12-12 15:58:33,1
IC03506,1,2025-11-05 06:51:11,2025-11-05 06:51:11,1
IC03507,1,2025-11-05 06:51:09,2025-11-05 06:51:09,1
IC03509,1,2025-11-05 06:51:04,2025-11-05 06:51:04,1
IC03510,1,2025-11-05 06:51:02,2025-11-05 06:51:02,1
IC03511,1,2025-11-05 06:50:25,2025-11-05 06:50:25,1
IC03512,1,2025-11-05 06:50:23,2025-11-05 06:50:23,1
IC01397,1,2025-12-15 17:37:05,2025-12-15 17:37:05,1
IC03517,1,2025-11-05 06:50:13,2025-11-05 06:50:13,1
IC03518,1,2025-11-05 06:50:11,2025-11-05 06:50:11,1
IC03519,1,2025-11-05 06:50:09,2025-11-05 06:50:09,1
IC03520,1,2025-11-05 06:50:07,2025-11-05 06:50:07,1
IC03521,1,2025-11-05 06:50:05,2025-11-05 06:50:05,1
IC03529,1,2025-11-04 20:34:27,2025-11-04 20:34:27,1
IC03530,1,2025-11-04 17:50:38,2025-11-04 17:50:38,1
IC03531,1,2025-11-04 17:37:00,2025-11-04 17:37:00,1
IC03532,1,2025-11-04 17:17:43,2025-11-04 17:17:43,1
IC03533,1,2025-11-04 17:10:53,2025-11-04 17:10:53,1
IC03534,1,2025-11-04 16:47:14,2025-11-04 16:47:14,1
IC03499,1,2025-11-05 06:53:14,2025-11-05 06:53:14,1
IC03500,1,2025-11-05 06:53:12,2025-11-05 06:53:12,1
IC03501,1,2025-11-05 06:53:09,2025-11-05 06:53:09,1
IC03503,1,2025-11-05 06:52:16,2025-11-05 06:52:16,1
IC01544,1,2025-12-12 15:27:46,2025-12-12 15:27:46,1
IC01545,1,2025-12-12 15:26:19,2025-12-12 15:26:19,1
IC01547,1,2025-12-12 15:16:30,2025-12-12 15:16:30,1
IC01549,1,2025-12-12 14:59:08,2025-12-12 14:59:08,1
IC01551,1,2025-12-12 14:44:15,2025-12-12 14:44:15,1
IC01552,1,2025-12-12 13:36:25,2025-12-12 13:36:25,1
IC03183,1,2025-11-05 07:35:26,2025-11-05 07:35:26,1
IC01558,1,2025-12-12 12:28:35,2025-12-12 12:28:35,1
IC01562,1,2025-12-12 12:00:56,2025-12-12 12:00:56,1
IC01564,1,2025-12-12 10:35:26,2025-12-12 10:35:26,1
IC03541,1,2025-11-04 16:12:36,2025-11-04 16:12:36,1
IC03543,1,2025-11-04 16:08:04,2025-11-04 16:08:04,1
IC03547,1,2025-11-04 15:10:25,2025-11-04 15:10:25,1
IC03548,1,2025-11-04 15:10:22,2025-11-04 15:10:22,1
IC03549,1,2025-11-04 14:24:57,2025-11-04 14:24:57,1
IC01396,1,2025-12-15 17:37:07,2025-12-15 17:37:07,1
IC01399,1,2025-12-15 17:37:00,2025-12-15 17:37:00,1
IC01400,1,2025-12-15 17:36:56,2025-12-15 17:36:56,1
IC01402,1,2025-12-15 17:36:51,2025-12-15 17:36:51,1
IC01403,1,2025-12-15 17:36:49,2025-12-15 17:36:49,1
IC01404,1,2025-12-15 17:36:47,2025-12-15 17:36:47,1
IC01405,1,2025-12-15 17:36:45,2025-12-15 17:36:45,1
IC01406,1,2025-12-15 17:36:40,2025-12-15 17:36:40,1
IC01407,1,2025-12-15 17:36:39,2025-12-15 17:36:39,1
IC01408,1,2025-12-15 17:36:38,2025-12-15 17:36:38,1
IC01410,1,2025-12-15 17:36:33,2025-12-15 17:36:33,1
IC03555,1,2025-11-04 11:55:44,2025-11-04 11:55:44,1
IC03557,1,2025-11-04 10:41:23,2025-11-04 10:41:23,1
IC03558,1,2025-11-04 10:38:44,2025-11-04 10:38:44,1
IC03538,1,2025-11-04 16:20:25,2025-11-04 16:20:25,1
IC03539,1,2025-11-04 16:16:39,2025-11-04 16:16:39,1
IC01543,1,2025-12-12 15:28:55,2025-12-12 15:28:55,1
IC03600,1,2025-11-03 09:16:39,2025-11-03 09:16:39,1
IC03602,1,2025-11-03 08:52:24,2025-11-03 08:52:24,1
IC03563,1,2025-11-04 09:44:45,2025-11-04 09:44:45,1
IC03564,1,2025-11-04 09:34:44,2025-11-04 09:34:44,1
IC03565,1,2025-11-04 09:30:18,2025-11-04 09:30:18,1
IC03567,1,2025-11-04 09:08:57,2025-11-04 09:08:57,1
IC03568,1,2025-11-04 09:03:18,2025-11-04 09:03:18,1
IC03569,1,2025-11-04 08:24:51,2025-11-04 08:24:51,1
IC03572,1,2025-11-04 03:04:40,2025-11-04 03:04:40,1
IC03574,1,2025-11-03 18:25:07,2025-11-03 18:25:07,1
IC03576,1,2025-11-03 17:43:35,2025-11-03 17:43:35,1
IC03577,1,2025-11-03 17:16:02,2025-11-03 17:16:02,1
IC03578,1,2025-11-03 17:02:01,2025-11-03 17:02:01,1
IC03579,1,2025-11-03 15:23:03,2025-11-03 15:23:03,1
IC03580,1,2025-11-03 14:59:23,2025-11-03 14:59:23,1
IC03583,1,2025-11-03 14:43:04,2025-11-03 14:43:04,1
IC01385,1,2025-12-15 17:37:34,2025-12-15 17:37:34,1
IC01387,1,2025-12-15 17:37:29,2025-12-15 17:37:29,1
IC01389,1,2025-12-15 17:37:25,2025-12-15 17:37:25,1
IC01390,1,2025-12-15 17:37:23,2025-12-15 17:37:23,1
IC01393,1,2025-12-15 17:37:16,2025-12-15 17:37:16,1
IC01394,1,2025-12-15 17:37:11,2025-12-15 17:37:11,1
IC03604,1,2025-11-03 07:51:25,2025-11-03 07:51:25,1
IC03588,1,2025-11-03 12:26:48,2025-11-03 12:26:48,1
IC03589,1,2025-11-03 11:33:37,2025-11-03 11:33:37,1
IC03590,1,2025-11-03 11:28:40,2025-11-03 11:28:40,1
IC03592,1,2025-11-03 11:05:49,2025-11-03 11:05:49,1
IC03593,1,2025-11-03 10:25:33,2025-11-03 10:25:33,1
IC03595,1,2025-11-03 10:11:57,2025-11-03 10:11:57,1
IC03596,1,2025-11-03 09:59:36,2025-11-03 09:59:36,1
IC03598,1,2025-11-03 09:20:11,2025-11-03 09:20:11,1
IC03599,1,2025-11-03 09:16:44,2025-11-03 09:16:44,1
IC03603,1,2025-11-03 08:35:30,2025-11-03 08:35:30,1
IC01379,1,2025-12-15 17:37:49,2025-12-15 17:37:49,1
IC01381,1,2025-12-15 17:37:45,2025-12-15 17:37:45,1
IC01567,1,2025-12-12 09:52:46,2025-12-12 09:52:46,1
IC01568,1,2025-12-12 09:41:15,2025-12-12 09:41:15,1
IC01569,1,2025-12-12 09:27:48,2025-12-12 09:27:48,1
IC03169,1,2025-11-05 07:37:01,2025-11-05 07:37:01,1
IC03170,1,2025-11-05 07:36:59,2025-11-05 07:36:59,1
IC03174,1,2025-11-05 07:36:23,2025-11-05 07:36:23,1
IC03178,1,2025-11-05 07:35:35,2025-11-05 07:35:35,1
IC03147,1,2025-11-05 07:39:21,2025-11-05 07:39:21,1
IC03148,1,2025-11-05 07:38:38,2025-11-05 07:38:38,1
IC03149,1,2025-11-05 07:38:37,2025-11-05 07:38:37,1
IC03151,1,2025-11-05 07:38:35,2025-11-05 07:38:35,1
IC01383,1,2025-12-15 17:37:38,2025-12-15 17:37:38,1
IC01384,1,2025-12-15 17:37:36,2025-12-15 17:37:36,1
IC03154,1,2025-11-05 07:38:29,2025-11-05 07:38:29,1
IC03155,1,2025-11-05 07:38:29,2025-11-05 07:38:29,1
IC03159,1,2025-11-05 07:37:52,2025-11-05 07:37:52,1
IC03162,1,2025-11-05 07:37:45,2025-11-05 07:37:45,1
IC03163,1,2025-11-05 07:37:41,2025-11-05 07:37:41,1
IC03164,1,2025-11-05 07:37:39,2025-11-05 07:37:39,1
IC03133,1,2025-11-05 07:40:21,2025-11-05 07:40:21,1
IC01577,1,2025-12-11 22:01:20,2025-12-11 22:01:20,1
IC01578,1,2025-12-11 21:33:29,2025-12-11 21:33:29,1
IC03617,1,2025-11-02 01:23:13,2025-11-02 01:23:13,1
IC03618,1,2025-11-02 01:10:32,2025-11-02 01:10:32,1
IC03619,1,2025-11-02 00:06:17,2025-11-02 00:06:17,1
IC03621,1,2025-11-01 23:10:05,2025-11-01 23:10:05,1
IC03631,1,2025-11-01 08:47:53,2025-11-01 08:47:53,1
IC03634,1,2025-11-01 03:48:29,2025-11-01 03:48:29,1
IC01363,1,2025-12-15 17:38:25,2025-12-15 17:38:25,1
IC03666,1,2025-10-31 15:13:21,2025-10-31 15:13:21,1
IC01364,1,2025-12-15 17:38:23,2025-12-15 17:38:23,1
IC01365,1,2025-12-15 17:38:21,2025-12-15 17:38:21,1
IC01367,1,2025-12-15 17:38:16,2025-12-15 17:38:16,1
IC01368,1,2025-12-15 17:38:14,2025-12-15 17:38:14,1
IC01370,1,2025-12-15 17:38:10,2025-12-15 17:38:10,1
IC01372,1,2025-12-15 17:38:05,2025-12-15 17:38:05,1
IC01373,1,2025-12-15 17:38:03,2025-12-15 17:38:03,1
IC01374,1,2025-12-15 17:38:01,2025-12-15 17:38:01,1
IC01375,1,2025-12-15 17:37:58,2025-12-15 17:37:58,1
IC01377,1,2025-12-15 17:37:54,2025-12-15 17:37:54,1
IC03609,1,2025-11-02 17:10:47,2025-11-02 17:10:47,1
IC03612,1,2025-11-02 16:01:20,2025-11-02 16:01:20,1
IC03613,1,2025-11-02 14:05:52,2025-11-02 14:05:52,1
IC03152,1,2025-11-05 07:38:32,2025-11-05 07:38:32,1
IC03153,1,2025-11-05 07:38:30,2025-11-05 07:38:30,1
IC03680,1,2025-10-31 10:56:48,2025-10-31 10:56:48,1
IC03681,1,2025-10-31 10:54:29,2025-10-31 10:54:29,1
IC03682,1,2025-10-31 09:37:23,2025-10-31 09:37:23,1
IC03683,1,2025-10-31 09:17:34,2025-10-31 09:17:34,1
IC01347,1,2025-12-15 17:39:02,2025-12-15 17:39:02,1
IC01348,1,2025-12-15 17:38:59,2025-12-15 17:38:59,1
IC01349,1,2025-12-15 17:38:57,2025-12-15 17:38:57,1
IC03638,1,2025-11-01 00:05:48,2025-11-01 00:05:48,1
IC03641,1,2025-10-31 22:01:13,2025-10-31 22:01:13,1
IC03647,1,2025-10-31 18:09:17,2025-10-31 18:09:17,1
IC03650,1,2025-10-31 17:58:32,2025-10-31 17:58:32,1
IC03654,1,2025-10-31 17:58:25,2025-10-31 17:58:25,1
IC03655,1,2025-10-31 17:58:23,2025-10-31 17:58:23,1
IC03659,1,2025-10-31 17:57:26,2025-10-31 17:57:26,1
IC03663,1,2025-10-31 17:56:21,2025-10-31 17:56:21,1
IC03665,1,2025-10-31 15:14:18,2025-10-31 15:14:18,1
IC03669,1,2025-10-31 14:49:29,2025-10-31 14:49:29,1
IC03670,1,2025-10-31 14:48:38,2025-10-31 14:48:38,1
IC03671,1,2025-10-31 13:53:58,2025-10-31 13:53:58,1
IC01579,1,2025-12-11 20:38:15,2025-12-11 20:38:15,1
IC01581,1,2025-12-11 18:12:47,2025-12-11 18:12:47,1
IC03137,1,2025-11-05 07:40:17,2025-11-05 07:40:17,1
IC03141,1,2025-11-05 07:39:29,2025-11-05 07:39:29,1
IC03142,1,2025-11-05 07:39:28,2025-11-05 07:39:28,1
IC03145,1,2025-11-05 07:39:23,2025-11-05 07:39:23,1
IC03115,1,2025-11-05 07:42:28,2025-11-05 07:42:28,1
IC03116,1,2025-11-05 07:42:26,2025-11-05 07:42:26,1
IC03117,1,2025-11-05 07:42:25,2025-11-05 07:42:25,1
IC03118,1,2025-11-05 07:42:22,2025-11-05 07:42:22,1
IC03119,1,2025-11-05 07:42:20,2025-11-05 07:42:20,1
IC03676,1,2025-10-31 11:53:00,2025-10-31 11:53:00,1
IC03679,1,2025-10-31 11:34:40,2025-10-31 11:34:40,1
IC03709,1,2025-10-30 16:13:24,2025-10-30 16:13:24,1
IC01351,1,2025-12-15 17:38:53,2025-12-15 17:38:53,1
IC01352,1,2025-12-15 17:38:50,2025-12-15 17:38:50,1
IC01353,1,2025-12-15 17:38:48,2025-12-15 17:38:48,1
IC01354,1,2025-12-15 17:38:46,2025-12-15 17:38:46,1
IC01356,1,2025-12-15 17:38:41,2025-12-15 17:38:41,1
IC01357,1,2025-12-15 17:38:39,2025-12-15 17:38:39,1
IC01358,1,2025-12-15 17:38:37,2025-12-15 17:38:37,1
IC01359,1,2025-12-15 17:38:35,2025-12-15 17:38:35,1
IC01360,1,2025-12-15 17:38:32,2025-12-15 17:38:32,1
IC01361,1,2025-12-15 17:38:30,2025-12-15 17:38:30,1
IC01362,1,2025-12-15 17:38:28,2025-12-15 17:38:28,1
IC03684,1,2025-10-31 08:50:10,2025-10-31 08:50:10,1
IC03687,1,2025-10-31 05:57:35,2025-10-31 05:57:35,1
IC03688,1,2025-10-31 05:57:34,2025-10-31 05:57:34,1
IC03667,1,2025-10-31 14:52:32,2025-10-31 14:52:32,1
IC03692,1,2025-10-31 04:24:45,2025-10-31 04:24:45,1
IC03695,1,2025-10-31 00:06:04,2025-10-31 00:06:04,1
IC03120,1,2025-11-05 07:42:18,2025-11-05 07:42:18,1
IC03122,1,2025-11-05 07:42:14,2025-11-05 07:42:14,1
IC03124,1,2025-11-05 07:41:34,2025-11-05 07:41:34,1
IC03128,1,2025-11-05 07:41:21,2025-11-05 07:41:21,1
IC03129,1,2025-11-05 07:41:18,2025-11-05 07:41:18,1
IC03130,1,2025-11-05 07:41:17,2025-11-05 07:41:17,1
IC03132,1,2025-11-05 07:40:23,2025-11-05 07:40:23,1
IC03102,1,2025-11-05 07:44:00,2025-11-05 07:44:00,1
IC01594,1,2025-12-11 10:27:08,2025-12-11 10:27:08,1
IC03699,1,2025-10-30 22:02:30,2025-10-30 22:02:30,1
IC03701,1,2025-10-30 21:14:40,2025-10-30 21:14:40,1
IC03703,1,2025-10-30 19:14:42,2025-10-30 19:14:42,1
IC03704,1,2025-10-30 18:05:27,2025-10-30 18:05:27,1
IC03707,1,2025-10-30 17:28:43,2025-10-30 17:28:43,1
IC03739,1,2025-10-29 10:05:07,2025-10-29 10:05:07,1
IC03740,1,2025-10-29 09:50:52,2025-10-29 09:50:52,1
IC03710,1,2025-10-30 15:27:26,2025-10-30 15:27:26,1
IC03711,1,2025-10-30 15:02:10,2025-10-30 15:02:10,1
IC03712,1,2025-10-30 13:41:38,2025-10-30 13:41:38,1
IC03713,1,2025-10-30 13:02:28,2025-10-30 13:02:28,1
IC03714,1,2025-10-30 10:48:09,2025-10-30 10:48:09,1
IC03715,1,2025-10-30 10:29:40,2025-10-30 10:29:40,1
IC01339,1,2025-12-15 21:31:32,2025-12-15 21:31:32,1
IC01340,1,2025-12-15 20:57:48,2025-12-15 20:57:48,1
IC01342,1,2025-12-15 20:52:12,2025-12-15 20:52:12,1
IC01346,1,2025-12-15 18:03:48,2025-12-15 18:03:48,1
IC03718,1,2025-10-30 08:54:55,2025-10-30 08:54:55,1
IC03719,1,2025-10-30 08:53:33,2025-10-30 08:53:33,1
IC03720,1,2025-10-30 08:34:37,2025-10-30 08:34:37,1
IC03689,1,2025-10-31 05:57:30,2025-10-31 05:57:30,1
IC03727,1,2025-10-29 22:47:04,2025-10-29 22:47:04,1
IC01599,1,2025-12-11 09:04:06,2025-12-11 09:04:06,1
IC01600,1,2025-12-11 08:38:08,2025-12-11 08:38:08,1
IC01601,1,2025-12-11 08:29:22,2025-12-11 08:29:22,1
IC01605,1,2025-12-11 05:53:41,2025-12-11 05:53:41,1
IC03103,1,2025-11-05 07:43:58,2025-11-05 07:43:58,1
IC03104,1,2025-11-05 07:43:53,2025-11-05 07:43:53,1
IC03105,1,2025-11-05 07:43:51,2025-11-05 07:43:51,1
IC03106,1,2025-11-05 07:43:49,2025-11-05 07:43:49,1
IC03114,1,2025-11-05 07:42:30,2025-11-05 07:42:30,1
IC03084,1,2025-11-05 07:48:49,2025-11-05 07:48:49,1
IC03085,1,2025-11-05 07:48:47,2025-11-05 07:48:47,1
IC03086,1,2025-11-05 07:48:45,2025-11-05 07:48:45,1
IC03088,1,2025-11-05 07:48:41,2025-11-05 07:48:41,1
IC03736,1,2025-10-29 13:12:06,2025-10-29 13:12:06,1
IC03737,1,2025-10-29 10:27:33,2025-10-29 10:27:33,1
IC03071,1,2025-11-05 09:47:40,2025-11-05 09:47:40,1
IC03072,1,2025-11-05 09:35:23,2025-11-05 09:35:23,1
IC03765,1,2025-10-28 15:55:50,2025-10-28 15:55:50,1
IC03766,1,2025-10-28 15:42:32,2025-10-28 15:42:32,1
IC03768,1,2025-10-28 14:51:46,2025-10-28 14:51:46,1
IC03774,1,2025-10-28 11:18:18,2025-10-28 11:18:18,1
IC03775,1,2025-10-28 11:10:21,2025-10-28 11:10:21,1
IC03778,1,2025-10-28 10:35:41,2025-10-28 10:35:41,1
IC03779,1,2025-10-28 10:22:34,2025-10-28 10:22:34,1
IC03741,1,2025-10-29 09:45:58,2025-10-29 09:45:58,1
IC03742,1,2025-10-29 09:01:24,2025-10-29 09:01:24,1
IC03747,1,2025-10-29 05:34:45,2025-10-29 05:34:45,1
IC03748,1,2025-10-28 22:22:13,2025-10-28 22:22:13,1
IC03721,1,2025-10-30 08:27:36,2025-10-30 08:27:36,1
IC03724,1,2025-10-30 03:21:22,2025-10-30 03:21:22,1
IC03725,1,2025-10-30 02:42:16,2025-10-30 02:42:16,1
IC03759,1,2025-10-28 20:29:21,2025-10-28 20:29:21,1
IC03760,1,2025-10-28 18:47:04,2025-10-28 18:47:04,1
IC03762,1,2025-10-28 17:13:51,2025-10-28 17:13:51,1
IC03090,1,2025-11-05 07:45:26,2025-11-05 07:45:26,1
IC03091,1,2025-11-05 07:45:21,2025-11-05 07:45:21,1
IC03092,1,2025-11-05 07:45:19,2025-11-05 07:45:19,1
IC03093,1,2025-11-05 07:45:16,2025-11-05 07:45:16,1
IC03094,1,2025-11-05 07:45:14,2025-11-05 07:45:14,1
IC03095,1,2025-11-05 07:45:13,2025-11-05 07:45:13,1
IC03096,1,2025-11-05 07:45:11,2025-11-05 07:45:11,1
IC03097,1,2025-11-05 07:45:09,2025-11-05 07:45:09,1
IC03098,1,2025-11-05 07:44:08,2025-11-05 07:44:08,1
IC03099,1,2025-11-05 07:44:06,2025-11-05 07:44:06,1
IC03100,1,2025-11-05 07:44:04,2025-11-05 07:44:04,1
IC03068,1,2025-11-05 13:51:42,2025-11-05 13:51:42,1
IC03069,1,2025-11-05 11:44:58,2025-11-05 11:44:58,1
IC03809,1,2025-10-27 14:13:04,2025-10-27 14:13:04,1
IC03810,1,2025-10-27 12:23:47,2025-10-27 12:23:47,1
IC01316,1,2025-12-16 09:33:48,2025-12-16 09:33:48,1
IC01317,1,2025-12-16 09:08:29,2025-12-16 09:08:29,1
IC01318,1,2025-12-16 09:00:47,2025-12-16 09:00:47,1
IC01320,1,2025-12-16 04:02:44,2025-12-16 04:02:44,1
IC01322,1,2025-12-16 01:33:41,2025-12-16 01:33:41,1
IC01325,1,2025-12-15 22:54:43,2025-12-15 22:54:43,1
IC01326,1,2025-12-15 22:52:08,2025-12-15 22:52:08,1
IC03781,1,2025-10-28 09:28:56,2025-10-28 09:28:56,1
IC03782,1,2025-10-28 09:25:00,2025-10-28 09:25:00,1
IC03783,1,2025-10-28 09:24:22,2025-10-28 09:24:22,1
IC03785,1,2025-10-28 09:18:05,2025-10-28 09:18:05,1
IC03787,1,2025-10-28 08:18:11,2025-10-28 08:18:11,1
IC03788,1,2025-10-28 08:02:12,2025-10-28 08:02:12,1
IC03758,1,2025-10-28 20:50:22,2025-10-28 20:50:22,1
IC01307,1,2025-12-16 11:32:34,2025-12-16 11:32:34,1
IC01309,1,2025-12-16 11:14:52,2025-12-16 11:14:52,1
IC01310,1,2025-12-16 11:14:43,2025-12-16 11:14:43,1
IC01311,1,2025-12-16 11:14:41,2025-12-16 11:14:41,1
IC01314,1,2025-12-16 11:12:18,2025-12-16 11:12:18,1
IC03814,1,2025-10-27 10:48:19,2025-10-27 10:48:19,1
IC03815,1,2025-10-27 10:45:07,2025-10-27 10:45:07,1
IC03789,1,2025-10-28 07:19:16,2025-10-28 07:19:16,1
IC03792,1,2025-10-28 00:06:18,2025-10-28 00:06:18,1
IC03794,1,2025-10-27 21:54:15,2025-10-27 21:54:15,1
IC03795,1,2025-10-27 21:47:46,2025-10-27 21:47:46,1
IC03796,1,2025-10-27 18:14:42,2025-10-27 18:14:42,1
IC03797,1,2025-10-27 18:09:08,2025-10-27 18:09:08,1
IC03798,1,2025-10-27 17:14:47,2025-10-27 17:14:47,1
IC03801,1,2025-10-27 16:58:10,2025-10-27 16:58:10,1
IC03808,1,2025-10-27 14:44:02,2025-10-27 14:44:02,1
IC03064,1,2025-11-05 14:56:56,2025-11-05 14:56:56,1
IC01623,1,2025-12-10 16:46:37,2025-12-10 16:46:37,1
IC01625,1,2025-12-10 15:38:04,2025-12-10 15:38:04,1
IC01632,1,2025-12-10 12:06:56,2025-12-10 12:06:56,1
IC03074,1,2025-11-05 09:23:12,2025-11-05 09:23:12,1
IC03075,1,2025-11-05 09:07:33,2025-11-05 09:07:33,1
IC03077,1,2025-11-05 08:27:27,2025-11-05 08:27:27,1
IC03079,1,2025-11-05 08:23:25,2025-11-05 08:23:25,1
IC03082,1,2025-11-05 07:48:54,2025-11-05 07:48:54,1
IC03083,1,2025-11-05 07:48:52,2025-11-05 07:48:52,1
IC03050,1,2025-11-05 16:56:23,2025-11-05 16:56:23,1
IC03051,1,2025-11-05 16:47:45,2025-11-05 16:47:45,1
IC01606,1,2025-12-11 03:40:10,2025-12-11 03:40:10,1
IC01607,1,2025-12-11 03:22:58,2025-12-11 03:22:58,1
IC01304,1,2025-12-16 11:44:22,2025-12-16 11:44:22,1
IC01305,1,2025-12-16 11:42:11,2025-12-16 11:42:11,1
IC03858,1,2025-10-24 20:31:20,2025-10-24 20:31:20,1
IC01281,1,2025-12-16 17:32:54,2025-12-16 17:32:54,1
IC01282,1,2025-12-16 17:32:52,2025-12-16 17:32:52,1
IC03818,1,2025-10-27 10:14:55,2025-10-27 10:14:55,1
IC03819,1,2025-10-27 10:09:54,2025-10-27 10:09:54,1
IC03821,1,2025-10-27 08:30:03,2025-10-27 08:30:03,1
IC03822,1,2025-10-27 08:27:19,2025-10-27 08:27:19,1
IC03826,1,2025-10-27 00:52:25,2025-10-27 00:52:25,1
IC03827,1,2025-10-27 00:03:42,2025-10-27 00:03:42,1
IC03833,1,2025-10-26 10:45:39,2025-10-26 10:45:39,1
IC03835,1,2025-10-26 02:20:51,2025-10-26 02:20:51,1
IC01298,1,2025-12-16 13:31:59,2025-12-16 13:31:59,1
IC01300,1,2025-12-16 13:17:16,2025-12-16 13:17:16,1
IC01302,1,2025-12-16 12:28:28,2025-12-16 12:28:28,1
IC03062,1,2025-11-05 15:13:07,2025-11-05 15:13:07,1
IC03063,1,2025-11-05 14:58:55,2025-11-05 14:58:55,1
IC01295,1,2025-12-16 13:42:19,2025-12-16 13:42:19,1
IC01297,1,2025-12-16 13:32:20,2025-12-16 13:32:20,1
IC03861,1,2025-10-24 18:32:31,2025-10-24 18:32:31,1
IC03863,1,2025-10-24 16:00:25,2025-10-24 16:00:25,1
IC03865,1,2025-10-24 15:43:47,2025-10-24 15:43:47,1
IC03866,1,2025-10-24 15:43:38,2025-10-24 15:43:38,1
IC03868,1,2025-10-24 15:34:21,2025-10-24 15:34:21,1
IC03840,1,2025-10-25 18:03:37,2025-10-25 18:03:37,1
IC03841,1,2025-10-25 15:47:13,2025-10-25 15:47:13,1
IC03842,1,2025-10-25 14:54:10,2025-10-25 14:54:10,1
IC03843,1,2025-10-25 11:29:52,2025-10-25 11:29:52,1
IC03845,1,2025-10-25 09:58:08,2025-10-25 09:58:08,1
IC03846,1,2025-10-25 09:17:22,2025-10-25 09:17:22,1
IC03847,1,2025-10-25 08:15:36,2025-10-25 08:15:36,1
IC03854,1,2025-10-24 23:40:22,2025-10-24 23:40:22,1
IC03857,1,2025-10-24 20:49:10,2025-10-24 20:49:10,1
IC01633,1,2025-12-10 11:26:16,2025-12-10 11:26:16,1
IC01635,1,2025-12-10 10:39:08,2025-12-10 10:39:08,1
IC01636,1,2025-12-10 10:37:18,2025-12-10 10:37:18,1
IC01637,1,2025-12-10 10:14:57,2025-12-10 10:14:57,1
IC03039,1,2025-11-06 08:49:08,2025-11-06 08:49:08,1
IC03040,1,2025-11-06 08:13:06,2025-11-06 08:13:06,1
IC03043,1,2025-11-05 23:41:14,2025-11-05 23:41:14,1
IC03048,1,2025-11-05 18:53:43,2025-11-05 18:53:43,1
IC03049,1,2025-11-05 16:59:12,2025-11-05 16:59:12,1
IC01641,1,2025-12-10 09:38:54,2025-12-10 09:38:54,1
IC01643,1,2025-12-10 09:25:15,2025-12-10 09:25:15,1
IC01644,1,2025-12-10 09:11:26,2025-12-10 09:11:26,1
IC01645,1,2025-12-10 09:11:23,2025-12-10 09:11:23,1
IC01292,1,2025-12-16 13:46:56,2025-12-16 13:46:56,1
IC01293,1,2025-12-16 13:46:54,2025-12-16 13:46:54,1
IC01294,1,2025-12-16 13:46:52,2025-12-16 13:46:52,1
IC03896,1,2025-10-24 11:36:34,2025-10-24 11:36:34,1
IC03897,1,2025-10-24 11:36:32,2025-10-24 11:36:32,1
IC03899,1,2025-10-24 11:36:28,2025-10-24 11:36:28,1
IC03900,1,2025-10-24 11:36:27,2025-10-24 11:36:27,1
IC03901,1,2025-10-24 11:36:25,2025-10-24 11:36:25,1
IC03869,1,2025-10-24 15:05:27,2025-10-24 15:05:27,1
IC03870,1,2025-10-24 15:02:43,2025-10-24 15:02:43,1
IC03871,1,2025-10-24 15:02:33,2025-10-24 15:02:33,1
IC03873,1,2025-10-24 14:37:56,2025-10-24 14:37:56,1
IC01276,1,2025-12-16 19:04:50,2025-12-16 19:04:50,1
IC01277,1,2025-12-16 19:02:14,2025-12-16 19:02:14,1
IC01251,1,2025-12-17 09:35:29,2025-12-17 09:35:29,1
IC01253,1,2025-12-17 09:32:28,2025-12-17 09:32:28,1
IC01284,1,2025-12-16 16:15:42,2025-12-16 16:15:42,1
IC01289,1,2025-12-16 14:26:28,2025-12-16 14:26:28,1
IC01290,1,2025-12-16 14:22:35,2025-12-16 14:22:35,1
IC03911,1,2025-10-24 11:36:08,2025-10-24 11:36:08,1
IC03912,1,2025-10-24 11:36:06,2025-10-24 11:36:06,1
IC03913,1,2025-10-24 11:36:04,2025-10-24 11:36:04,1
IC03914,1,2025-10-24 11:36:01,2025-10-24 11:36:01,1
IC03915,1,2025-10-24 11:35:59,2025-10-24 11:35:59,1
IC03916,1,2025-10-24 11:35:56,2025-10-24 11:35:56,1
IC03917,1,2025-10-24 11:35:55,2025-10-24 11:35:55,1
IC03918,1,2025-10-24 11:35:53,2025-10-24 11:35:53,1
IC01263,1,2025-12-17 04:25:13,2025-12-17 04:25:13,1
IC03877,1,2025-10-24 12:55:27,2025-10-24 12:55:27,1
IC03878,1,2025-10-24 11:59:45,2025-10-24 11:59:45,1
IC03882,1,2025-10-24 11:42:49,2025-10-24 11:42:49,1
IC03883,1,2025-10-24 11:40:44,2025-10-24 11:40:44,1
IC03890,1,2025-10-24 11:37:32,2025-10-24 11:37:32,1
IC03894,1,2025-10-24 11:36:57,2025-10-24 11:36:57,1
IC03895,1,2025-10-24 11:36:35,2025-10-24 11:36:35,1
IC03926,1,2025-10-24 11:35:36,2025-10-24 11:35:36,1
IC03927,1,2025-10-24 11:35:34,2025-10-24 11:35:34,1
IC03928,1,2025-10-24 11:35:31,2025-10-24 11:35:31,1
IC03929,1,2025-10-24 11:35:29,2025-10-24 11:35:29,1
IC03930,1,2025-10-24 11:35:27,2025-10-24 11:35:27,1
IC03931,1,2025-10-24 11:35:27,2025-10-24 11:35:27,1
IC03932,1,2025-10-24 11:35:25,2025-10-24 11:35:25,1
IC03933,1,2025-10-24 11:35:24,2025-10-24 11:35:24,1
IC03934,1,2025-10-24 11:35:22,2025-10-24 11:35:22,1
IC03902,1,2025-10-24 11:36:24,2025-10-24 11:36:24,1
IC03903,1,2025-10-24 11:36:23,2025-10-24 11:36:23,1
IC03904,1,2025-10-24 11:36:21,2025-10-24 11:36:21,1
IC03905,1,2025-10-24 11:36:19,2025-10-24 11:36:19,1
IC03906,1,2025-10-24 11:36:18,2025-10-24 11:36:18,1
IC03907,1,2025-10-24 11:36:16,2025-10-24 11:36:16,1
IC03909,1,2025-10-24 11:36:13,2025-10-24 11:36:13,1
IC03940,1,2025-10-24 11:35:11,2025-10-24 11:35:11,1
IC03941,1,2025-10-24 11:35:09,2025-10-24 11:35:09,1
IC03942,1,2025-10-24 11:35:07,2025-10-24 11:35:07,1
IC03944,1,2025-10-24 11:35:04,2025-10-24 11:35:04,1
IC03945,1,2025-10-24 11:35:02,2025-10-24 11:35:02,1
IC03946,1,2025-10-24 11:35:00,2025-10-24 11:35:00,1
IC03947,1,2025-10-24 11:34:58,2025-10-24 11:34:58,1
IC03948,1,2025-10-24 11:34:56,2025-10-24 11:34:56,1
IC03949,1,2025-10-24 11:34:55,2025-10-24 11:34:55,1
IC03919,1,2025-10-24 11:35:51,2025-10-24 11:35:51,1
IC03920,1,2025-10-24 11:35:50,2025-10-24 11:35:50,1
IC03921,1,2025-10-24 11:35:48,2025-10-24 11:35:48,1
IC03922,1,2025-10-24 11:35:46,2025-10-24 11:35:46,1
IC03923,1,2025-10-24 11:35:44,2025-10-24 11:35:44,1
IC03924,1,2025-10-24 11:35:39,2025-10-24 11:35:39,1
IC03925,1,2025-10-24 11:35:37,2025-10-24 11:35:37,1
IC03936,1,2025-10-24 11:35:18,2025-10-24 11:35:18,1
IC03937,1,2025-10-24 11:35:17,2025-10-24 11:35:17,1
IC03938,1,2025-10-24 11:35:14,2025-10-24 11:35:14,1
IC03939,1,2025-10-24 11:35:13,2025-10-24 11:35:13,1
IC01646,1,2025-12-10 09:10:08,2025-12-10 09:10:08,1
IC01647,1,2025-12-10 08:56:40,2025-12-10 08:56:40,1
IC01649,1,2025-12-10 08:52:53,2025-12-10 08:52:53,1
IC03026,1,2025-11-06 15:49:42,2025-11-06 15:49:42,1
IC03027,1,2025-11-06 14:54:30,2025-11-06 14:54:30,1
IC03035,1,2025-11-06 11:15:28,2025-11-06 11:15:28,1
IC03036,1,2025-11-06 10:54:05,2025-11-06 10:54:05,1
IC03038,1,2025-11-06 10:29:03,2025-11-06 10:29:03,1
IC02994,1,2025-11-08 05:14:16,2025-11-08 05:14:16,1
IC02997,1,2025-11-07 23:47:45,2025-11-07 23:47:45,1
IC03000,1,2025-11-07 17:42:42,2025-11-07 17:42:42,1
IC03001,1,2025-11-07 17:41:21,2025-11-07 17:41:21,1
IC03951,1,2025-10-24 11:34:49,2025-10-24 11:34:49,1
IC03952,1,2025-10-24 11:34:48,2025-10-24 11:34:48,1
IC03953,1,2025-10-24 11:34:46,2025-10-24 11:34:46,1
IC03954,1,2025-10-24 11:34:44,2025-10-24 11:34:44,1
IC03955,1,2025-10-24 11:34:42,2025-10-24 11:34:42,1
IC03956,1,2025-10-24 11:34:41,2025-10-24 11:34:41,1
IC03957,1,2025-10-24 11:34:39,2025-10-24 11:34:39,1
IC03958,1,2025-10-24 11:34:39,2025-10-24 11:34:39,1
IC03960,1,2025-10-24 11:34:35,2025-10-24 11:34:35,1
IC03961,1,2025-10-24 11:34:33,2025-10-24 11:34:33,1
IC03962,1,2025-10-24 11:34:32,2025-10-24 11:34:32,1
IC03963,1,2025-10-24 11:34:30,2025-10-24 11:34:30,1
IC03964,1,2025-10-24 11:34:28,2025-10-24 11:34:28,1
IC03965,1,2025-10-24 11:34:27,2025-10-24 11:34:27,1
IC03966,1,2025-10-24 11:34:26,2025-10-24 11:34:26,1
IC03935,1,2025-10-24 11:35:20,2025-10-24 11:35:20,1
IC03992,1,2025-10-24 11:33:24,2025-10-24 11:33:24,1
IC03967,1,2025-10-24 11:34:24,2025-10-24 11:34:24,1
IC03968,1,2025-10-24 11:34:22,2025-10-24 11:34:22,1
IC03969,1,2025-10-24 11:34:20,2025-10-24 11:34:20,1
IC03970,1,2025-10-24 11:34:19,2025-10-24 11:34:19,1
IC03971,1,2025-10-24 11:34:17,2025-10-24 11:34:17,1
IC03972,1,2025-10-24 11:34:15,2025-10-24 11:34:15,1
IC03973,1,2025-10-24 11:34:11,2025-10-24 11:34:11,1
IC03974,1,2025-10-24 11:34:09,2025-10-24 11:34:09,1
IC03976,1,2025-10-24 11:34:05,2025-10-24 11:34:05,1
IC03977,1,2025-10-24 11:34:04,2025-10-24 11:34:04,1
IC03978,1,2025-10-24 11:34:02,2025-10-24 11:34:02,1
IC03979,1,2025-10-24 11:34:01,2025-10-24 11:34:01,1
IC03980,1,2025-10-24 11:33:59,2025-10-24 11:33:59,1
IC03981,1,2025-10-24 11:33:58,2025-10-24 11:33:58,1
IC03982,1,2025-10-24 11:33:56,2025-10-24 11:33:56,1
IC03011,1,2025-11-07 08:18:59,2025-11-07 08:18:59,1
IC03015,1,2025-11-07 00:05:30,2025-11-07 00:05:30,1
IC03017,1,2025-11-06 23:12:06,2025-11-06 23:12:06,1
IC03019,1,2025-11-06 21:13:51,2025-11-06 21:13:51,1
IC01675,1,2025-12-09 15:32:56,2025-12-09 15:32:56,1
IC01676,1,2025-12-09 15:00:27,2025-12-09 15:00:27,1
IC01678,1,2025-12-09 14:47:02,2025-12-09 14:47:02,1
IC01679,1,2025-12-09 14:45:45,2025-12-09 14:45:45,1
IC01233,1,2025-12-17 14:46:27,2025-12-17 14:46:27,1
IC01235,1,2025-12-17 14:33:54,2025-12-17 14:33:54,1
IC01244,1,2025-12-17 12:31:48,2025-12-17 12:31:48,1
IC01245,1,2025-12-17 12:20:15,2025-12-17 12:20:15,1
IC01248,1,2025-12-17 11:15:41,2025-12-17 11:15:41,1
IC03988,1,2025-10-24 11:33:44,2025-10-24 11:33:44,1
IC03990,1,2025-10-24 11:33:41,2025-10-24 11:33:41,1
IC03991,1,2025-10-24 11:33:39,2025-10-24 11:33:39,1
IC01654,1,2025-12-10 04:55:10,2025-12-10 04:55:10,1
IC01655,1,2025-12-10 04:49:40,2025-12-10 04:49:40,1
IC01663,1,2025-12-09 17:23:47,2025-12-09 17:23:47,1
IC01665,1,2025-12-09 16:38:50,2025-12-09 16:38:50,1
IC02993,1,2025-11-08 05:54:28,2025-11-08 05:54:28,1
IC02973,1,2025-11-09 06:25:46,2025-11-09 06:25:46,1
IC02974,1,2025-11-09 05:57:35,2025-11-09 05:57:35,1
IC02977,1,2025-11-09 03:55:54,2025-11-09 03:55:54,1
IC04004,1,2025-10-24 08:51:07,2025-10-24 08:51:07,1
IC03984,1,2025-10-24 11:33:49,2025-10-24 11:33:49,1
IC03985,1,2025-10-24 11:33:48,2025-10-24 11:33:48,1
IC03986,1,2025-10-24 11:33:46,2025-10-24 11:33:46,1
IC03987,1,2025-10-24 11:33:45,2025-10-24 11:33:45,1
IC03003,1,2025-10-24 11:36:02,2025-10-24 11:36:02,1
IC03008,1,2025-11-07 10:28:28,2025-11-07 10:28:28,1
IC03009,1,2025-11-07 09:49:18,2025-11-07 09:49:18,1
IC02986,1,2025-11-08 10:20:25,2025-11-08 10:20:25,1
IC02987,1,2025-11-08 09:54:32,2025-11-08 09:54:32,1
IC01670,1,2025-12-09 16:02:57,2025-12-09 16:02:57,1
IC01671,1,2025-12-09 15:57:51,2025-12-09 15:57:51,1
IC01673,1,2025-12-09 15:46:39,2025-12-09 15:46:39,1
IC01674,1,2025-12-09 15:43:36,2025-12-09 15:43:36,1
IC02953,1,2025-11-10 10:42:26,2025-11-10 10:42:26,1
IC02956,1,2025-11-10 09:54:20,2025-11-10 09:54:20,1
IC02957,1,2025-11-10 09:46:13,2025-11-10 09:46:13,1
IC02958,1,2025-11-10 09:33:17,2025-11-10 09:33:17,1
IC03997,1,2025-10-24 11:29:22,2025-10-24 11:29:22,1
IC03999,1,2025-10-24 10:20:24,2025-10-24 10:20:24,1
IC04000,1,2025-10-24 09:52:01,2025-10-24 09:52:01,1
IC04001,1,2025-10-24 09:44:28,2025-10-24 09:44:28,1
IC04002,1,2025-10-24 09:09:37,2025-10-24 09:09:37,1
IC01680,1,2025-12-09 14:41:32,2025-12-09 14:41:32,1
IC02969,1,2025-11-09 15:24:29,2025-11-09 15:24:29,1
IC02971,1,2025-11-09 08:20:14,2025-11-09 08:20:14,1
IC02934,1,2025-11-10 19:20:58,2025-11-10 19:20:58,1
IC02936,1,2025-11-10 16:25:54,2025-11-10 16:25:54,1
IC02938,1,2025-11-10 15:29:57,2025-11-10 15:29:57,1
IC02939,1,2025-11-10 15:27:03,2025-11-10 15:27:03,1
IC01227,1,2025-12-17 15:21:35,2025-12-17 15:21:35,1
IC01231,1,2025-12-17 14:53:09,2025-12-17 14:53:09,1
IC01232,1,2025-12-17 14:53:06,2025-12-17 14:53:06,1
IC04038,1,2025-10-23 17:45:56,2025-10-23 17:45:56,1
IC04040,1,2025-10-23 16:01:59,2025-10-23 16:01:59,1
IC04042,1,2025-10-23 15:41:31,2025-10-23 15:41:31,1
IC04043,1,2025-10-23 15:38:57,2025-10-23 15:38:57,1
IC02979,1,2025-11-09 00:41:33,2025-11-09 00:41:33,1
IC02980,1,2025-11-08 22:31:33,2025-11-08 22:31:33,1
IC02984,1,2025-11-08 12:31:01,2025-11-08 12:31:01,1
IC01199,1,2025-12-17 22:45:39,2025-12-17 22:45:39,1
IC04045,1,2025-10-23 14:37:49,2025-10-23 14:37:49,1
IC04047,1,2025-10-23 12:23:59,2025-10-23 12:23:59,1
IC04048,1,2025-10-23 10:53:34,2025-10-23 10:53:34,1
IC04050,1,2025-10-23 10:18:27,2025-10-23 10:18:27,1
IC04051,1,2025-10-23 09:54:20,2025-10-23 09:54:20,1
IC01204,1,2025-12-17 21:44:52,2025-12-17 21:44:52,1
IC01206,1,2025-12-17 21:16:00,2025-12-17 21:16:00,1
IC04055,1,2025-10-23 09:34:32,2025-10-23 09:34:32,1
IC04059,1,2025-10-23 09:09:22,2025-10-23 09:09:22,1
IC01224,1,2025-12-17 15:30:30,2025-12-17 15:30:30,1
IC02960,1,2025-11-10 09:12:48,2025-11-10 09:12:48,1
IC02961,1,2025-11-10 09:12:44,2025-11-10 09:12:44,1
IC02962,1,2025-11-10 09:12:42,2025-11-10 09:12:42,1
IC02963,1,2025-11-10 08:41:48,2025-11-10 08:41:48,1
IC02965,1,2025-11-10 06:44:09,2025-11-10 06:44:09,1
IC04063,1,2025-10-23 08:29:44,2025-10-23 08:29:44,1
IC02940,1,2025-11-10 15:12:57,2025-11-10 15:12:57,1
IC02941,1,2025-11-10 14:55:06,2025-11-10 14:55:06,1
IC02942,1,2025-11-10 14:52:42,2025-11-10 14:52:42,1
IC02943,1,2025-11-10 14:40:54,2025-11-10 14:40:54,1
IC02944,1,2025-11-10 14:08:39,2025-11-10 14:08:39,1
IC02945,1,2025-11-10 13:56:36,2025-11-10 13:56:36,1
IC02946,1,2025-11-10 12:54:34,2025-11-10 12:54:34,1
IC02947,1,2025-11-10 12:24:49,2025-11-10 12:24:49,1
IC02949,1,2025-11-10 11:32:48,2025-11-10 11:32:48,1
IC02952,1,2025-11-10 10:53:32,2025-11-10 10:53:32,1
IC02919,1,2025-11-11 09:26:43,2025-11-11 09:26:43,1
IC02921,1,2025-11-11 08:57:58,2025-11-11 08:57:58,1
IC02923,1,2025-11-11 08:47:08,2025-11-11 08:47:08,1
IC01188,1,2025-12-18 05:47:35,2025-12-18 05:47:35,1
IC01196,1,2025-12-18 00:49:08,2025-12-18 00:49:08,1
IC02926,1,2025-11-11 08:30:19,2025-11-11 08:30:19,1
IC01699,1,2025-12-09 10:13:53,2025-12-09 10:13:53,1
IC02928,1,2025-11-11 06:57:13,2025-11-11 06:57:13,1
IC02932,1,2025-11-10 21:37:43,2025-11-10 21:37:43,1
IC02904,1,2025-11-11 16:26:49,2025-11-11 16:26:49,1
IC02905,1,2025-11-11 15:50:13,2025-11-11 15:50:13,1
IC02906,1,2025-11-11 15:38:37,2025-11-11 15:38:37,1
IC02908,1,2025-11-11 15:14:35,2025-11-11 15:14:35,1
IC04084,1,2025-10-22 21:13:36,2025-10-22 21:13:36,1
IC04085,1,2025-10-22 21:11:44,2025-10-22 21:11:44,1
IC04087,1,2025-10-22 19:34:14,2025-10-22 19:34:14,1
IC04088,1,2025-10-22 18:34:33,2025-10-22 18:34:33,1
IC04090,1,2025-10-22 18:23:45,2025-10-22 18:23:45,1
IC04091,1,2025-10-22 18:02:50,2025-10-22 18:02:50,1
IC04094,1,2025-10-22 15:36:39,2025-10-22 15:36:39,1
IC04095,1,2025-10-22 15:31:41,2025-10-22 15:31:41,1
IC01170,1,2025-12-18 09:30:24,2025-12-18 09:30:24,1
IC04097,1,2025-10-22 15:04:03,2025-10-22 15:04:03,1
IC04099,1,2025-10-22 14:14:09,2025-10-22 14:14:09,1
IC04100,1,2025-10-22 14:09:17,2025-10-22 14:09:17,1
IC04101,1,2025-10-22 13:53:54,2025-10-22 13:53:54,1
IC04102,1,2025-10-22 13:42:48,2025-10-22 13:42:48,1
IC04103,1,2025-10-22 13:39:22,2025-10-22 13:39:22,1
IC04106,1,2025-10-22 11:38:56,2025-10-22 11:38:56,1
IC04108,1,2025-10-22 11:02:49,2025-10-22 11:02:49,1
IC04109,1,2025-10-22 10:56:08,2025-10-22 10:56:08,1
IC04111,1,2025-10-22 09:11:46,2025-10-22 09:11:46,1
IC04112,1,2025-10-22 08:26:05,2025-10-22 08:26:05,1
IC04114,1,2025-10-22 07:30:44,2025-10-22 07:30:44,1
IC04115,1,2025-10-22 07:29:40,2025-10-22 07:29:40,1
IC04116,1,2025-10-22 06:47:43,2025-10-22 06:47:43,1
IC02925,1,2025-11-11 08:34:46,2025-11-11 08:34:46,1
IC04123,1,2025-10-21 21:35:18,2025-10-21 21:35:18,1
IC02909,1,2025-11-11 15:03:58,2025-11-11 15:03:58,1
IC01715,1,2025-12-09 08:37:18,2025-12-09 08:37:18,1
IC02911,1,2025-11-11 14:38:09,2025-11-11 14:38:09,1
IC02912,1,2025-11-11 14:28:47,2025-11-11 14:28:47,1
IC02914,1,2025-11-11 12:46:25,2025-11-11 12:46:25,1
IC02915,1,2025-11-11 10:49:12,2025-11-11 10:49:12,1
IC02892,1,2025-11-12 09:54:59,2025-11-12 09:54:59,1
IC02893,1,2025-11-12 09:50:44,2025-11-12 09:50:44,1
IC01723,1,2025-12-08 22:03:39,2025-12-08 22:03:39,1
IC01724,1,2025-12-08 19:58:15,2025-12-08 19:58:15,1
IC04127,1,2025-10-21 15:37:47,2025-10-21 15:37:47,1
IC04129,1,2025-10-21 15:17:55,2025-10-21 15:17:55,1
IC04130,1,2025-10-21 15:11:51,2025-10-21 15:11:51,1
IC04133,1,2025-10-21 14:37:25,2025-10-21 14:37:25,1
IC01169,1,2025-12-18 09:42:40,2025-12-18 09:42:40,1
IC01734,1,2025-12-08 15:10:26,2025-12-08 15:10:26,1
IC01735,1,2025-12-08 15:06:54,2025-12-08 15:06:54,1
IC02897,1,2025-11-12 00:05:52,2025-11-12 00:05:52,1
IC02902,1,2025-11-11 18:03:03,2025-11-11 18:03:03,1
IC02903,1,2025-11-11 16:44:14,2025-11-11 16:44:14,1
IC02871,1,2025-11-12 17:56:59,2025-11-12 17:56:59,1
IC02875,1,2025-11-12 16:47:07,2025-11-12 16:47:07,1
IC01179,1,2025-12-18 08:45:13,2025-12-18 08:45:13,1
IC01181,1,2025-12-18 08:34:50,2025-12-18 08:34:50,1
IC01184,1,2025-12-18 08:21:32,2025-12-18 08:21:32,1
IC04136,1,2025-10-21 14:31:57,2025-10-21 14:31:57,1
IC04137,1,2025-10-21 13:11:20,2025-10-21 13:11:20,1
IC04140,1,2025-10-21 12:28:55,2025-10-21 12:28:55,1
IC04141,1,2025-10-21 11:46:49,2025-10-21 11:46:49,1
IC04143,1,2025-10-21 10:46:58,2025-10-21 10:46:58,1
IC04121,1,2025-10-22 00:30:10,2025-10-22 00:30:10,1
IC04178,1,2025-10-20 08:24:01,2025-10-20 08:24:01,1
IC04182,1,2025-10-19 14:56:50,2025-10-19 14:56:50,1
IC04184,1,2025-10-19 00:08:33,2025-10-19 00:08:33,1
IC04144,1,2025-10-21 10:04:25,2025-10-21 10:04:25,1
IC04146,1,2025-10-21 09:37:27,2025-10-21 09:37:27,1
IC04148,1,2025-10-21 09:31:08,2025-10-21 09:31:08,1
IC04153,1,2025-10-21 01:48:16,2025-10-21 01:48:16,1
IC04154,1,2025-10-21 00:05:49,2025-10-21 00:05:49,1
IC04158,1,2025-10-20 20:59:44,2025-10-20 20:59:44,1
IC04162,1,2025-10-20 18:54:32,2025-10-20 18:54:32,1
IC04163,1,2025-10-20 18:51:10,2025-10-20 18:51:10,1
IC04165,1,2025-10-20 15:41:52,2025-10-20 15:41:52,1
IC01730,1,2025-12-08 15:29:23,2025-12-08 15:29:23,1
IC01731,1,2025-12-08 15:19:14,2025-12-08 15:19:14,1
IC01732,1,2025-12-08 15:13:48,2025-12-08 15:13:48,1
IC01733,1,2025-12-08 15:11:35,2025-12-08 15:11:35,1
IC01739,1,2025-12-08 14:38:12,2025-12-08 14:38:12,1
IC01741,1,2025-12-08 13:08:05,2025-12-08 13:08:05,1
IC01160,1,2025-12-18 11:49:27,2025-12-18 11:49:27,1
IC01167,1,2025-12-18 09:53:57,2025-12-18 09:53:57,1
IC01168,1,2025-12-18 09:48:54,2025-12-18 09:48:54,1
IC04191,1,2025-10-18 11:14:09,2025-10-18 11:14:09,1
IC04192,1,2025-10-18 11:14:08,2025-10-18 11:14:08,1
IC04193,1,2025-10-18 11:14:06,2025-10-18 11:14:06,1
IC04194,1,2025-10-18 11:14:03,2025-10-18 11:14:03,1
IC04195,1,2025-10-18 11:13:59,2025-10-18 11:13:59,1
IC04169,1,2025-10-20 13:06:11,2025-10-20 13:06:11,1
IC04170,1,2025-10-20 13:01:42,2025-10-20 13:01:42,1
IC04174,1,2025-10-20 11:36:33,2025-10-20 11:36:33,1
IC04175,1,2025-10-20 11:19:34,2025-10-20 11:19:34,1
IC04176,1,2025-10-20 10:10:49,2025-10-20 10:10:49,1
IC04177,1,2025-10-20 09:39:02,2025-10-20 09:39:02,1
IC01154,1,2025-12-18 13:08:09,2025-12-18 13:08:09,1
IC01155,1,2025-12-18 12:52:59,2025-12-18 12:52:59,1
IC01158,1,2025-12-18 12:06:57,2025-12-18 12:06:57,1
IC01159,1,2025-12-18 11:49:29,2025-12-18 11:49:29,1
IC02878,1,2025-11-12 15:58:40,2025-11-12 15:58:40,1
IC02879,1,2025-11-12 15:21:43,2025-11-12 15:21:43,1
IC02881,1,2025-11-12 15:05:11,2025-11-12 15:05:11,1
IC02882,1,2025-11-12 14:54:07,2025-11-12 14:54:07,1
IC02883,1,2025-11-12 13:33:51,2025-11-12 13:33:51,1
IC02884,1,2025-11-12 13:13:38,2025-11-12 13:13:38,1
IC02885,1,2025-11-12 12:56:42,2025-11-12 12:56:42,1
IC02887,1,2025-11-12 12:18:30,2025-11-12 12:18:30,1
IC02891,1,2025-11-12 09:55:17,2025-11-12 09:55:17,1
IC02860,1,2025-11-13 08:50:12,2025-11-13 08:50:12,1
IC02861,1,2025-11-13 08:48:55,2025-11-13 08:48:55,1
IC01736,1,2025-12-08 15:03:11,2025-12-08 15:03:11,1
IC04229,1,2025-10-17 07:53:28,2025-10-17 07:53:28,1
IC04230,1,2025-10-17 07:46:16,2025-10-17 07:46:16,1
IC04232,1,2025-10-17 00:05:55,2025-10-17 00:05:55,1
IC04233,1,2025-10-16 21:44:44,2025-10-16 21:44:44,1
IC04196,1,2025-10-18 11:13:57,2025-10-18 11:13:57,1
IC04197,1,2025-10-18 11:12:57,2025-10-18 11:12:57,1
IC04198,1,2025-10-18 10:33:32,2025-10-18 10:33:32,1
IC04201,1,2025-10-18 07:47:36,2025-10-18 07:47:36,1
IC04206,1,2025-10-18 00:05:31,2025-10-18 00:05:31,1
IC04207,1,2025-10-17 22:28:22,2025-10-17 22:28:22,1
IC04210,1,2025-10-17 20:16:37,2025-10-17 20:16:37,1
IC04212,1,2025-10-17 16:53:20,2025-10-17 16:53:20,1
IC04214,1,2025-10-17 14:47:57,2025-10-17 14:47:57,1
IC04215,1,2025-10-17 14:42:51,2025-10-17 14:42:51,1
IC04216,1,2025-10-17 14:17:21,2025-10-17 14:17:21,1
IC01153,1,2025-12-18 13:20:43,2025-12-18 13:20:43,1
IC01746,1,2025-12-08 12:06:10,2025-12-08 12:06:10,1
IC01750,1,2025-12-08 10:07:40,2025-12-08 10:07:40,1
IC02862,1,2025-11-13 08:41:22,2025-11-13 08:41:22,1
IC02866,1,2025-11-12 19:16:37,2025-11-12 19:16:37,1
IC02867,1,2025-11-12 19:12:47,2025-11-12 19:12:47,1
IC02868,1,2025-11-12 18:23:16,2025-11-12 18:23:16,1
IC02869,1,2025-11-12 18:11:25,2025-11-12 18:11:25,1
IC02842,1,2025-11-13 10:42:31,2025-11-13 10:42:31,1
IC02843,1,2025-11-13 10:42:25,2025-11-13 10:42:25,1
IC02844,1,2025-11-13 10:42:23,2025-11-13 10:42:23,1
IC02845,1,2025-11-13 10:42:22,2025-11-13 10:42:22,1
IC04224,1,2025-10-17 10:17:35,2025-10-17 10:17:35,1
IC04225,1,2025-10-17 10:07:52,2025-10-17 10:07:52,1
IC04226,1,2025-10-17 09:41:56,2025-10-17 09:41:56,1
IC04227,1,2025-10-17 08:55:42,2025-10-17 08:55:42,1
IC04228,1,2025-10-17 08:00:02,2025-10-17 08:00:02,1
IC04258,1,2025-10-16 18:04:51,2025-10-16 18:04:51,1
IC04259,1,2025-10-16 18:04:48,2025-10-16 18:04:48,1
IC01137,1,2025-12-18 15:15:17,2025-12-18 15:15:17,1
IC01140,1,2025-12-18 14:39:29,2025-12-18 14:39:29,1
IC01141,1,2025-12-18 14:37:50,2025-12-18 14:37:50,1
IC01143,1,2025-12-18 14:34:21,2025-12-18 14:34:21,1
IC01144,1,2025-12-18 14:31:55,2025-12-18 14:31:55,1
IC01146,1,2025-12-18 14:26:19,2025-12-18 14:26:19,1
IC01150,1,2025-12-18 14:17:24,2025-12-18 14:17:24,1
IC04241,1,2025-10-16 20:13:13,2025-10-16 20:13:13,1
IC04217,1,2025-10-17 13:33:26,2025-10-17 13:33:26,1
IC04218,1,2025-10-17 12:44:02,2025-10-17 12:44:02,1
IC04221,1,2025-10-17 11:13:55,2025-10-17 11:13:55,1
IC04222,1,2025-10-17 10:38:54,2025-10-17 10:38:54,1
IC01743,1,2025-12-08 12:31:23,2025-12-08 12:31:23,1
IC01745,1,2025-12-08 12:11:16,2025-12-08 12:11:16,1
IC04271,1,2025-10-16 18:04:08,2025-10-16 18:04:08,1
IC04272,1,2025-10-16 18:04:06,2025-10-16 18:04:06,1
IC04273,1,2025-10-16 18:04:01,2025-10-16 18:04:01,1
IC04274,1,2025-10-16 18:03:58,2025-10-16 18:03:58,1
IC04275,1,2025-10-16 18:03:48,2025-10-16 18:03:48,1
IC04242,1,2025-10-16 20:08:44,2025-10-16 20:08:44,1
IC04243,1,2025-10-16 20:08:39,2025-10-16 20:08:39,1
IC04244,1,2025-10-16 20:07:47,2025-10-16 20:07:47,1
IC04246,1,2025-10-16 20:07:28,2025-10-16 20:07:28,1
IC04247,1,2025-10-16 20:03:55,2025-10-16 20:03:55,1
IC04252,1,2025-10-16 18:18:52,2025-10-16 18:18:52,1
IC04253,1,2025-10-16 18:18:50,2025-10-16 18:18:50,1
IC04254,1,2025-10-16 18:15:13,2025-10-16 18:15:13,1
IC04255,1,2025-10-16 18:15:06,2025-10-16 18:15:06,1
IC04256,1,2025-10-16 18:04:57,2025-10-16 18:04:57,1
IC04257,1,2025-10-16 18:04:54,2025-10-16 18:04:54,1
IC04287,1,2025-10-16 18:03:11,2025-10-16 18:03:11,1
IC04288,1,2025-10-16 18:03:09,2025-10-16 18:03:09,1
IC04290,1,2025-10-16 18:03:04,2025-10-16 18:03:04,1
IC04291,1,2025-10-16 18:02:59,2025-10-16 18:02:59,1
IC04292,1,2025-10-16 18:02:54,2025-10-16 18:02:54,1
IC04293,1,2025-10-16 18:02:49,2025-10-16 18:02:49,1
IC04260,1,2025-10-16 18:04:46,2025-10-16 18:04:46,1
IC04261,1,2025-10-16 18:04:43,2025-10-16 18:04:43,1
IC04262,1,2025-10-16 18:04:40,2025-10-16 18:04:40,1
IC04263,1,2025-10-16 18:04:37,2025-10-16 18:04:37,1
IC04265,1,2025-10-16 18:04:26,2025-10-16 18:04:26,1
IC04266,1,2025-10-16 18:04:24,2025-10-16 18:04:24,1
IC04267,1,2025-10-16 18:04:21,2025-10-16 18:04:21,1
IC04268,1,2025-10-16 18:04:19,2025-10-16 18:04:19,1
IC04269,1,2025-10-16 18:04:16,2025-10-16 18:04:16,1
IC04270,1,2025-10-16 18:04:11,2025-10-16 18:04:11,1
IC04304,1,2025-10-16 18:02:15,2025-10-16 18:02:15,1
IC04305,1,2025-10-16 18:02:13,2025-10-16 18:02:13,1
IC04306,1,2025-10-16 18:02:10,2025-10-16 18:02:10,1
IC04307,1,2025-10-16 18:02:03,2025-10-16 18:02:03,1
IC04308,1,2025-10-16 18:02:00,2025-10-16 18:02:00,1
IC04309,1,2025-10-16 18:01:57,2025-10-16 18:01:57,1
IC04277,1,2025-10-16 18:03:43,2025-10-16 18:03:43,1
IC04278,1,2025-10-16 18:03:40,2025-10-16 18:03:40,1
IC04279,1,2025-10-16 18:03:37,2025-10-16 18:03:37,1
IC04280,1,2025-10-16 18:03:35,2025-10-16 18:03:35,1
IC04281,1,2025-10-16 18:03:33,2025-10-16 18:03:33,1
IC04282,1,2025-10-16 18:03:27,2025-10-16 18:03:27,1
IC04283,1,2025-10-16 18:03:25,2025-10-16 18:03:25,1
IC04284,1,2025-10-16 18:03:18,2025-10-16 18:03:18,1
IC04285,1,2025-10-16 18:03:16,2025-10-16 18:03:16,1
IC04286,1,2025-10-16 18:03:13,2025-10-16 18:03:13,1
IC04319,1,2025-10-16 18:01:29,2025-10-16 18:01:29,1
IC04320,1,2025-10-16 18:01:26,2025-10-16 18:01:26,1
IC04321,1,2025-10-16 18:01:23,2025-10-16 18:01:23,1
IC04322,1,2025-10-16 18:01:21,2025-10-16 18:01:21,1
IC04323,1,2025-10-16 18:01:18,2025-10-16 18:01:18,1
IC04324,1,2025-10-16 18:01:14,2025-10-16 18:01:14,1
IC04325,1,2025-10-16 18:01:11,2025-10-16 18:01:11,1
IC04326,1,2025-10-16 18:01:09,2025-10-16 18:01:09,1
IC04294,1,2025-10-16 18:02:44,2025-10-16 18:02:44,1
IC04297,1,2025-10-16 18:02:37,2025-10-16 18:02:37,1
IC04298,1,2025-10-16 18:02:34,2025-10-16 18:02:34,1
IC04299,1,2025-10-16 18:02:30,2025-10-16 18:02:30,1
IC04300,1,2025-10-16 18:02:28,2025-10-16 18:02:28,1
IC04301,1,2025-10-16 18:02:23,2025-10-16 18:02:23,1
IC04302,1,2025-10-16 18:02:20,2025-10-16 18:02:20,1
IC04303,1,2025-10-16 18:02:17,2025-10-16 18:02:17,1
IC04335,1,2025-10-16 18:00:39,2025-10-16 18:00:39,1
IC04336,1,2025-10-16 18:00:36,2025-10-16 18:00:36,1
IC04337,1,2025-10-16 18:00:33,2025-10-16 18:00:33,1
IC04338,1,2025-10-16 18:00:31,2025-10-16 18:00:31,1
IC04339,1,2025-10-16 18:00:26,2025-10-16 18:00:26,1
IC04340,1,2025-10-16 18:00:24,2025-10-16 18:00:24,1
IC04341,1,2025-10-16 18:00:21,2025-10-16 18:00:21,1
IC04342,1,2025-10-16 18:00:19,2025-10-16 18:00:19,1
IC04343,1,2025-10-16 18:00:16,2025-10-16 18:00:16,1
IC04312,1,2025-10-16 18:01:49,2025-10-16 18:01:49,1
IC04313,1,2025-10-16 18:01:47,2025-10-16 18:01:47,1
IC04314,1,2025-10-16 18:01:44,2025-10-16 18:01:44,1
IC04315,1,2025-10-16 18:01:42,2025-10-16 18:01:42,1
IC04316,1,2025-10-16 18:01:39,2025-10-16 18:01:39,1
IC04317,1,2025-10-16 18:01:36,2025-10-16 18:01:36,1
IC04318,1,2025-10-16 18:01:31,2025-10-16 18:01:31,1
IC04349,1,2025-10-16 17:59:53,2025-10-16 17:59:53,1
IC04350,1,2025-10-16 17:59:48,2025-10-16 17:59:48,1
IC04352,1,2025-10-16 17:59:41,2025-10-16 17:59:41,1
IC04353,1,2025-10-16 17:59:38,2025-10-16 17:59:38,1
IC04354,1,2025-10-16 17:59:36,2025-10-16 17:59:36,1
IC04355,1,2025-10-16 17:59:34,2025-10-16 17:59:34,1
IC04356,1,2025-10-16 17:59:31,2025-10-16 17:59:31,1
IC04357,1,2025-10-16 17:59:28,2025-10-16 17:59:28,1
IC04358,1,2025-10-16 17:59:20,2025-10-16 17:59:20,1
IC04359,1,2025-10-16 17:59:17,2025-10-16 17:59:17,1
IC04327,1,2025-10-16 18:01:07,2025-10-16 18:01:07,1
IC04328,1,2025-10-16 18:01:04,2025-10-16 18:01:04,1
IC04331,1,2025-10-16 18:00:57,2025-10-16 18:00:57,1
IC04332,1,2025-10-16 18:00:55,2025-10-16 18:00:55,1
IC04333,1,2025-10-16 18:00:46,2025-10-16 18:00:46,1
IC04334,1,2025-10-16 18:00:41,2025-10-16 18:00:41,1
IC04365,1,2025-10-16 17:59:02,2025-10-16 17:59:02,1
IC04366,1,2025-10-16 17:58:59,2025-10-16 17:58:59,1
IC04367,1,2025-10-16 17:58:53,2025-10-16 17:58:53,1
IC04368,1,2025-10-16 17:58:49,2025-10-16 17:58:49,1
IC04369,1,2025-10-16 17:58:43,2025-10-16 17:58:43,1
IC04370,1,2025-10-16 17:58:40,2025-10-16 17:58:40,1
IC04371,1,2025-10-16 17:58:30,2025-10-16 17:58:30,1
IC04372,1,2025-10-16 17:58:19,2025-10-16 17:58:19,1
IC04373,1,2025-10-16 17:58:15,2025-10-16 17:58:15,1
IC04374,1,2025-10-16 17:58:07,2025-10-16 17:58:07,1
IC04375,1,2025-10-16 17:58:04,2025-10-16 17:58:04,1
IC04344,1,2025-10-16 18:00:14,2025-10-16 18:00:14,1
IC04345,1,2025-10-16 18:00:08,2025-10-16 18:00:08,1
IC04346,1,2025-10-16 18:00:05,2025-10-16 18:00:05,1
IC04347,1,2025-10-16 18:00:03,2025-10-16 18:00:03,1
IC04348,1,2025-10-16 17:59:59,2025-10-16 17:59:59,1
IC04379,1,2025-10-16 17:57:59,2025-10-16 17:57:59,1
IC01121,1,2025-12-18 16:36:06,2025-12-18 16:36:06,1
IC01123,1,2025-12-18 16:22:50,2025-12-18 16:22:50,1
IC01124,1,2025-12-18 16:19:10,2025-12-18 16:19:10,1
IC01133,1,2025-12-18 15:29:00,2025-12-18 15:29:00,1
IC01136,1,2025-12-18 15:17:08,2025-12-18 15:17:08,1
IC04381,1,2025-10-16 17:57:54,2025-10-16 17:57:54,1
IC04382,1,2025-10-16 17:57:52,2025-10-16 17:57:52,1
IC04383,1,2025-10-16 17:57:50,2025-10-16 17:57:50,1
IC04384,1,2025-10-16 17:57:47,2025-10-16 17:57:47,1
IC04385,1,2025-10-16 17:57:45,2025-10-16 17:57:45,1
IC04386,1,2025-10-16 17:57:40,2025-10-16 17:57:40,1
IC04360,1,2025-10-16 17:59:15,2025-10-16 17:59:15,1
IC04361,1,2025-10-16 17:59:12,2025-10-16 17:59:12,1
IC04362,1,2025-10-16 17:59:10,2025-10-16 17:59:10,1
IC04364,1,2025-10-16 17:59:04,2025-10-16 17:59:04,1
IC01753,1,2025-12-08 09:31:34,2025-12-08 09:31:34,1
IC01754,1,2025-12-08 09:30:26,2025-12-08 09:30:26,1
IC04394,1,2025-10-16 17:57:16,2025-10-16 17:57:16,1
IC04395,1,2025-10-16 17:57:14,2025-10-16 17:57:14,1
IC04396,1,2025-10-16 17:57:11,2025-10-16 17:57:11,1
IC04397,1,2025-10-16 17:57:06,2025-10-16 17:57:06,1
IC04398,1,2025-10-16 17:57:01,2025-10-16 17:57:01,1
IC04399,1,2025-10-16 17:56:59,2025-10-16 17:56:59,1
IC04400,1,2025-10-16 17:56:58,2025-10-16 17:56:58,1
IC04401,1,2025-10-16 17:56:54,2025-10-16 17:56:54,1
IC04402,1,2025-10-16 17:56:51,2025-10-16 17:56:51,1
IC04403,1,2025-10-16 17:56:46,2025-10-16 17:56:46,1
IC04404,1,2025-10-16 17:56:43,2025-10-16 17:56:43,1
IC04376,1,2025-10-16 17:58:02,2025-10-16 17:58:02,1
IC04377,1,2025-10-16 17:58:02,2025-10-16 17:58:02,1
IC04378,1,2025-10-16 17:58:00,2025-10-16 17:58:00,1
IC04390,1,2025-10-16 17:57:27,2025-10-16 17:57:27,1
IC04391,1,2025-10-16 17:57:24,2025-10-16 17:57:24,1
IC04392,1,2025-10-16 17:57:21,2025-10-16 17:57:21,1
IC04393,1,2025-10-16 17:57:19,2025-10-16 17:57:19,1
IC02846,1,2025-11-13 10:42:18,2025-11-13 10:42:18,1
IC02847,1,2025-11-13 10:42:16,2025-11-13 10:42:16,1
IC02848,1,2025-11-13 10:42:14,2025-11-13 10:42:14,1
IC02849,1,2025-11-13 10:42:13,2025-11-13 10:42:13,1
IC02850,1,2025-11-13 10:42:08,2025-11-13 10:42:08,1
IC02851,1,2025-11-13 10:42:07,2025-11-13 10:42:07,1
IC02852,1,2025-11-13 10:42:05,2025-11-13 10:42:05,1
IC02853,1,2025-11-13 10:42:03,2025-11-13 10:42:03,1
IC02854,1,2025-11-13 10:42:01,2025-11-13 10:42:01,1
IC02856,1,2025-11-13 09:55:32,2025-11-13 09:55:32,1
IC02857,1,2025-11-13 09:51:49,2025-11-13 09:51:49,1
IC01752,1,2025-12-08 09:43:21,2025-12-08 09:43:21,1
IC04405,1,2025-10-16 17:56:41,2025-10-16 17:56:41,1
IC04406,1,2025-10-16 17:56:38,2025-10-16 17:56:38,1
IC04407,1,2025-10-16 17:56:36,2025-10-16 17:56:36,1
IC04409,1,2025-10-16 17:56:31,2025-10-16 17:56:31,1
IC04410,1,2025-10-16 17:56:26,2025-10-16 17:56:26,1
IC04411,1,2025-10-16 17:56:23,2025-10-16 17:56:23,1
IC04412,1,2025-10-16 17:56:18,2025-10-16 17:56:18,1
IC04414,1,2025-10-16 17:56:06,2025-10-16 17:56:06,1
IC04415,1,2025-10-16 17:55:58,2025-10-16 17:55:58,1
IC04416,1,2025-10-16 17:55:55,2025-10-16 17:55:55,1
IC04417,1,2025-10-16 17:55:53,2025-10-16 17:55:53,1
IC04418,1,2025-10-16 17:55:51,2025-10-16 17:55:51,1
IC04419,1,2025-10-16 17:55:45,2025-10-16 17:55:45,1
IC04420,1,2025-10-16 17:55:43,2025-10-16 17:55:43,1
IC04421,1,2025-10-16 17:55:41,2025-10-16 17:55:41,1
IC04389,1,2025-10-16 17:57:30,2025-10-16 17:57:30,1
IC04451,1,2025-10-16 17:53:46,2025-10-16 17:53:46,1
IC04422,1,2025-10-16 17:55:36,2025-10-16 17:55:36,1
IC04423,1,2025-10-16 17:55:30,2025-10-16 17:55:30,1
IC04425,1,2025-10-16 17:55:16,2025-10-16 17:55:16,1
IC04426,1,2025-10-16 17:55:11,2025-10-16 17:55:11,1
IC04427,1,2025-10-16 17:55:07,2025-10-16 17:55:07,1
IC04428,1,2025-10-16 17:55:04,2025-10-16 17:55:04,1
IC04429,1,2025-10-16 17:55:02,2025-10-16 17:55:02,1
IC04430,1,2025-10-16 17:54:59,2025-10-16 17:54:59,1
IC04432,1,2025-10-16 17:54:53,2025-10-16 17:54:53,1
IC04433,1,2025-10-16 17:54:51,2025-10-16 17:54:51,1
IC04434,1,2025-10-16 17:54:49,2025-10-16 17:54:49,1
IC04435,1,2025-10-16 17:54:46,2025-10-16 17:54:46,1
IC04436,1,2025-10-16 17:54:43,2025-10-16 17:54:43,1
IC04437,1,2025-10-16 17:54:38,2025-10-16 17:54:38,1
IC04438,1,2025-10-16 17:54:34,2025-10-16 17:54:34,1
IC04464,1,2025-10-16 17:53:10,2025-10-16 17:53:10,1
IC04465,1,2025-10-16 17:53:10,2025-10-16 17:53:10,1
IC04466,1,2025-10-16 17:53:08,2025-10-16 17:53:08,1
IC04467,1,2025-10-16 17:53:07,2025-10-16 17:53:07,1
IC04468,1,2025-10-16 17:53:05,2025-10-16 17:53:05,1
IC04440,1,2025-10-16 17:54:27,2025-10-16 17:54:27,1
IC04442,1,2025-10-16 17:54:17,2025-10-16 17:54:17,1
IC04443,1,2025-10-16 17:54:12,2025-10-16 17:54:12,1
IC01110,1,2025-12-18 22:25:33,2025-12-18 22:25:33,1
IC01113,1,2025-12-18 21:49:33,2025-12-18 21:49:33,1
IC04444,1,2025-10-16 17:54:09,2025-10-16 17:54:09,1
IC04445,1,2025-10-16 17:54:07,2025-10-16 17:54:07,1
IC04447,1,2025-10-16 17:54:02,2025-10-16 17:54:02,1
IC04448,1,2025-10-16 17:53:56,2025-10-16 17:53:56,1
IC04449,1,2025-10-16 17:53:54,2025-10-16 17:53:54,1
IC04450,1,2025-10-16 17:53:51,2025-10-16 17:53:51,1
IC04478,1,2025-10-16 17:43:56,2025-10-16 17:43:56,1
IC04480,1,2025-10-16 17:42:21,2025-10-16 17:42:21,1
IC04483,1,2025-10-16 16:43:31,2025-10-16 16:43:31,1
IC04484,1,2025-10-16 16:16:37,2025-10-16 16:16:37,1
IC04485,1,2025-10-16 16:02:16,2025-10-16 16:02:16,1
IC04453,1,2025-10-16 17:53:39,2025-10-16 17:53:39,1
IC04454,1,2025-10-16 17:53:37,2025-10-16 17:53:37,1
IC04455,1,2025-10-16 17:53:32,2025-10-16 17:53:32,1
IC04456,1,2025-10-16 17:53:29,2025-10-16 17:53:29,1
IC04457,1,2025-10-16 17:53:25,2025-10-16 17:53:25,1
IC04458,1,2025-10-16 17:53:23,2025-10-16 17:53:23,1
IC04459,1,2025-10-16 17:53:20,2025-10-16 17:53:20,1
IC04460,1,2025-10-16 17:53:18,2025-10-16 17:53:18,1
IC04461,1,2025-10-16 17:53:15,2025-10-16 17:53:15,1
IC04462,1,2025-10-16 17:53:13,2025-10-16 17:53:13,1
IC04463,1,2025-10-16 17:53:12,2025-10-16 17:53:12,1
IC04472,1,2025-10-16 17:52:53,2025-10-16 17:52:53,1
IC04473,1,2025-10-16 17:52:47,2025-10-16 17:52:47,1
IC01759,1,2025-12-08 09:04:56,2025-12-08 09:04:56,1
IC01760,1,2025-12-08 09:03:09,2025-12-08 09:03:09,1
IC01762,1,2025-12-08 09:01:32,2025-12-08 09:01:32,1
IC02832,1,2025-11-13 15:38:40,2025-11-13 15:38:40,1
IC02834,1,2025-11-13 14:37:50,2025-11-13 14:37:50,1
IC02835,1,2025-11-13 12:44:53,2025-11-13 12:44:53,1
IC02836,1,2025-11-13 12:36:58,2025-11-13 12:36:58,1
IC02837,1,2025-11-13 12:00:36,2025-11-13 12:00:36,1
IC02800,1,2025-11-14 12:19:07,2025-11-14 12:19:07,1
IC02802,1,2025-11-14 12:09:41,2025-11-14 12:09:41,1
IC02805,1,2025-11-14 11:36:42,2025-11-14 11:36:42,1
IC04474,1,2025-10-16 17:52:44,2025-10-16 17:52:44,1
IC04475,1,2025-10-16 17:52:42,2025-10-16 17:52:42,1
IC04477,1,2025-10-16 17:44:53,2025-10-16 17:44:53,1
IC04524,1,2025-10-15 08:42:11,2025-10-15 08:42:11,1
IC04525,1,2025-10-15 08:42:09,2025-10-15 08:42:09,1
IC04488,1,2025-10-16 13:25:13,2025-10-16 13:25:13,1
IC04490,1,2025-10-16 11:45:03,2025-10-16 11:45:03,1
IC04493,1,2025-10-16 10:58:36,2025-10-16 10:58:36,1
IC04496,1,2025-10-16 08:58:55,2025-10-16 08:58:55,1
IC04497,1,2025-10-16 08:58:50,2025-10-16 08:58:50,1
IC04498,1,2025-10-16 08:28:54,2025-10-16 08:28:54,1
IC04499,1,2025-10-16 08:12:57,2025-10-16 08:12:57,1
IC04500,1,2025-10-15 21:33:21,2025-10-15 21:33:21,1
IC04501,1,2025-10-15 21:29:34,2025-10-15 21:29:34,1
IC04503,1,2025-10-15 20:52:19,2025-10-15 20:52:19,1
IC04509,1,2025-10-15 14:31:47,2025-10-15 14:31:47,1
IC04469,1,2025-10-16 17:53:03,2025-10-16 17:53:03,1
IC04470,1,2025-10-16 17:53:00,2025-10-16 17:53:00,1
IC04471,1,2025-10-16 17:52:56,2025-10-16 17:52:56,1
IC04536,1,2025-10-15 08:41:14,2025-10-15 08:41:14,1
IC04537,1,2025-10-15 08:41:12,2025-10-15 08:41:12,1
IC04539,1,2025-10-15 08:41:07,2025-10-15 08:41:07,1
IC04540,1,2025-10-15 08:41:04,2025-10-15 08:41:04,1
IC04541,1,2025-10-15 08:41:01,2025-10-15 08:41:01,1
IC04510,1,2025-10-15 13:03:42,2025-10-15 13:03:42,1
IC04511,1,2025-10-15 12:27:44,2025-10-15 12:27:44,1
IC04515,1,2025-10-15 09:57:44,2025-10-15 09:57:44,1
IC04516,1,2025-10-15 09:39:37,2025-10-15 09:39:37,1
IC04517,1,2025-10-15 09:31:58,2025-10-15 09:31:58,1
IC04518,1,2025-10-15 09:30:46,2025-10-15 09:30:46,1
IC04519,1,2025-10-15 08:42:36,2025-10-15 08:42:36,1
IC04520,1,2025-10-15 08:42:34,2025-10-15 08:42:34,1
IC04521,1,2025-10-15 08:42:31,2025-10-15 08:42:31,1
IC04522,1,2025-10-15 08:42:29,2025-10-15 08:42:29,1
IC04523,1,2025-10-15 08:42:27,2025-10-15 08:42:27,1
IC02812,1,2025-11-14 07:56:23,2025-11-14 07:56:23,1
IC02814,1,2025-11-14 04:27:27,2025-11-14 04:27:27,1
IC02817,1,2025-11-13 22:17:57,2025-11-13 22:17:57,1
IC02818,1,2025-11-13 19:27:38,2025-11-13 19:27:38,1
IC02819,1,2025-11-13 19:01:18,2025-11-13 19:01:18,1
IC02821,1,2025-11-13 18:51:32,2025-11-13 18:51:32,1
IC02823,1,2025-11-13 18:50:30,2025-11-13 18:50:30,1
IC02827,1,2025-11-13 17:45:09,2025-11-13 17:45:09,1
IC02828,1,2025-11-13 17:30:19,2025-11-13 17:30:19,1
IC02792,1,2025-11-14 17:40:17,2025-11-14 17:40:17,1
IC02793,1,2025-11-14 17:25:04,2025-11-14 17:25:04,1
IC04531,1,2025-10-15 08:41:26,2025-10-15 08:41:26,1
IC04532,1,2025-10-15 08:41:24,2025-10-15 08:41:24,1
IC04533,1,2025-10-15 08:41:21,2025-10-15 08:41:21,1
IC04534,1,2025-10-15 08:41:19,2025-10-15 08:41:19,1
IC04535,1,2025-10-15 08:41:17,2025-10-15 08:41:17,1
IC04560,1,2025-10-14 08:49:30,2025-10-14 08:49:30,1
IC01091,1,2025-12-19 09:49:36,2025-12-19 09:49:36,1
IC01093,1,2025-12-19 09:39:33,2025-12-19 09:39:33,1
IC01094,1,2025-12-19 09:04:32,2025-12-19 09:04:32,1
IC01095,1,2025-12-19 08:58:26,2025-12-19 08:58:26,1
IC01099,1,2025-12-19 08:22:33,2025-12-19 08:22:33,1
IC01101,1,2025-12-19 06:04:35,2025-12-19 06:04:35,1
IC01103,1,2025-12-19 05:30:35,2025-12-19 05:30:35,1
IC01104,1,2025-12-19 05:07:34,2025-12-19 05:07:34,1
IC04543,1,2025-10-15 08:21:00,2025-10-15 08:21:00,1
IC04547,1,2025-10-15 03:30:15,2025-10-15 03:30:15,1
IC04549,1,2025-10-15 03:16:45,2025-10-15 03:16:45,1
IC04526,1,2025-10-15 08:42:06,2025-10-15 08:42:06,1
IC04528,1,2025-10-15 08:41:33,2025-10-15 08:41:33,1
IC04529,1,2025-10-15 08:41:31,2025-10-15 08:41:31,1
IC04530,1,2025-10-15 08:41:28,2025-10-15 08:41:28,1
IC04554,1,2025-10-14 17:57:22,2025-10-14 17:57:22,1
IC04555,1,2025-10-14 16:59:58,2025-10-14 16:59:58,1
IC01797,1,2025-12-06 22:42:34,2025-12-06 22:42:34,1
IC01798,1,2025-12-06 22:42:32,2025-12-06 22:42:32,1
IC01799,1,2025-12-06 22:42:30,2025-12-06 22:42:30,1
IC01772,1,2025-12-08 00:36:22,2025-12-08 00:36:22,1
IC01777,1,2025-12-07 21:37:44,2025-12-07 21:37:44,1
IC02797,1,2025-11-14 15:18:48,2025-11-14 15:18:48,1
IC02798,1,2025-11-14 12:52:31,2025-11-14 12:52:31,1
IC02770,1,2025-11-16 00:08:28,2025-11-16 00:08:28,1
IC02775,1,2025-11-15 16:22:50,2025-11-15 16:22:50,1
IC04558,1,2025-10-14 11:59:36,2025-10-14 11:59:36,1
IC01075,1,2025-12-01 22:59:00,2025-12-01 22:59:00,1
IC01080,1,2025-12-19 11:33:55,2025-12-19 11:33:55,1
IC01082,1,2025-12-19 11:06:50,2025-12-19 11:06:50,1
IC01086,1,2025-12-19 10:21:37,2025-12-19 10:21:37,1
IC04601,1,2025-10-12 21:22:29,2025-10-12 21:22:29,1
IC04603,1,2025-10-12 20:07:31,2025-10-12 20:07:31,1
IC04604,1,2025-10-12 18:55:21,2025-10-12 18:55:21,1
IC04563,1,2025-10-14 01:51:17,2025-10-14 01:51:17,1
IC04564,1,2025-10-14 00:05:58,2025-10-14 00:05:58,1
IC04568,1,2025-10-13 19:48:20,2025-10-13 19:48:20,1
IC04569,1,2025-10-13 19:34:42,2025-10-13 19:34:42,1
IC04571,1,2025-10-13 18:32:01,2025-10-13 18:32:01,1
IC04573,1,2025-10-13 18:03:57,2025-10-13 18:03:57,1
IC04575,1,2025-10-08 10:35:40,2025-10-08 10:35:40,1
IC04576,1,2025-10-13 16:19:41,2025-10-13 16:19:41,1
IC04578,1,2025-10-13 16:09:45,2025-10-13 16:09:45,1
IC04580,1,2025-10-13 15:23:06,2025-10-13 15:23:06,1
IC04581,1,2025-10-13 14:35:57,2025-10-13 14:35:57,1
IC04582,1,2025-10-13 14:06:23,2025-10-13 14:06:23,1
IC04553,1,2025-10-14 19:12:27,2025-10-14 19:12:27,1
IC04615,1,2025-10-11 14:01:21,2025-10-11 14:01:21,1
IC04616,1,2025-10-11 13:27:46,2025-10-11 13:27:46,1
IC04617,1,2025-10-11 12:30:56,2025-10-11 12:30:56,1
IC04618,1,2025-10-11 11:52:05,2025-10-11 11:52:05,1
IC04619,1,2025-10-11 09:10:39,2025-10-11 09:10:39,1
IC04621,1,2025-10-11 02:49:43,2025-10-11 02:49:43,1
IC04623,1,2025-10-10 20:58:04,2025-10-10 20:58:04,1
IC04624,1,2025-10-10 20:12:51,2025-10-10 20:12:51,1
IC04585,1,2025-10-13 10:34:35,2025-10-13 10:34:35,1
IC04586,1,2025-10-13 10:06:22,2025-10-13 10:06:22,1
IC04591,1,2025-10-13 09:22:15,2025-10-13 09:22:15,1
IC04592,1,2025-10-13 09:09:06,2025-10-13 09:09:06,1
IC04593,1,2025-10-13 08:56:24,2025-10-13 08:56:24,1
IC04594,1,2025-10-13 08:41:22,2025-10-13 08:41:22,1
IC04596,1,2025-10-13 08:21:56,2025-10-13 08:21:56,1
IC04599,1,2025-10-13 00:05:53,2025-10-13 00:05:53,1
IC04610,1,2025-10-12 00:06:15,2025-10-12 00:06:15,1
IC02778,1,2025-11-15 14:52:56,2025-11-15 14:52:56,1
IC02780,1,2025-11-15 12:24:19,2025-11-15 12:24:19,1
IC01800,1,2025-12-06 22:42:28,2025-12-06 22:42:28,1
IC01801,1,2025-12-06 22:41:26,2025-12-06 22:41:26,1
IC01802,1,2025-12-06 22:41:24,2025-12-06 22:41:24,1
IC01803,1,2025-12-06 22:41:20,2025-12-06 22:41:20,1
IC01805,1,2025-12-06 22:40:15,2025-12-06 22:40:15,1
IC01808,1,2025-12-06 20:09:03,2025-12-06 20:09:03,1
IC01810,1,2025-12-06 12:51:25,2025-12-06 12:51:25,1
IC01811,1,2025-12-06 07:19:18,2025-12-06 07:19:18,1
IC02752,1,2025-11-16 11:04:20,2025-11-16 11:04:20,1
IC02754,1,2025-11-16 01:46:25,2025-11-16 01:46:25,1
IC02762,1,2025-11-16 01:12:32,2025-11-16 01:12:32,1
IC02763,1,2025-11-16 00:57:25,2025-11-16 00:57:25,1
IC04611,1,2025-10-11 16:49:17,2025-10-11 16:49:17,1
IC01823,1,2025-12-05 19:57:28,2025-12-05 19:57:28,1
IC01825,1,2025-12-05 17:07:42,2025-12-05 17:07:42,1
IC02766,1,2025-11-16 00:48:21,2025-11-16 00:48:21,1
IC02734,1,2025-11-17 08:29:09,2025-11-17 08:29:09,1
IC02735,1,2025-11-17 08:29:06,2025-11-17 08:29:06,1
IC02743,1,2025-11-17 02:07:48,2025-11-17 02:07:48,1
IC01067,1,2025-12-19 14:21:52,2025-12-19 14:21:52,1
IC01068,1,2025-12-19 14:01:52,2025-12-19 14:01:52,1
IC01070,1,2025-12-19 13:35:51,2025-12-19 13:35:51,1
IC01072,1,2025-12-19 13:14:09,2025-12-19 13:14:09,1
IC04626,1,2025-10-10 15:52:44,2025-10-10 15:52:44,1
IC04637,1,2025-10-10 13:48:14,2025-10-10 13:48:14,1
IC04639,1,2025-10-10 12:54:23,2025-10-10 12:54:23,1
IC04606,1,2025-10-12 16:08:08,2025-10-12 16:08:08,1
IC04607,1,2025-10-12 12:40:33,2025-10-12 12:40:33,1
IC04609,1,2025-10-12 05:21:23,2025-10-12 05:21:23,1
IC04668,1,2025-10-09 13:50:17,2025-10-09 13:50:17,1
IC04670,1,2025-10-09 11:38:19,2025-10-09 11:38:19,1
IC01044,1,2025-12-19 17:51:25,2025-12-19 17:51:25,1
IC04640,1,2025-10-10 12:17:44,2025-10-10 12:17:44,1
IC04642,1,2025-10-10 11:10:03,2025-10-10 11:10:03,1
IC04644,1,2025-10-10 10:49:13,2025-10-10 10:49:13,1
IC04645,1,2025-10-10 10:43:39,2025-10-10 10:43:39,1
IC04647,1,2025-10-10 10:06:31,2025-10-10 10:06:31,1
IC04649,1,2025-10-10 09:31:54,2025-10-10 09:31:54,1
IC04650,1,2025-10-10 09:29:40,2025-10-10 09:29:40,1
IC04656,1,2025-10-09 18:04:15,2025-10-09 18:04:15,1
IC01062,1,2025-12-19 15:05:51,2025-12-19 15:05:51,1
IC01063,1,2025-12-19 15:00:53,2025-12-19 15:00:53,1
IC01065,1,2025-12-19 14:24:59,2025-12-19 14:24:59,1
IC02764,1,2025-11-16 00:50:09,2025-11-16 00:50:09,1
IC01821,1,2025-12-05 20:41:54,2025-12-05 20:41:54,1
IC04662,1,2025-10-09 16:27:11,2025-10-09 16:27:11,1
IC04664,1,2025-10-09 16:03:24,2025-10-09 16:03:24,1
IC02745,1,2025-11-17 00:01:31,2025-11-17 00:01:31,1
IC01832,1,2025-12-05 12:54:59,2025-12-05 12:54:59,1
IC01833,1,2025-12-05 12:46:00,2025-12-05 12:46:00,1
IC01839,1,2025-12-05 11:20:48,2025-12-05 11:20:48,1
IC01841,1,2025-12-05 11:05:44,2025-12-05 11:05:44,1
IC01842,1,2025-12-05 10:56:43,2025-12-05 10:56:43,1
IC01844,1,2025-10-24 11:35:41,2025-10-24 11:35:41,1
IC01845,1,2025-10-24 11:33:54,2025-10-24 11:33:54,1
IC02750,1,2025-11-16 14:46:15,2025-11-16 14:46:15,1
IC01882,1,2025-12-04 16:48:16,2025-12-04 16:48:16,1
IC01888,1,2025-12-04 14:33:53,2025-12-04 14:33:53,1
IC04665,1,2025-10-09 15:15:18,2025-10-09 15:15:18,1
IC04666,1,2025-10-09 14:28:30,2025-10-09 14:28:30,1
IC04667,1,2025-10-09 14:14:34,2025-10-09 14:14:34,1
IC01895,1,2025-12-04 10:27:54,2025-12-04 10:27:54,1
IC01866,1,2025-12-05 02:48:50,2025-12-05 02:48:50,1
IC01849,1,2025-12-05 08:59:19,2025-12-05 08:59:19,1
IC01851,1,2025-12-05 08:08:12,2025-12-05 08:08:12,1
IC02713,1,2025-11-17 16:40:04,2025-11-17 16:40:04,1
IC02715,1,2025-11-17 15:25:19,2025-11-17 15:25:19,1
IC02716,1,2025-11-17 15:18:58,2025-11-17 15:18:58,1
IC01896,1,2025-12-04 09:44:23,2025-12-04 09:44:23,1
IC01052,1,2025-12-19 16:38:40,2025-12-19 16:38:40,1
IC01053,1,2025-12-19 16:37:23,2025-12-19 16:37:23,1
IC01054,1,2025-12-19 16:30:53,2025-12-19 16:30:53,1
IC01055,1,2025-12-19 16:28:33,2025-12-19 16:28:33,1
IC04676,1,2025-10-09 09:20:58,2025-10-09 09:20:58,1
IC04677,1,2025-10-09 09:18:25,2025-10-09 09:18:25,1
IC04678,1,2025-10-09 09:03:55,2025-10-09 09:03:55,1
IC04679,1,2025-10-09 09:00:17,2025-10-09 09:00:17,1
IC04705,1,2025-10-08 14:27:54,2025-10-08 14:27:54,1
IC04682,1,2025-10-09 08:34:04,2025-10-09 08:34:04,1
IC04683,1,2025-10-09 08:32:42,2025-10-09 08:32:42,1
IC04685,1,2025-10-09 08:17:32,2025-10-09 08:17:32,1
IC04686,1,2025-10-09 06:33:30,2025-10-09 06:33:30,1
IC04687,1,2025-10-09 04:51:15,2025-10-09 04:51:15,1
IC04690,1,2025-10-08 20:03:22,2025-10-08 20:03:22,1
IC04691,1,2025-10-08 19:15:24,2025-10-08 19:15:24,1
IC04694,1,2025-10-08 16:59:16,2025-10-08 16:59:16,1
IC04697,1,2025-10-08 15:49:39,2025-10-08 15:49:39,1
IC04699,1,2025-10-08 15:37:38,2025-10-08 15:37:38,1
IC04700,1,2025-10-08 15:24:40,2025-10-08 15:24:40,1
IC01045,1,2025-12-19 17:33:55,2025-12-19 17:33:55,1
IC01047,1,2025-12-19 17:29:53,2025-12-19 17:29:53,1
IC01051,1,2025-12-19 16:38:51,2025-12-19 16:38:51,1
IC01890,1,2025-12-04 12:55:28,2025-12-04 12:55:28,1
IC01899,1,2025-12-04 07:31:59,2025-12-04 07:31:59,1
IC01900,1,2025-12-04 03:02:38,2025-12-04 03:02:38,1
IC02725,1,2025-11-17 13:44:15,2025-11-17 13:44:15,1
IC02729,1,2025-11-17 10:31:38,2025-11-17 10:31:38,1
IC02732,1,2025-11-17 09:22:45,2025-11-17 09:22:45,1
IC01880,1,2025-12-04 17:14:51,2025-12-04 17:14:51,1
IC01916,1,2025-12-03 15:30:27,2025-12-03 15:30:27,1
IC01918,1,2025-12-03 15:28:56,2025-12-03 15:28:56,1
IC01919,1,2025-12-03 15:02:37,2025-12-03 15:02:37,1
IC01920,1,2025-12-03 14:50:21,2025-12-03 14:50:21,1
IC01029,1,2025-12-19 22:53:20,2025-12-19 22:53:20,1
IC01034,1,2025-12-19 21:37:19,2025-12-19 21:37:19,1
IC01035,1,2025-12-19 21:36:20,2025-12-19 21:36:20,1
IC01037,1,2025-12-19 21:12:10,2025-12-19 21:12:10,1
IC01040,1,2025-12-19 19:47:08,2025-12-19 19:47:08,1
IC01014,1,2025-12-20 02:11:24,2025-12-20 02:11:24,1
IC01921,1,2025-12-03 14:32:44,2025-12-03 14:32:44,1
IC01922,1,2025-12-03 14:07:25,2025-12-03 14:07:25,1
IC01923,1,2025-12-03 12:44:50,2025-12-03 12:44:50,1
IC01927,1,2025-12-03 11:54:04,2025-12-03 11:54:04,1
IC02702,1,2025-11-18 02:09:23,2025-11-18 02:09:23,1
IC02706,1,2025-11-18 00:26:35,2025-11-18 00:26:35,1
IC02683,1,2025-11-18 12:51:54,2025-11-18 12:51:54,1
IC02688,1,2025-11-18 10:41:57,2025-11-18 10:41:57,1
IC01005,1,2025-12-20 07:46:21,2025-12-20 07:46:21,1
IC04723,1,2025-10-08 09:13:05,2025-10-08 09:13:05,1
IC04727,1,2025-10-08 09:10:32,2025-10-08 09:10:32,1
IC04728,1,2025-10-08 09:10:29,2025-10-08 09:10:29,1
IC04701,1,2025-10-08 15:22:19,2025-10-08 15:22:19,1
IC04702,1,2025-10-08 14:57:27,2025-10-08 14:57:27,1
IC04704,1,2025-10-08 14:29:03,2025-10-08 14:29:03,1
IC01897,1,2025-12-04 09:23:36,2025-12-04 09:23:36,1
IC04756,1,2025-10-07 15:15:23,2025-10-07 15:15:23,1
IC04757,1,2025-10-07 15:14:26,2025-10-07 15:14:26,1
IC04760,1,2025-10-07 15:13:26,2025-10-07 15:13:26,1
IC04761,1,2025-10-07 15:13:22,2025-10-07 15:13:22,1
IC04762,1,2025-10-07 14:57:06,2025-10-07 14:57:06,1
IC04729,1,2025-10-08 09:09:21,2025-10-08 09:09:21,1
IC04730,1,2025-10-08 09:07:52,2025-10-08 09:07:52,1
IC04734,1,2025-10-08 08:45:07,2025-10-08 08:45:07,1
IC04735,1,2025-10-08 08:44:59,2025-10-08 08:44:59,1
IC00984,1,2025-12-20 15:15:17,2025-12-20 15:15:17,1
IC04737,1,2025-10-08 07:54:19,2025-10-08 07:54:19,1
IC04739,1,2025-10-08 07:38:22,2025-10-08 07:38:22,1
IC04745,1,2025-10-07 21:55:52,2025-10-07 21:55:52,1
IC04709,1,2025-10-08 12:32:38,2025-10-08 12:32:38,1
IC04710,1,2025-10-08 11:44:27,2025-10-08 11:44:27,1
IC00997,1,2025-12-20 11:02:19,2025-12-20 11:02:19,1
IC02665,1,2025-11-18 18:04:32,2025-11-18 18:04:32,1
IC02666,1,2025-11-18 17:57:28,2025-11-18 17:57:28,1
IC04768,1,2025-10-07 10:35:08,2025-10-07 10:35:08,1
IC04769,1,2025-10-07 10:31:12,2025-10-07 10:31:12,1
IC04773,1,2025-10-07 10:30:50,2025-10-07 10:30:50,1
IC04775,1,2025-10-07 10:30:39,2025-10-07 10:30:39,1
IC04777,1,2025-10-07 10:28:36,2025-10-07 10:28:36,1
IC04778,1,2025-10-07 10:28:34,2025-10-07 10:28:34,1
IC04779,1,2025-10-07 10:28:32,2025-10-07 10:28:32,1
IC04780,1,2025-10-07 10:28:29,2025-10-07 10:28:29,1
IC04746,1,2025-10-07 20:28:38,2025-10-07 20:28:38,1
IC04747,1,2025-10-07 20:24:44,2025-10-07 20:24:44,1
IC04748,1,2025-10-07 19:32:32,2025-10-07 19:32:32,1
IC04749,1,2025-10-07 19:31:29,2025-10-07 19:31:29,1
IC04750,1,2025-10-07 17:24:17,2025-10-07 17:24:17,1
IC04755,1,2025-10-07 15:36:42,2025-10-07 15:36:42,1
IC04763,1,2025-10-07 14:56:02,2025-10-07 14:56:02,1
IC04764,1,2025-10-07 14:42:45,2025-10-07 14:42:45,1
IC04765,1,2025-10-07 14:27:07,2025-10-07 14:27:07,1
IC04766,1,2025-10-07 12:27:36,2025-10-07 12:27:36,1
IC02690,1,2025-11-18 10:05:23,2025-11-18 10:05:23,1
IC02691,1,2025-11-18 09:40:53,2025-11-18 09:40:53,1
IC02692,1,2025-11-18 09:38:08,2025-11-18 09:38:08,1
IC02694,1,2025-11-18 09:22:50,2025-11-18 09:22:50,1
IC02695,1,2025-11-18 09:22:26,2025-11-18 09:22:26,1
IC02696,1,2025-11-18 09:12:03,2025-11-18 09:12:03,1
IC02697,1,2025-11-18 08:58:17,2025-11-18 08:58:17,1
IC02698,1,2025-11-18 08:57:08,2025-11-18 08:57:08,1
IC02699,1,2025-11-18 07:46:00,2025-11-18 07:46:00,1
IC01912,1,2025-12-03 17:56:50,2025-12-03 17:56:50,1
IC02660,1,2025-11-19 02:23:39,2025-11-19 02:23:39,1
IC02662,1,2025-11-18 20:22:11,2025-11-18 20:22:11,1
IC04808,1,2025-10-07 10:24:19,2025-10-07 10:24:19,1
IC04810,1,2025-10-07 10:24:05,2025-10-07 10:24:05,1
IC04812,1,2025-10-07 10:23:45,2025-10-07 10:23:45,1
IC04781,1,2025-10-07 10:28:22,2025-10-07 10:28:22,1
IC04782,1,2025-10-07 10:28:19,2025-10-07 10:28:19,1
IC04783,1,2025-10-07 10:28:14,2025-10-07 10:28:14,1
IC04784,1,2025-10-07 10:27:58,2025-10-07 10:27:58,1
IC04785,1,2025-10-07 10:27:56,2025-10-07 10:27:56,1
IC04786,1,2025-10-07 10:27:51,2025-10-07 10:27:51,1
IC04788,1,2025-10-07 10:27:43,2025-10-07 10:27:43,1
IC04789,1,2025-10-07 10:27:33,2025-10-07 10:27:33,1
IC04790,1,2025-10-07 10:27:28,2025-10-07 10:27:28,1
IC04792,1,2025-10-07 10:27:16,2025-10-07 10:27:16,1
IC04793,1,2025-10-07 10:27:11,2025-10-07 10:27:11,1
IC04795,1,2025-10-07 10:25:23,2025-10-07 10:25:23,1
IC04796,1,2025-10-07 10:25:18,2025-10-07 10:25:18,1
IC04800,1,2025-10-07 10:25:06,2025-10-07 10:25:06,1
IC04801,1,2025-10-07 10:24:55,2025-10-07 10:24:55,1
IC02672,1,2025-11-18 15:43:59,2025-11-18 15:43:59,1
IC02674,1,2025-11-18 15:36:27,2025-11-18 15:36:27,1
IC02675,1,2025-11-18 15:06:58,2025-11-18 15:06:58,1
IC02677,1,2025-11-18 14:49:04,2025-11-18 14:49:04,1
IC02678,1,2025-11-18 14:47:08,2025-11-18 14:47:08,1
IC02679,1,2025-11-18 14:32:41,2025-11-18 14:32:41,1
IC02681,1,2025-11-18 14:24:16,2025-11-18 14:24:16,1
IC02682,1,2025-11-18 12:59:22,2025-11-18 12:59:22,1
IC01930,1,2025-12-03 11:04:18,2025-12-03 11:04:18,1
IC04802,1,2025-10-07 10:24:52,2025-10-07 10:24:52,1
IC04803,1,2025-10-07 10:24:39,2025-10-07 10:24:39,1
IC04804,1,2025-10-07 10:24:37,2025-10-07 10:24:37,1
IC04805,1,2025-10-07 10:24:31,2025-10-07 10:24:31,1
IC04807,1,2025-10-07 10:24:24,2025-10-07 10:24:24,1
IC04837,1,2025-10-07 10:21:00,2025-10-07 10:21:00,1
IC04838,1,2025-10-07 10:20:40,2025-10-07 10:20:40,1
IC04839,1,2025-10-07 10:20:37,2025-10-07 10:20:37,1
IC04814,1,2025-10-07 10:23:30,2025-10-07 10:23:30,1
IC04815,1,2025-10-07 10:23:27,2025-10-07 10:23:27,1
IC04816,1,2025-10-07 10:23:21,2025-10-07 10:23:21,1
IC04817,1,2025-10-07 10:23:16,2025-10-07 10:23:16,1
IC04818,1,2025-10-07 10:23:14,2025-10-07 10:23:14,1
IC04821,1,2025-10-07 10:22:39,2025-10-07 10:22:39,1
IC04822,1,2025-10-07 10:22:37,2025-10-07 10:22:37,1
IC04824,1,2025-10-07 10:22:24,2025-10-07 10:22:24,1
IC04826,1,2025-10-07 10:22:04,2025-10-07 10:22:04,1
IC04828,1,2025-10-07 10:21:43,2025-10-07 10:21:43,1
IC04829,1,2025-10-07 10:21:41,2025-10-07 10:21:41,1
IC04830,1,2025-10-07 10:21:38,2025-10-07 10:21:38,1
IC04797,1,2025-10-07 10:25:15,2025-10-07 10:25:15,1
IC00963,1,2025-12-21 00:22:31,2025-12-21 00:22:31,1
IC01937,1,2025-12-03 09:41:34,2025-12-03 09:41:34,1
IC01940,1,2025-12-03 09:30:26,2025-12-03 09:30:26,1
IC01941,1,2025-12-03 09:30:24,2025-12-03 09:30:24,1
IC01943,1,2025-12-03 09:07:48,2025-12-03 09:07:48,1
IC01944,1,2025-12-03 09:00:22,2025-12-03 09:00:22,1
IC02654,1,2025-11-19 09:38:02,2025-11-19 09:38:02,1
IC02659,1,2025-11-19 08:17:36,2025-11-19 08:17:36,1
IC02635,1,2025-11-19 18:26:54,2025-11-19 18:26:54,1
IC02636,1,2025-11-19 18:17:26,2025-11-19 18:17:26,1
IC00964,1,2025-12-21 00:22:29,2025-12-21 00:22:29,1
IC00965,1,2025-12-21 00:22:27,2025-12-21 00:22:27,1
IC00970,1,2025-12-20 21:48:22,2025-12-20 21:48:22,1
IC04834,1,2025-10-07 10:21:14,2025-10-07 10:21:14,1
IC04835,1,2025-10-07 10:21:12,2025-10-07 10:21:12,1
IC04836,1,2025-10-07 10:21:09,2025-10-07 10:21:09,1
IC04841,1,2025-10-07 10:20:22,2025-10-07 10:20:22,1
IC04842,1,2025-10-07 10:20:17,2025-10-07 10:20:17,1
IC04844,1,2025-10-07 10:20:11,2025-10-07 10:20:11,1
IC04845,1,2025-10-07 10:20:05,2025-10-07 10:20:05,1
IC04847,1,2025-10-07 10:19:17,2025-10-07 10:19:17,1
IC04848,1,2025-10-07 10:19:15,2025-10-07 10:19:15,1
IC04849,1,2025-10-07 10:19:12,2025-10-07 10:19:12,1
IC04850,1,2025-10-07 10:19:09,2025-10-07 10:19:09,1
IC04851,1,2025-10-07 10:19:04,2025-10-07 10:19:04,1
IC04852,1,2025-10-07 10:05:03,2025-10-07 10:05:03,1
IC04858,1,2025-10-06 22:53:43,2025-10-06 22:53:43,1
IC04859,1,2025-10-06 22:13:08,2025-10-06 22:13:08,1
IC04862,1,2025-10-06 20:23:07,2025-10-06 20:23:07,1
IC04864,1,2025-10-06 19:03:34,2025-10-06 19:03:34,1
IC00961,1,2025-12-21 00:22:51,2025-12-21 00:22:51,1
IC00962,1,2025-12-21 00:22:49,2025-12-21 00:22:49,1
IC04884,1,2025-10-04 23:10:16,2025-10-04 23:10:16,1
IC04885,1,2025-10-04 14:49:37,2025-10-04 14:49:37,1
IC04886,1,2025-10-04 08:56:23,2025-10-04 08:56:23,1
IC04888,1,2025-10-04 06:16:22,2025-10-04 06:16:22,1
IC04890,1,2025-10-04 05:43:29,2025-10-04 05:43:29,1
IC04891,1,2025-10-04 05:31:58,2025-10-04 05:31:58,1
IC00955,1,2025-12-21 00:27:56,2025-12-21 00:27:56,1
IC00956,1,2025-12-21 00:27:54,2025-12-21 00:27:54,1
IC00957,1,2025-12-21 00:27:47,2025-12-21 00:27:47,1
IC00958,1,2025-12-21 00:27:33,2025-12-21 00:27:33,1
IC00959,1,2025-12-21 00:27:31,2025-12-21 00:27:31,1
IC00960,1,2025-12-21 00:26:51,2025-12-21 00:26:51,1
IC04865,1,2025-10-06 16:52:46,2025-10-06 16:52:46,1
IC04868,1,2025-10-06 14:47:55,2025-10-06 14:47:55,1
IC04870,1,2025-10-06 14:09:20,2025-10-06 14:09:20,1
IC04871,1,2025-10-06 12:28:30,2025-10-06 12:28:30,1
IC04872,1,2025-10-06 12:00:47,2025-10-06 12:00:47,1
IC04875,1,2025-10-06 10:44:59,2025-10-06 10:44:59,1
IC04876,1,2025-10-06 10:44:02,2025-10-06 10:44:02,1
IC01950,1,2025-12-03 08:35:24,2025-12-03 08:35:24,1
IC01952,1,2025-12-03 08:32:06,2025-12-03 08:32:06,1
IC01957,1,2025-12-03 05:57:36,2025-12-03 05:57:36,1
IC02638,1,2025-11-19 17:58:31,2025-11-19 17:58:31,1
IC02641,1,2025-11-19 16:18:57,2025-11-19 16:18:57,1
IC02644,1,2025-11-19 15:45:54,2025-11-19 15:45:54,1
IC02616,1,2025-11-21 13:32:25,2025-11-21 13:32:25,1
IC02618,1,2025-11-21 11:25:41,2025-11-21 11:25:41,1
IC02619,1,2025-11-21 10:35:10,2025-11-21 10:35:10,1
IC02620,1,2025-11-21 10:15:02,2025-11-21 10:15:02,1
IC04878,1,2025-10-06 03:43:57,2025-10-06 03:43:57,1
IC04880,1,2025-10-05 04:26:21,2025-10-05 04:26:21,1
IC04881,1,2025-10-05 03:14:54,2025-10-05 03:14:54,1
IC00931,1,2025-12-21 09:11:48,2025-12-21 09:11:48,1
IC02621,1,2025-11-21 09:58:57,2025-11-21 09:58:57,1
IC02622,1,2025-11-21 08:46:52,2025-11-21 08:46:52,1
IC02623,1,2025-11-21 05:57:24,2025-11-21 05:57:24,1
IC02624,1,2025-11-21 05:12:07,2025-11-21 05:12:07,1
IC02627,1,2025-11-20 13:38:23,2025-11-20 13:38:23,1
IC02633,1,2025-11-19 20:13:45,2025-11-19 20:13:45,1
IC01992,1,2025-12-02 11:35:32,2025-12-02 11:35:32,1
IC01962,1,2025-12-02 23:20:31,2025-12-02 23:20:31,1
IC00932,1,2025-12-21 09:11:26,2025-12-21 09:11:26,1
IC00933,1,2025-12-21 09:06:51,2025-12-21 09:06:51,1
IC00937,1,2025-12-21 07:05:14,2025-12-21 07:05:14,1
IC00938,1,2025-12-21 07:05:12,2025-12-21 07:05:12,1
IC04899,1,2025-10-04 02:18:23,2025-10-04 02:18:23,1
IC04900,1,2025-10-04 01:31:21,2025-10-04 01:31:21,1
IC04905,1,2025-10-03 22:38:58,2025-10-03 22:38:58,1
IC04935,1,2025-10-03 08:49:51,2025-10-03 08:49:51,1
IC04936,1,2025-10-03 06:32:57,2025-10-03 06:32:57,1
IC04937,1,2025-10-03 05:58:28,2025-10-03 05:58:28,1
IC04906,1,2025-10-03 22:25:20,2025-10-03 22:25:20,1
IC04907,1,2025-10-03 21:30:50,2025-10-03 21:30:50,1
IC04910,1,2025-10-03 16:09:24,2025-10-03 16:09:24,1
IC04911,1,2025-10-03 14:58:16,2025-10-03 14:58:16,1
IC04912,1,2025-10-03 14:56:14,2025-10-03 14:56:14,1
IC00918,1,2025-12-04 11:19:07,2025-12-04 11:19:07,1
IC00924,1,2025-12-21 10:11:21,2025-12-21 10:11:21,1
IC04913,1,2025-10-03 14:53:57,2025-10-03 14:53:57,1
IC04915,1,2025-10-03 14:51:17,2025-10-03 14:51:17,1
IC04916,1,2025-10-03 14:43:47,2025-10-03 14:43:47,1
IC04917,1,2025-10-03 14:39:27,2025-10-03 14:39:27,1
IC04918,1,2025-10-03 12:49:50,2025-10-03 12:49:50,1
IC04919,1,2025-10-03 12:39:43,2025-10-03 12:39:43,1
IC04920,1,2025-10-03 12:28:34,2025-10-03 12:28:34,1
IC04922,1,2025-10-03 12:25:12,2025-10-03 12:25:12,1
IC04923,1,2025-10-03 11:42:28,2025-10-03 11:42:28,1
IC01965,1,2025-12-02 20:26:25,2025-12-02 20:26:25,1
IC01968,1,2025-12-02 17:48:33,2025-12-02 17:48:33,1
IC01973,1,2025-12-02 16:55:30,2025-12-02 16:55:30,1
IC01975,1,2025-12-02 16:10:11,2025-12-02 16:10:11,1
IC02612,1,2025-11-21 21:45:08,2025-11-21 21:45:08,1
IC01997,1,2025-12-02 10:30:21,2025-12-02 10:30:21,1
IC01998,1,2025-12-02 10:28:59,2025-12-02 10:28:59,1
IC04929,1,2025-10-03 10:09:04,2025-10-03 10:09:04,1
IC04930,1,2025-10-03 09:36:31,2025-10-03 09:36:31,1
IC04931,1,2025-10-03 09:35:54,2025-10-03 09:35:54,1
IC04932,1,2025-10-03 09:03:53,2025-10-03 09:03:53,1
IC04933,1,2025-10-03 08:57:31,2025-10-03 08:57:31,1
IC04934,1,2025-10-03 08:53:51,2025-10-03 08:53:51,1
IC04961,1,2025-10-02 14:50:02,2025-10-02 14:50:02,1
IC04964,1,2025-10-02 13:24:47,2025-10-02 13:24:47,1
IC04967,1,2025-10-02 13:06:01,2025-10-02 13:06:01,1
IC04968,1,2025-10-02 12:16:52,2025-10-02 12:16:52,1
IC04969,1,2025-10-02 11:48:48,2025-10-02 11:48:48,1
IC04940,1,2025-10-02 23:59:50,2025-10-02 23:59:50,1
IC04942,1,2025-10-02 21:38:09,2025-10-02 21:38:09,1
IC04943,1,2025-10-02 21:02:58,2025-10-02 21:02:58,1
IC04944,1,2025-10-02 19:24:23,2025-10-02 19:24:23,1
IC00897,1,2025-12-21 23:32:54,2025-12-21 23:32:54,1
IC04946,1,2025-10-02 18:26:15,2025-10-02 18:26:15,1
IC04947,1,2025-10-02 17:38:14,2025-10-02 17:38:14,1
IC04948,1,2025-10-02 17:38:12,2025-10-02 17:38:12,1
IC04949,1,2025-10-02 17:21:42,2025-10-02 17:21:42,1
IC04951,1,2025-10-02 16:56:15,2025-10-02 16:56:15,1
IC04953,1,2025-10-02 16:01:36,2025-10-02 16:01:36,1
IC04957,1,2025-10-02 15:07:35,2025-10-02 15:07:35,1
IC04958,1,2025-10-02 15:02:26,2025-10-02 15:02:26,1
IC02000,1,2025-12-02 10:26:36,2025-12-02 10:26:36,1
IC02005,1,2025-12-02 10:03:57,2025-12-02 10:03:57,1
IC02009,1,2025-12-02 09:53:45,2025-12-02 09:53:45,1
IC01978,1,2025-12-02 15:20:37,2025-12-02 15:20:37,1
IC01979,1,2025-12-02 15:09:31,2025-12-02 15:09:31,1
IC01981,1,2025-12-02 15:02:36,2025-12-02 15:02:36,1
IC01982,1,2025-12-02 14:47:48,2025-12-02 14:47:48,1
IC01983,1,2025-12-02 14:47:48,2025-12-02 14:47:48,1
IC02560,1,2025-11-23 16:22:44,2025-11-23 16:22:44,1
IC02561,1,2025-11-23 14:03:02,2025-11-23 14:03:02,1
IC02563,1,2025-11-23 12:58:29,2025-11-23 12:58:29,1
IC02564,1,2025-11-23 12:36:59,2025-11-23 12:36:59,1
IC04959,1,2025-10-02 14:52:25,2025-10-02 14:52:25,1
IC04960,1,2025-10-02 14:51:09,2025-10-02 14:51:09,1
IC05001,1,2025-10-01 12:55:32,2025-10-01 12:55:32,1
IC05002,1,2025-10-01 12:48:40,2025-10-01 12:48:40,1
IC05003,1,2025-10-01 11:22:51,2025-10-01 11:22:51,1
IC04971,1,2025-10-02 10:13:12,2025-10-02 10:13:12,1
IC04974,1,2025-10-02 10:12:56,2025-10-02 10:12:56,1
IC04975,1,2025-10-02 10:11:56,2025-10-02 10:11:56,1
IC04977,1,2025-10-02 09:38:47,2025-10-02 09:38:47,1
IC00883,1,2025-12-22 10:36:12,2025-12-22 10:36:12,1
IC00886,1,2025-12-22 08:14:49,2025-12-22 08:14:49,1
IC04979,1,2025-10-02 09:15:22,2025-10-02 09:15:22,1
IC04980,1,2025-10-02 09:12:50,2025-10-02 09:12:50,1
IC04981,1,2025-10-02 08:58:54,2025-10-02 08:58:54,1
IC04982,1,2025-10-02 08:57:29,2025-10-02 08:57:29,1
IC04983,1,2025-10-02 08:45:45,2025-10-02 08:45:45,1
IC04954,1,2025-10-02 15:58:42,2025-10-02 15:58:42,1
IC04955,1,2025-10-02 15:31:34,2025-10-02 15:31:34,1
IC05016,1,2025-10-01 08:19:59,2025-10-01 08:19:59,1
IC05017,1,2025-10-01 07:34:17,2025-10-01 07:34:17,1
IC05018,1,2025-10-01 07:31:26,2025-10-01 07:31:26,1
IC05019,1,2025-10-01 07:27:43,2025-10-01 07:27:43,1
IC05020,1,2025-09-30 22:25:22,2025-09-30 22:25:22,1
IC04984,1,2025-10-02 08:44:18,2025-10-02 08:44:18,1
IC04986,1,2025-10-02 04:50:17,2025-10-02 04:50:17,1
IC04987,1,2025-10-02 04:02:40,2025-10-02 04:02:40,1
IC04988,1,2025-10-02 01:33:43,2025-10-02 01:33:43,1
IC04992,1,2025-10-01 20:21:35,2025-10-01 20:21:35,1
IC00869,1,2025-12-22 11:14:04,2025-12-22 11:14:04,1
IC00871,1,2025-12-22 10:56:24,2025-12-22 10:56:24,1
IC04995,1,2025-10-01 17:27:48,2025-10-01 17:27:48,1
IC04996,1,2025-10-01 16:35:26,2025-10-01 16:35:26,1
IC04997,1,2025-10-01 14:37:19,2025-10-01 14:37:19,1
IC04999,1,2025-10-01 13:12:21,2025-10-01 13:12:21,1
IC05035,1,2025-09-30 12:24:16,2025-09-30 12:24:16,1
IC05036,1,2025-09-30 11:43:07,2025-09-30 11:43:07,1
IC05038,1,2025-09-30 10:26:27,2025-09-30 10:26:27,1
IC05039,1,2025-09-30 09:49:27,2025-09-30 09:49:27,1
IC05040,1,2025-09-30 09:35:40,2025-09-30 09:35:40,1
IC05041,1,2025-09-30 09:33:51,2025-09-30 09:33:51,1
IC05004,1,2025-10-01 11:14:55,2025-10-01 11:14:55,1
IC05005,1,2025-10-01 10:39:39,2025-10-01 10:39:39,1
IC05008,1,2025-10-01 09:43:34,2025-10-01 09:43:34,1
IC05009,1,2025-10-01 09:42:26,2025-10-01 09:42:26,1
IC05010,1,2025-10-01 08:53:07,2025-10-01 08:53:07,1
IC05011,1,2025-10-01 08:50:55,2025-10-01 08:50:55,1
IC05012,1,2025-10-01 08:48:52,2025-10-01 08:48:52,1
IC05013,1,2025-10-01 08:38:14,2025-10-01 08:38:14,1
IC05014,1,2025-10-01 08:26:38,2025-10-01 08:26:38,1
IC05015,1,2025-10-01 08:25:22,2025-10-01 08:25:22,1
IC05027,1,2025-09-30 15:54:07,2025-09-30 15:54:07,1
IC02575,1,2025-11-22 20:27:31,2025-11-22 20:27:31,1
IC02576,1,2025-11-22 20:14:13,2025-11-22 20:14:13,1
IC02577,1,2025-11-22 19:50:09,2025-11-22 19:50:09,1
IC02578,1,2025-11-22 14:53:53,2025-11-22 14:53:53,1
IC02582,1,2025-11-22 09:04:46,2025-11-22 09:04:46,1
IC02583,1,2025-11-22 08:27:35,2025-11-22 08:27:35,1
IC02584,1,2025-11-22 05:58:36,2025-11-22 05:58:36,1
IC02585,1,2025-11-22 05:58:23,2025-11-22 05:58:23,1
IC01994,1,2025-12-02 10:59:07,2025-12-02 10:59:07,1
IC02550,1,2025-11-24 08:47:18,2025-11-24 08:47:18,1
IC02011,1,2025-12-02 09:05:23,2025-12-02 09:05:23,1
IC05029,1,2025-09-30 15:14:26,2025-09-30 15:14:26,1
IC05030,1,2025-09-30 14:37:31,2025-09-30 14:37:31,1
IC05031,1,2025-09-30 14:30:39,2025-09-30 14:30:39,1
IC05034,1,2025-09-30 12:46:32,2025-09-30 12:46:32,1
IC05047,1,2025-09-30 07:02:48,2025-09-30 07:02:48,1
IC02013,1,2025-12-02 08:52:57,2025-12-02 08:52:57,1
IC02017,1,2025-12-02 08:40:18,2025-12-02 08:40:18,1
IC02018,1,2025-12-02 07:11:14,2025-12-02 07:11:14,1
IC02557,1,2025-11-24 01:35:57,2025-11-24 01:35:57,1
IC02539,1,2025-11-24 10:37:59,2025-11-24 10:37:59,1
IC02031,1,2025-12-01 23:23:08,2025-12-01 23:23:08,1
IC05048,1,2025-09-30 04:53:21,2025-09-30 04:53:21,1
IC05049,1,2025-09-30 03:10:20,2025-09-30 03:10:20,1
IC05053,1,2025-09-29 20:23:09,2025-09-29 20:23:09,1
IC05056,1,2025-09-29 17:55:09,2025-09-29 17:55:09,1
IC05057,1,2025-09-29 16:48:54,2025-09-29 16:48:54,1
IC05061,1,2025-09-29 14:27:52,2025-09-29 14:27:52,1
IC00852,1,2025-12-22 13:19:02,2025-12-22 13:19:02,1
IC05024,1,2025-09-30 17:34:06,2025-09-30 17:34:06,1
IC05026,1,2025-09-30 15:54:08,2025-09-30 15:54:08,1
IC05088,1,2025-09-27 00:12:51,2025-09-27 00:12:51,1
IC00853,1,2025-12-22 13:18:59,2025-12-22 13:18:59,1
IC00854,1,2025-12-22 13:18:47,2025-12-22 13:18:47,1
IC00856,1,2025-12-22 13:03:10,2025-12-22 13:03:10,1
IC00858,1,2025-12-22 12:43:52,2025-12-22 12:43:52,1
IC00859,1,2025-12-22 12:43:50,2025-12-22 12:43:50,1
IC00860,1,2025-12-22 12:19:37,2025-12-22 12:19:37,1
IC00862,1,2025-12-22 11:54:22,2025-12-22 11:54:22,1
IC00864,1,2025-12-22 11:51:28,2025-12-22 11:51:28,1
IC05062,1,2025-09-29 13:38:30,2025-09-29 13:38:30,1
IC05063,1,2025-09-29 12:17:16,2025-09-29 12:17:16,1
IC05066,1,2025-09-29 09:57:30,2025-09-29 09:57:30,1
IC05067,1,2025-09-29 09:49:53,2025-09-29 09:49:53,1
IC05068,1,2025-09-29 09:13:19,2025-09-29 09:13:19,1
IC05042,1,2025-09-30 09:25:52,2025-09-30 09:25:52,1
IC05045,1,2025-09-30 08:32:41,2025-09-30 08:32:41,1
IC05099,1,2025-09-26 14:12:51,2025-09-26 14:12:51,1
IC05100,1,2025-09-26 13:37:39,2025-09-26 13:37:39,1
IC05101,1,2025-09-26 11:46:39,2025-09-26 11:46:39,1
IC05069,1,2025-09-29 08:31:31,2025-09-29 08:31:31,1
IC05072,1,2025-09-29 05:07:33,2025-09-29 05:07:33,1
IC05073,1,2025-09-29 03:43:46,2025-09-29 03:43:46,1
IC05076,1,2025-09-28 18:54:14,2025-09-28 18:54:14,1
IC05077,1,2025-09-28 17:38:55,2025-09-28 17:38:55,1
IC00834,1,2025-12-22 17:25:16,2025-12-22 17:25:16,1
IC00838,1,2025-12-22 15:57:48,2025-12-22 15:57:48,1
IC00843,1,2025-12-22 14:09:03,2025-12-22 14:09:03,1
IC05078,1,2025-09-28 13:44:18,2025-09-28 13:44:18,1
IC05080,1,2025-09-28 11:09:09,2025-09-28 11:09:09,1
IC05081,1,2025-09-28 03:01:16,2025-09-28 03:01:16,1
IC05086,1,2025-09-27 13:52:22,2025-09-27 13:52:22,1
IC05087,1,2025-09-27 11:26:12,2025-09-27 11:26:12,1
IC02040,1,2025-12-01 23:19:55,2025-12-01 23:19:55,1
IC02041,1,2025-12-01 23:19:53,2025-12-01 23:19:53,1
IC02541,1,2025-11-24 10:37:13,2025-11-24 10:37:13,1
IC02542,1,2025-11-24 10:36:48,2025-11-24 10:36:48,1
IC02544,1,2025-11-24 10:36:43,2025-11-24 10:36:43,1
IC02547,1,2025-11-24 09:29:25,2025-11-24 09:29:25,1
IC02514,1,2025-11-24 10:39:35,2025-11-24 10:39:35,1
IC02515,1,2025-11-24 10:39:33,2025-11-24 10:39:33,1
IC02517,1,2025-11-24 10:39:26,2025-11-24 10:39:26,1
IC00829,1,2025-12-22 18:37:06,2025-12-22 18:37:06,1
IC00830,1,2025-12-22 18:32:26,2025-12-22 18:32:26,1
IC00831,1,2025-12-22 18:29:57,2025-12-22 18:29:57,1
IC05094,1,2025-09-26 23:47:51,2025-09-26 23:47:51,1
IC05095,1,2025-09-26 23:46:51,2025-09-26 23:46:51,1
IC05096,1,2025-09-26 20:13:13,2025-09-26 20:13:13,1
IC05097,1,2025-09-26 18:06:23,2025-09-26 18:06:23,1
IC05130,1,2025-09-25 13:47:38,2025-09-25 13:47:38,1
IC05103,1,2025-09-26 10:03:18,2025-09-26 10:03:18,1
IC05105,1,2025-09-26 08:32:36,2025-09-26 08:32:36,1
IC05106,1,2025-09-26 07:06:51,2025-09-26 07:06:51,1
IC05108,1,2025-09-26 04:33:11,2025-09-26 04:33:11,1
IC00803,1,2025-12-23 00:04:31,2025-12-23 00:04:31,1
IC00816,1,2025-12-23 00:03:52,2025-12-23 00:03:52,1
IC05113,1,2025-09-26 04:32:33,2025-09-26 04:32:33,1
IC05115,1,2025-09-26 04:32:17,2025-09-26 04:32:17,1
IC05117,1,2025-09-26 04:32:08,2025-09-26 04:32:08,1
IC05118,1,2025-09-26 04:31:59,2025-09-26 04:31:59,1
IC05089,1,2025-09-26 23:50:58,2025-09-26 23:50:58,1
IC05090,1,2025-09-26 23:49:59,2025-09-26 23:49:59,1
IC05092,1,2025-09-26 23:48:55,2025-09-26 23:48:55,1
IC05093,1,2025-09-26 23:47:53,2025-09-26 23:47:53,1
IC02038,1,2025-12-01 23:20:13,2025-12-01 23:20:13,1
IC05140,1,2025-09-25 11:31:24,2025-09-25 11:31:24,1
IC05143,1,2025-09-25 11:16:26,2025-09-25 11:16:26,1
IC05144,1,2025-09-25 10:19:01,2025-09-25 10:19:01,1
IC05146,1,2025-09-25 09:28:26,2025-09-25 09:28:26,1
IC05149,1,2025-09-25 08:33:56,2025-09-25 08:33:56,1
IC05122,1,2025-09-26 04:31:53,2025-09-26 04:31:53,1
IC05123,1,2025-09-25 21:57:49,2025-09-25 21:57:49,1
IC05125,1,2025-09-25 21:48:36,2025-09-25 21:48:36,1
IC00790,1,2025-12-23 00:05:03,2025-12-23 00:05:03,1
IC00793,1,2025-12-23 00:04:56,2025-12-23 00:04:56,1
IC00794,1,2025-12-23 00:04:53,2025-12-23 00:04:53,1
IC00797,1,2025-12-23 00:04:46,2025-12-23 00:04:46,1
IC00799,1,2025-12-23 00:04:40,2025-12-23 00:04:40,1
IC00800,1,2025-12-23 00:04:38,2025-12-23 00:04:38,1
IC05128,1,2025-09-25 17:33:18,2025-09-25 17:33:18,1
IC05129,1,2025-09-25 16:37:15,2025-09-25 16:37:15,1
IC05133,1,2025-09-25 12:40:37,2025-09-25 12:40:37,1
IC05135,1,2025-09-25 12:26:37,2025-09-25 12:26:37,1
IC05136,1,2025-09-25 12:24:00,2025-09-25 12:24:00,1
IC05137,1,2025-09-25 12:21:38,2025-09-25 12:21:38,1
IC02518,1,2025-11-24 10:39:19,2025-11-24 10:39:19,1
IC02519,1,2025-11-24 10:39:11,2025-11-24 10:39:11,1
IC02524,1,2025-11-24 10:38:47,2025-11-24 10:38:47,1
IC02526,1,2025-11-24 10:38:43,2025-11-24 10:38:43,1
IC02528,1,2025-11-24 10:38:39,2025-11-24 10:38:39,1
IC02531,1,2025-11-24 10:38:24,2025-11-24 10:38:24,1
IC02538,1,2025-11-24 10:38:05,2025-11-24 10:38:05,1
IC02498,1,2025-11-24 13:55:05,2025-11-24 13:55:05,1
IC02505,1,2025-11-24 11:52:18,2025-11-24 11:52:18,1
IC02507,1,2025-11-24 10:45:58,2025-11-24 10:45:58,1
IC05138,1,2025-09-25 12:07:37,2025-09-25 12:07:37,1
IC05139,1,2025-09-25 11:51:36,2025-09-25 11:51:36,1
IC02047,1,2025-12-01 23:18:50,2025-12-01 23:18:50,1
IC02508,1,2025-11-24 10:42:50,2025-11-24 10:42:50,1
IC02511,1,2025-11-24 10:40:01,2025-11-24 10:40:01,1
IC02512,1,2025-11-24 10:39:51,2025-11-24 10:39:51,1
IC02491,1,2025-11-24 15:53:03,2025-11-24 15:53:03,1
IC02059,1,2025-12-01 23:16:03,2025-12-01 23:16:03,1
IC02060,1,2025-12-01 23:16:00,2025-12-01 23:16:00,1
IC05161,1,2025-09-24 16:55:28,2025-09-24 16:55:28,1
IC05162,1,2025-09-24 15:32:47,2025-09-24 15:32:47,1
IC05163,1,2025-09-24 15:18:58,2025-09-24 15:18:58,1
IC05164,1,2025-09-24 14:49:05,2025-09-24 14:49:05,1
IC05165,1,2025-09-24 14:32:47,2025-09-24 14:32:47,1
IC05167,1,2025-09-24 11:58:16,2025-09-24 11:58:16,1
IC05170,1,2025-09-24 11:58:02,2025-09-24 11:58:02,1
IC05171,1,2025-09-24 11:57:46,2025-09-24 11:57:46,1
IC05173,1,2025-09-24 11:55:47,2025-09-24 11:55:47,1
IC00730,1,2025-12-16 13:36:08,2025-12-16 13:36:08,1
IC00732,1,2025-12-23 15:07:42,2025-12-23 15:07:42,1
IC05191,1,2025-09-23 19:41:56,2025-09-23 19:41:56,1
IC05195,1,2025-09-23 18:11:31,2025-09-23 18:11:31,1
IC00771,1,2025-12-23 00:40:20,2025-12-23 00:40:20,1
IC00778,1,2025-12-23 00:05:38,2025-12-23 00:05:38,1
IC00781,1,2025-12-23 00:05:31,2025-12-23 00:05:31,1
IC05176,1,2025-09-24 11:55:33,2025-09-24 11:55:33,1
IC05178,1,2025-09-24 11:55:25,2025-09-24 11:55:25,1
IC05182,1,2025-09-24 09:48:30,2025-09-24 09:48:30,1
IC05183,1,2025-09-24 09:31:53,2025-09-24 09:31:53,1
IC05154,1,2025-09-24 22:17:42,2025-09-24 22:17:42,1
IC05155,1,2025-09-24 20:08:10,2025-09-24 20:08:10,1
IC05159,1,2025-09-24 17:16:36,2025-09-24 17:16:36,1
IC05160,1,2025-09-24 16:59:57,2025-09-24 16:59:57,1
IC02042,1,2025-12-01 23:19:52,2025-12-01 23:19:52,1
IC02062,1,2025-12-01 23:15:56,2025-12-01 23:15:56,1
IC02064,1,2025-12-01 23:15:09,2025-12-01 23:15:09,1
IC02068,1,2025-12-01 23:14:40,2025-12-01 23:14:40,1
IC02069,1,2025-12-01 23:14:23,2025-12-01 23:14:23,1
IC02073,1,2025-12-01 23:13:48,2025-12-01 23:13:48,1
IC02496,1,2025-11-24 14:30:53,2025-11-24 14:30:53,1
IC02497,1,2025-11-24 14:16:12,2025-11-24 14:16:12,1
IC02467,1,2025-11-25 09:49:06,2025-11-25 09:49:06,1
IC02470,1,2025-11-25 09:31:24,2025-11-25 09:31:24,1
IC02471,1,2025-11-25 09:22:49,2025-11-25 09:22:49,1
IC02472,1,2025-11-25 09:21:23,2025-11-25 09:21:23,1
IC02473,1,2025-11-25 09:12:23,2025-11-25 09:12:23,1
IC00738,1,2025-12-23 14:02:57,2025-12-23 14:02:57,1
IC00741,1,2025-09-08 11:32:32,2025-09-08 11:32:32,1
IC00749,1,2025-12-23 10:56:00,2025-12-23 10:56:00,1
IC00752,1,2025-12-23 10:29:27,2025-12-23 10:29:27,1
IC05228,1,2025-09-23 17:42:09,2025-09-23 17:42:09,1
IC05230,1,2025-09-23 17:39:32,2025-09-23 17:39:32,1
IC05231,1,2025-09-23 17:39:31,2025-09-23 17:39:31,1
IC05232,1,2025-09-23 17:39:23,2025-09-23 17:39:23,1
IC05233,1,2025-09-23 17:39:21,2025-09-23 17:39:21,1
IC05234,1,2025-09-23 17:39:19,2025-09-23 17:39:19,1
IC05235,1,2025-09-23 17:39:16,2025-09-23 17:39:16,1
IC05236,1,2025-09-23 17:38:59,2025-09-23 17:38:59,1
IC00705,1,2025-12-24 08:28:32,2025-12-24 08:28:32,1
IC05208,1,2025-09-23 18:00:10,2025-09-23 18:00:10,1
IC05209,1,2025-09-23 18:00:08,2025-09-23 18:00:08,1
IC05213,1,2025-09-23 17:59:54,2025-09-23 17:59:54,1
IC05215,1,2025-09-23 17:59:40,2025-09-23 17:59:40,1
IC05187,1,2025-09-24 00:35:24,2025-09-24 00:35:24,1
IC05189,1,2025-09-23 22:47:49,2025-09-23 22:47:49,1
IC05190,1,2025-09-23 20:18:59,2025-09-23 20:18:59,1
IC05255,1,2025-09-23 12:46:12,2025-09-23 12:46:12,1
IC05217,1,2025-09-23 17:59:35,2025-09-23 17:59:35,1
IC05218,1,2025-09-23 17:59:29,2025-09-23 17:59:29,1
IC02474,1,2025-11-25 09:12:17,2025-11-25 09:12:17,1
IC02475,1,2025-11-25 08:56:43,2025-11-25 08:56:43,1
IC02476,1,2025-11-25 08:56:41,2025-11-25 08:56:41,1
IC02478,1,2025-11-25 08:54:08,2025-11-25 08:54:08,1
IC02479,1,2025-11-25 08:42:55,2025-11-25 08:42:55,1
IC02480,1,2025-11-25 07:42:43,2025-11-25 07:42:43,1
IC02484,1,2025-11-25 00:35:19,2025-11-25 00:35:19,1
IC02485,1,2025-11-25 00:05:33,2025-11-25 00:05:33,1
IC02486,1,2025-11-24 17:37:03,2025-11-24 17:37:03,1
IC02487,1,2025-11-24 17:11:33,2025-11-24 17:11:33,1
IC02077,1,2025-12-01 23:13:05,2025-12-01 23:13:05,1
IC02080,1,2025-12-01 23:12:57,2025-12-01 23:12:57,1
IC02083,1,2025-12-01 23:12:53,2025-12-01 23:12:53,1
IC05270,1,2025-09-23 07:39:17,2025-09-23 07:39:17,1
IC00690,1,2025-12-24 11:06:38,2025-12-24 11:06:38,1
IC00691,1,2025-12-24 11:00:55,2025-12-24 11:00:55,1
IC00692,1,2025-12-24 10:39:08,2025-12-24 10:39:08,1
IC05237,1,2025-09-23 17:38:53,2025-09-23 17:38:53,1
IC05239,1,2025-09-23 17:38:42,2025-09-23 17:38:42,1
IC05240,1,2025-09-23 17:38:32,2025-09-23 17:38:32,1
IC05242,1,2025-09-23 17:32:17,2025-09-23 17:32:17,1
IC05244,1,2025-09-23 17:27:35,2025-09-23 17:27:35,1
IC05245,1,2025-09-23 17:23:50,2025-09-23 17:23:50,1
IC05246,1,2025-09-23 17:12:42,2025-09-23 17:12:42,1
IC05247,1,2025-09-23 16:16:19,2025-09-23 16:16:19,1
IC05248,1,2025-09-23 16:00:22,2025-09-23 16:00:22,1
IC05249,1,2025-09-23 15:40:15,2025-09-23 15:40:15,1
IC05251,1,2025-09-23 14:43:54,2025-09-23 14:43:54,1
IC05253,1,2025-09-23 14:07:20,2025-09-23 14:07:20,1
IC05278,1,2025-09-23 05:41:18,2025-09-23 05:41:18,1
IC05280,1,2025-09-23 05:38:46,2025-09-23 05:38:46,1
IC05257,1,2025-09-23 12:45:08,2025-09-23 12:45:08,1
IC05258,1,2025-09-23 12:06:28,2025-09-23 12:06:28,1
IC02087,1,2025-12-01 23:12:14,2025-12-01 23:12:14,1
IC02088,1,2025-12-01 23:12:09,2025-12-01 23:12:09,1
IC02462,1,2025-11-25 11:08:11,2025-11-25 11:08:11,1
IC02465,1,2025-11-25 09:50:30,2025-11-25 09:50:30,1
IC02440,1,2025-11-25 20:11:12,2025-11-25 20:11:12,1
IC02441,1,2025-11-25 18:38:02,2025-11-25 18:38:02,1
IC02443,1,2025-11-25 17:38:44,2025-11-25 17:38:44,1
IC02445,1,2025-11-25 17:31:18,2025-11-25 17:31:18,1
IC05262,1,2025-09-23 10:04:29,2025-09-23 10:04:29,1
IC05264,1,2025-09-23 09:59:32,2025-09-23 09:59:32,1
IC05266,1,2025-09-23 08:38:02,2025-09-23 08:38:02,1
IC05269,1,2025-09-23 08:24:24,2025-09-23 08:24:24,1
IC00696,1,2025-12-24 09:32:57,2025-12-24 09:32:57,1
IC00697,1,2025-12-24 09:32:55,2025-12-24 09:32:55,1
IC00698,1,2025-12-24 09:32:50,2025-12-24 09:32:50,1
IC00699,1,2025-12-24 09:32:48,2025-12-24 09:32:48,1
IC02450,1,2025-11-25 16:19:07,2025-11-25 16:19:07,1
IC02453,1,2025-11-25 15:34:13,2025-11-25 15:34:13,1
IC02455,1,2025-11-25 15:14:40,2025-11-25 15:14:40,1
IC02074,1,2025-12-01 23:13:32,2025-12-01 23:13:32,1
IC02076,1,2025-12-01 23:13:07,2025-12-01 23:13:07,1
IC02421,1,2025-11-26 06:56:51,2025-11-26 06:56:51,1
IC00700,1,2025-12-24 09:32:46,2025-12-24 09:32:46,1
IC00701,1,2025-12-24 09:32:43,2025-12-24 09:32:43,1
IC00702,1,2025-12-24 09:32:38,2025-12-24 09:32:38,1
IC00703,1,2025-12-24 09:32:36,2025-12-24 09:32:36,1
IC05272,1,2025-09-23 07:04:33,2025-09-23 07:04:33,1
IC05275,1,2025-09-23 06:09:51,2025-09-23 06:09:51,1
IC02430,1,2025-11-26 04:05:38,2025-11-26 04:05:38,1
IC02431,1,2025-11-26 03:33:06,2025-11-26 03:33:06,1
IC02432,1,2025-11-26 02:47:01,2025-11-26 02:47:01,1
IC02434,1,2025-11-26 01:19:53,2025-11-26 01:19:53,1
IC02435,1,2025-11-25 23:36:58,2025-11-25 23:36:58,1
IC02437,1,2025-09-18 20:05:04,2025-09-18 20:05:04,1
IC02404,1,2025-11-26 08:29:34,2025-11-26 08:29:34,1
IC02407,1,2025-11-26 08:16:37,2025-11-26 08:16:37,1
IC02408,1,2025-11-26 08:16:33,2025-11-26 08:16:33,1
IC00687,1,2025-12-24 11:36:32,2025-12-24 11:36:32,1
IC00688,1,2025-12-24 11:26:42,2025-12-24 11:26:42,1
IC05289,1,2025-09-23 02:37:37,2025-09-23 02:37:37,1
IC05290,1,2025-09-23 02:12:32,2025-09-23 02:12:32,1
IC05291,1,2025-09-23 02:02:37,2025-09-23 02:02:37,1
IC05292,1,2025-09-23 01:57:48,2025-09-23 01:57:48,1
IC05294,1,2025-09-23 00:53:56,2025-09-23 00:53:56,1
IC05326,1,2025-09-22 09:03:53,2025-09-22 09:03:53,1
IC05327,1,2025-09-22 09:00:25,2025-09-22 09:00:25,1
IC05328,1,2025-09-22 08:57:58,2025-09-22 08:57:58,1
IC05296,1,2025-09-22 23:57:32,2025-09-22 23:57:32,1
IC05298,1,2025-09-22 22:04:34,2025-09-22 22:04:34,1
IC05300,1,2025-09-22 20:31:02,2025-09-22 20:31:02,1
IC05303,1,2025-09-22 19:20:24,2025-09-22 19:20:24,1
IC00669,1,2025-12-25 00:15:43,2025-12-25 00:15:43,1
IC05304,1,2025-09-22 19:13:20,2025-09-22 19:13:20,1
IC05305,1,2025-09-22 18:08:08,2025-09-22 18:08:08,1
IC05308,1,2025-09-22 16:29:12,2025-09-22 16:29:12,1
IC05311,1,2025-09-22 13:51:42,2025-09-22 13:51:42,1
IC05312,1,2025-09-22 12:22:17,2025-09-22 12:22:17,1
IC00673,1,2025-12-24 20:30:08,2025-12-24 20:30:08,1
IC00679,1,2025-12-24 14:25:12,2025-12-24 14:25:12,1
IC02429,1,2025-11-26 04:19:13,2025-11-26 04:19:13,1
IC05339,1,2025-09-22 08:33:54,2025-09-22 08:33:54,1
IC05341,1,2025-09-22 08:30:54,2025-09-22 08:30:54,1
IC05342,1,2025-09-22 08:30:52,2025-09-22 08:30:52,1
IC05343,1,2025-09-22 08:27:55,2025-09-22 08:27:55,1
IC05344,1,2025-09-22 08:26:55,2025-09-22 08:26:55,1
IC05313,1,2025-09-22 11:36:32,2025-09-22 11:36:32,1
IC05314,1,2025-09-22 11:27:03,2025-09-22 11:27:03,1
IC05315,1,2025-09-22 10:38:38,2025-09-22 10:38:38,1
IC05316,1,2025-09-22 10:26:23,2025-09-22 10:26:23,1
IC05319,1,2025-09-22 09:40:07,2025-09-22 09:40:07,1
IC05320,1,2025-09-22 09:37:26,2025-09-22 09:37:26,1
IC05321,1,2025-09-22 09:22:58,2025-09-22 09:22:58,1
IC05322,1,2025-09-22 09:22:56,2025-09-22 09:22:56,1
IC05323,1,2025-09-22 09:13:27,2025-09-22 09:13:27,1
IC05324,1,2025-09-22 09:08:45,2025-09-22 09:08:45,1
IC05325,1,2025-09-22 09:07:55,2025-09-22 09:07:55,1
IC05332,1,2025-09-22 08:47:53,2025-09-22 08:47:53,1
IC05333,1,2025-09-22 08:45:56,2025-09-22 08:45:56,1
IC02411,1,2025-11-26 08:11:34,2025-11-26 08:11:34,1
IC02412,1,2025-11-26 08:10:23,2025-11-26 08:10:23,1
IC02415,1,2025-11-26 07:46:49,2025-11-26 07:46:49,1
IC02416,1,2025-11-26 07:42:32,2025-11-26 07:42:32,1
IC02417,1,2025-11-26 07:41:28,2025-11-26 07:41:28,1
IC02418,1,2025-11-26 07:28:05,2025-11-26 07:28:05,1
IC02420,1,2025-11-26 07:21:36,2025-11-26 07:21:36,1
IC02384,1,2025-11-26 08:50:40,2025-11-26 08:50:40,1
IC02387,1,2025-11-26 08:49:53,2025-11-26 08:49:53,1
IC05334,1,2025-09-22 08:42:44,2025-09-22 08:42:44,1
IC05335,1,2025-09-22 08:42:42,2025-09-22 08:42:42,1
IC05336,1,2025-09-22 08:36:54,2025-09-22 08:36:54,1
IC05337,1,2025-09-22 08:35:56,2025-09-22 08:35:56,1
IC05338,1,2025-09-22 08:34:53,2025-09-22 08:34:53,1
IC05345,1,2025-09-22 08:24:55,2025-09-22 08:24:55,1
IC05346,1,2025-09-22 08:24:53,2025-09-22 08:24:53,1
IC05347,1,2025-09-22 08:23:58,2025-09-22 08:23:58,1
IC05348,1,2025-09-22 08:23:54,2025-09-22 08:23:54,1
IC05350,1,2025-09-22 08:22:53,2025-09-22 08:22:53,1
IC05351,1,2025-09-22 08:20:54,2025-09-22 08:20:54,1
IC05352,1,2025-09-22 08:19:54,2025-09-22 08:19:54,1
IC05354,1,2025-09-22 08:18:52,2025-09-22 08:18:52,1
IC05355,1,2025-09-22 08:17:53,2025-09-22 08:17:53,1
IC05356,1,2025-09-22 08:15:54,2025-09-22 08:15:54,1
IC05357,1,2025-09-22 08:13:55,2025-09-22 08:13:55,1
IC05358,1,2025-09-22 08:07:55,2025-09-22 08:07:55,1
IC05359,1,2025-09-22 08:07:53,2025-09-22 08:07:53,1
IC05360,1,2025-09-22 08:06:57,2025-09-22 08:06:57,1
IC05329,1,2025-09-22 08:52:55,2025-09-22 08:52:55,1
IC05331,1,2025-09-22 08:47:58,2025-09-22 08:47:58,1
IC05362,1,2025-09-22 08:04:29,2025-09-22 08:04:29,1
IC05363,1,2025-09-22 08:04:22,2025-09-22 08:04:22,1
IC05364,1,2025-09-22 08:04:20,2025-09-22 08:04:20,1
IC05365,1,2025-09-22 08:04:16,2025-09-22 08:04:16,1
IC05366,1,2025-09-22 08:04:15,2025-09-22 08:04:15,1
IC05367,1,2025-09-22 08:04:05,2025-09-22 08:04:05,1
IC05368,1,2025-09-22 08:04:02,2025-09-22 08:04:02,1
IC05369,1,2025-09-22 08:02:38,2025-09-22 08:02:38,1
IC05370,1,2025-09-22 08:00:55,2025-09-22 08:00:55,1
IC05371,1,2025-09-22 08:00:52,2025-09-22 08:00:52,1
IC05372,1,2025-09-22 07:58:52,2025-09-22 07:58:52,1
IC05373,1,2025-09-22 07:57:57,2025-09-22 07:57:57,1
IC05374,1,2025-09-22 07:57:53,2025-09-22 07:57:53,1
IC05375,1,2025-09-22 07:56:55,2025-09-22 07:56:55,1
IC05376,1,2025-09-22 07:55:56,2025-09-22 07:55:56,1
IC05377,1,2025-09-22 07:55:54,2025-09-22 07:55:54,1
IC05408,1,2025-09-22 07:27:53,2025-09-22 07:27:53,1
IC05409,1,2025-09-22 07:27:52,2025-09-22 07:27:52,1
IC05378,1,2025-09-22 07:55:52,2025-09-22 07:55:52,1
IC05380,1,2025-09-22 07:53:53,2025-09-22 07:53:53,1
IC05381,1,2025-09-22 07:52:55,2025-09-22 07:52:55,1
IC05382,1,2025-09-22 07:52:54,2025-09-22 07:52:54,1
IC05384,1,2025-09-22 07:50:55,2025-09-22 07:50:55,1
IC05385,1,2025-09-22 07:48:53,2025-09-22 07:48:53,1
IC05386,1,2025-09-22 07:48:52,2025-09-22 07:48:52,1
IC05387,1,2025-09-22 07:46:53,2025-09-22 07:46:53,1
IC05388,1,2025-09-22 07:46:51,2025-09-22 07:46:51,1
IC05389,1,2025-09-22 07:46:47,2025-09-22 07:46:47,1
IC05390,1,2025-09-22 07:45:57,2025-09-22 07:45:57,1
IC05391,1,2025-09-22 07:45:55,2025-09-22 07:45:55,1
IC05392,1,2025-09-22 07:45:52,2025-09-22 07:45:52,1
IC05393,1,2025-09-22 07:45:25,2025-09-22 07:45:25,1
IC05421,1,2025-09-22 07:23:52,2025-09-22 07:23:52,1
IC05422,1,2025-09-22 07:21:57,2025-09-22 07:21:57,1
IC05423,1,2025-09-22 07:21:53,2025-09-22 07:21:53,1
IC05424,1,2025-09-22 07:21:50,2025-09-22 07:21:50,1
IC05425,1,2025-09-22 07:20:53,2025-09-22 07:20:53,1
IC05394,1,2025-09-22 07:43:53,2025-09-22 07:43:53,1
IC05395,1,2025-09-22 07:41:53,2025-09-22 07:41:53,1
IC05398,1,2025-09-22 07:39:53,2025-09-22 07:39:53,1
IC05399,1,2025-09-22 07:39:51,2025-09-22 07:39:51,1
IC05401,1,2025-09-22 07:38:52,2025-09-22 07:38:52,1
IC05402,1,2025-09-22 07:36:54,2025-09-22 07:36:54,1
IC05403,1,2025-09-22 07:36:52,2025-09-22 07:36:52,1
IC05404,1,2025-09-22 07:34:52,2025-09-22 07:34:52,1
IC05405,1,2025-09-22 07:33:53,2025-09-22 07:33:53,1
IC05406,1,2025-09-22 07:31:53,2025-09-22 07:31:53,1
IC05407,1,2025-09-22 07:27:55,2025-09-22 07:27:55,1
IC05431,1,2025-09-22 07:14:49,2025-09-22 07:14:49,1
IC05432,1,2025-09-22 07:13:49,2025-09-22 07:13:49,1
IC05433,1,2025-09-22 07:11:49,2025-09-22 07:11:49,1
IC05434,1,2025-09-22 07:10:47,2025-09-22 07:10:47,1
IC05436,1,2025-09-22 07:09:46,2025-09-22 07:09:46,1
IC05437,1,2025-09-22 07:08:47,2025-09-22 07:08:47,1
IC05438,1,2025-09-22 07:07:46,2025-09-22 07:07:46,1
IC05439,1,2025-09-22 07:06:47,2025-09-22 07:06:47,1
IC05440,1,2025-09-22 07:05:47,2025-09-22 07:05:47,1
IC05442,1,2025-09-22 07:04:51,2025-09-22 07:04:51,1
IC05410,1,2025-09-22 07:25:54,2025-09-22 07:25:54,1
IC05412,1,2025-09-22 07:25:05,2025-09-22 07:25:05,1
IC05413,1,2025-09-22 07:25:03,2025-09-22 07:25:03,1
IC05418,1,2025-09-22 07:24:52,2025-09-22 07:24:52,1
IC05419,1,2025-09-22 07:24:51,2025-09-22 07:24:51,1
IC05420,1,2025-09-22 07:23:53,2025-09-22 07:23:53,1
IC00625,1,2025-12-26 10:30:27,2025-12-26 10:30:27,1
IC00627,1,2025-12-26 10:16:32,2025-12-26 10:16:32,1
IC00631,1,2025-12-26 09:13:21,2025-12-26 09:13:21,1
IC00639,1,2025-12-26 00:05:10,2025-12-26 00:05:10,1
IC05448,1,2025-09-22 07:02:50,2025-09-22 07:02:50,1
IC05449,1,2025-09-22 07:01:50,2025-09-22 07:01:50,1
IC05450,1,2025-09-22 07:01:48,2025-09-22 07:01:48,1
IC05451,1,2025-09-22 07:01:26,2025-09-22 07:01:26,1
IC05452,1,2025-09-22 07:00:48,2025-09-22 07:00:48,1
IC05453,1,2025-09-22 06:59:48,2025-09-22 06:59:48,1
IC05454,1,2025-09-22 06:58:44,2025-09-22 06:58:44,1
IC05426,1,2025-09-22 07:19:51,2025-09-22 07:19:51,1
IC05427,1,2025-09-22 07:18:50,2025-09-22 07:18:50,1
IC05428,1,2025-09-22 07:16:51,2025-09-22 07:16:51,1
IC05429,1,2025-09-22 07:16:50,2025-09-22 07:16:50,1
IC05430,1,2025-09-22 07:16:04,2025-09-22 07:16:04,1
IC05461,1,2025-09-22 06:54:41,2025-09-22 06:54:41,1
IC05462,1,2025-09-22 06:53:38,2025-09-22 06:53:38,1
IC05463,1,2025-09-22 06:53:36,2025-09-22 06:53:36,1
IC05464,1,2025-09-22 06:52:36,2025-09-22 06:52:36,1
IC05465,1,2025-09-22 06:51:39,2025-09-22 06:51:39,1
IC05466,1,2025-09-22 06:49:37,2025-09-22 06:49:37,1
IC05467,1,2025-09-22 06:48:43,2025-09-22 06:48:43,1
IC05468,1,2025-09-22 06:48:41,2025-09-22 06:48:41,1
IC05469,1,2025-09-22 06:48:39,2025-09-22 06:48:39,1
IC05470,1,2025-09-22 06:48:37,2025-09-22 06:48:37,1
IC05471,1,2025-09-22 06:46:39,2025-09-22 06:46:39,1
IC05443,1,2025-09-22 07:04:49,2025-09-22 07:04:49,1
IC05444,1,2025-09-22 07:04:47,2025-09-22 07:04:47,1
IC05445,1,2025-09-22 07:03:51,2025-09-22 07:03:51,1
IC05446,1,2025-09-22 07:03:50,2025-09-22 07:03:50,1
IC05447,1,2025-09-22 07:03:46,2025-09-22 07:03:46,1
IC05457,1,2025-09-22 06:58:39,2025-09-22 06:58:39,1
IC05458,1,2025-09-22 06:58:37,2025-09-22 06:58:37,1
IC05459,1,2025-09-22 06:55:42,2025-09-22 06:55:42,1
IC05460,1,2025-09-22 06:55:41,2025-09-22 06:55:41,1
IC02391,1,2025-11-26 08:43:36,2025-11-26 08:43:36,1
IC02393,1,2025-11-26 08:42:38,2025-11-26 08:42:38,1
IC02395,1,2025-11-26 08:41:20,2025-11-26 08:41:20,1
IC02396,1,2025-11-26 08:39:02,2025-11-26 08:39:02,1
IC02397,1,2025-11-26 08:31:32,2025-11-26 08:31:32,1
IC02399,1,2025-11-26 08:30:33,2025-11-26 08:30:33,1
IC02400,1,2025-11-26 08:29:41,2025-11-26 08:29:41,1
IC02401,1,2025-11-26 08:29:39,2025-11-26 08:29:39,1
IC02402,1,2025-11-26 08:29:37,2025-11-26 08:29:37,1
IC02374,1,2025-11-26 08:52:06,2025-11-26 08:52:06,1
IC02376,1,2025-11-26 08:51:56,2025-11-26 08:51:56,1
IC02378,1,2025-11-26 08:51:46,2025-11-26 08:51:46,1
IC05472,1,2025-09-22 06:46:37,2025-09-22 06:46:37,1
IC05473,1,2025-09-22 06:45:40,2025-09-22 06:45:40,1
IC05474,1,2025-09-22 06:45:38,2025-09-22 06:45:38,1
IC05475,1,2025-09-22 06:43:41,2025-09-22 06:43:41,1
IC05476,1,2025-09-22 06:43:39,2025-09-22 06:43:39,1
IC05477,1,2025-09-22 06:43:38,2025-09-22 06:43:38,1
IC05478,1,2025-09-22 06:42:37,2025-09-22 06:42:37,1
IC05479,1,2025-09-22 06:41:39,2025-09-22 06:41:39,1
IC05480,1,2025-09-22 06:41:37,2025-09-22 06:41:37,1
IC05481,1,2025-09-22 06:39:36,2025-09-22 06:39:36,1
IC05482,1,2025-09-22 06:38:38,2025-09-22 06:38:38,1
IC05483,1,2025-09-22 06:37:36,2025-09-22 06:37:36,1
IC05484,1,2025-09-22 06:36:37,2025-09-22 06:36:37,1
IC05485,1,2025-09-22 06:36:35,2025-09-22 06:36:35,1
IC05486,1,2025-09-22 06:34:37,2025-09-22 06:34:37,1
IC05487,1,2025-09-22 06:33:41,2025-09-22 06:33:41,1
IC05519,1,2025-09-22 06:16:44,2025-09-22 06:16:44,1
IC05488,1,2025-09-22 06:33:39,2025-09-22 06:33:39,1
IC05489,1,2025-09-22 06:33:37,2025-09-22 06:33:37,1
IC02094,1,2025-12-01 23:11:30,2025-12-01 23:11:30,1
IC02096,1,2025-12-01 23:11:12,2025-12-01 23:11:12,1
IC02098,1,2025-12-01 23:10:59,2025-12-01 23:10:59,1
IC02099,1,2025-12-01 23:10:57,2025-12-01 23:10:57,1
IC02104,1,2025-12-01 23:10:46,2025-12-01 23:10:46,1
IC02381,1,2025-11-26 08:51:39,2025-11-26 08:51:39,1
IC02109,1,2025-12-01 23:10:21,2025-12-01 23:10:21,1
IC02110,1,2025-12-01 23:10:13,2025-12-01 23:10:13,1
IC05499,1,2025-09-22 06:26:47,2025-09-22 06:26:47,1
IC05500,1,2025-09-22 06:26:45,2025-09-22 06:26:45,1
IC05501,1,2025-09-22 06:26:40,2025-09-22 06:26:40,1
IC05502,1,2025-09-22 06:26:38,2025-09-22 06:26:38,1
IC05503,1,2025-09-22 06:25:39,2025-09-22 06:25:39,1
IC05532,1,2025-09-22 05:59:42,2025-09-22 05:59:42,1
IC05533,1,2025-09-22 05:59:40,2025-09-22 05:59:40,1
IC05534,1,2025-09-22 05:58:41,2025-09-22 05:58:41,1
IC05535,1,2025-09-22 05:58:39,2025-09-22 05:58:39,1
IC05505,1,2025-09-22 06:25:35,2025-09-22 06:25:35,1
IC05506,1,2025-09-22 06:24:39,2025-09-22 06:24:39,1
IC05507,1,2025-09-22 06:23:41,2025-09-22 06:23:41,1
IC05508,1,2025-09-22 06:23:39,2025-09-22 06:23:39,1
IC05509,1,2025-09-22 06:23:37,2025-09-22 06:23:37,1
IC05510,1,2025-09-22 06:23:36,2025-09-22 06:23:36,1
IC05511,1,2025-09-22 06:21:40,2025-09-22 06:21:40,1
IC05513,1,2025-09-22 06:19:48,2025-09-22 06:19:48,1
IC05514,1,2025-09-22 06:19:42,2025-09-22 06:19:42,1
IC05515,1,2025-09-22 06:17:43,2025-09-22 06:17:43,1
IC05516,1,2025-09-22 06:17:40,2025-09-22 06:17:40,1
IC05518,1,2025-09-22 06:17:36,2025-09-22 06:17:36,1
IC05546,1,2025-09-22 05:57:46,2025-09-22 05:57:46,1
IC05547,1,2025-09-22 05:57:44,2025-09-22 05:57:44,1
IC05548,1,2025-09-22 05:57:40,2025-09-22 05:57:40,1
IC05549,1,2025-09-22 05:57:37,2025-09-22 05:57:37,1
IC05550,1,2025-09-22 05:56:41,2025-09-22 05:56:41,1
IC05551,1,2025-09-22 05:56:40,2025-09-22 05:56:40,1
IC05520,1,2025-09-22 06:13:41,2025-09-22 06:13:41,1
IC05521,1,2025-09-22 06:13:39,2025-09-22 06:13:39,1
IC05522,1,2025-09-22 06:13:37,2025-09-22 06:13:37,1
IC05523,1,2025-09-22 06:13:35,2025-09-22 06:13:35,1
IC05524,1,2025-09-22 06:12:37,2025-09-22 06:12:37,1
IC05526,1,2025-09-22 06:11:36,2025-09-22 06:11:36,1
IC05527,1,2025-09-22 06:09:38,2025-09-22 06:09:38,1
IC05529,1,2025-09-22 06:06:37,2025-09-22 06:06:37,1
IC05530,1,2025-09-22 06:03:37,2025-09-22 06:03:37,1
IC05531,1,2025-09-22 06:00:38,2025-09-22 06:00:38,1
IC05560,1,2025-09-22 05:53:45,2025-09-22 05:53:45,1
IC05561,1,2025-09-22 05:53:40,2025-09-22 05:53:40,1
IC05563,1,2025-09-22 05:52:43,2025-09-22 05:52:43,1
IC05564,1,2025-09-22 05:52:41,2025-09-22 05:52:41,1
IC05565,1,2025-09-22 05:52:39,2025-09-22 05:52:39,1
IC05566,1,2025-09-22 05:52:36,2025-09-22 05:52:36,1
IC05567,1,2025-09-22 05:51:48,2025-09-22 05:51:48,1
IC05536,1,2025-09-22 05:58:38,2025-09-22 05:58:38,1
IC05537,1,2025-09-22 05:58:36,2025-09-22 05:58:36,1
IC05538,1,2025-09-22 05:58:20,2025-09-22 05:58:20,1
IC05539,1,2025-09-22 05:58:14,2025-09-22 05:58:14,1
IC05540,1,2025-09-22 05:58:13,2025-09-22 05:58:13,1
IC05541,1,2025-09-22 05:58:11,2025-09-22 05:58:11,1
IC05542,1,2025-09-22 05:58:02,2025-09-22 05:58:02,1
IC05544,1,2025-09-22 05:57:58,2025-09-22 05:57:58,1
IC05545,1,2025-09-22 05:57:51,2025-09-22 05:57:51,1
IC05575,1,2025-09-22 05:50:39,2025-09-22 05:50:39,1
IC05577,1,2025-09-22 05:50:35,2025-09-22 05:50:35,1
IC05578,1,2025-09-22 05:49:52,2025-09-22 05:49:52,1
IC05580,1,2025-09-22 05:49:46,2025-09-22 05:49:46,1
IC05581,1,2025-09-22 05:49:43,2025-09-22 05:49:43,1
IC05582,1,2025-09-22 05:49:41,2025-09-22 05:49:41,1
IC05583,1,2025-09-22 05:48:44,2025-09-22 05:48:44,1
IC05584,1,2025-09-22 05:48:42,2025-09-22 05:48:42,1
IC05552,1,2025-09-22 05:56:38,2025-09-22 05:56:38,1
IC05553,1,2025-09-22 05:55:41,2025-09-22 05:55:41,1
IC05554,1,2025-09-22 05:55:37,2025-09-22 05:55:37,1
IC05555,1,2025-09-22 05:55:35,2025-09-22 05:55:35,1
IC05556,1,2025-09-22 05:53:53,2025-09-22 05:53:53,1
IC05557,1,2025-09-22 05:53:51,2025-09-22 05:53:51,1
IC05558,1,2025-09-22 05:53:49,2025-09-22 05:53:49,1
IC05559,1,2025-09-22 05:53:47,2025-09-22 05:53:47,1
IC05568,1,2025-09-22 05:51:46,2025-09-22 05:51:46,1
IC05569,1,2025-09-22 05:51:44,2025-09-22 05:51:44,1
IC05571,1,2025-09-22 05:51:41,2025-09-22 05:51:41,1
IC05572,1,2025-09-22 05:51:37,2025-09-22 05:51:37,1
IC02114,1,2025-12-01 23:09:18,2025-12-01 23:09:18,1
IC02115,1,2025-12-01 23:09:16,2025-12-01 23:09:16,1
IC02119,1,2025-12-01 23:08:32,2025-12-01 23:08:32,1
IC02120,1,2025-12-01 23:08:07,2025-12-01 23:08:07,1
IC02367,1,2025-11-26 10:40:15,2025-11-26 10:40:15,1
IC02371,1,2025-11-26 08:56:28,2025-11-26 08:56:28,1
IC02338,1,2025-11-26 23:31:21,2025-11-26 23:31:21,1
IC02339,1,2025-11-26 23:07:32,2025-11-26 23:07:32,1
IC02340,1,2025-11-26 22:55:20,2025-11-26 22:55:20,1
IC02341,1,2025-11-26 22:45:06,2025-11-26 22:45:06,1
IC05573,1,2025-09-22 05:51:36,2025-09-22 05:51:36,1
IC05574,1,2025-09-22 05:50:43,2025-09-22 05:50:43,1
IC05614,1,2025-09-22 05:34:46,2025-09-22 05:34:46,1
IC05615,1,2025-09-22 05:34:44,2025-09-22 05:34:44,1
IC05585,1,2025-09-22 05:48:40,2025-09-22 05:48:40,1
IC05586,1,2025-09-22 05:48:38,2025-09-22 05:48:38,1
IC05587,1,2025-09-22 05:48:37,2025-09-22 05:48:37,1
IC05588,1,2025-09-22 05:47:41,2025-09-22 05:47:41,1
IC05589,1,2025-09-22 05:47:40,2025-09-22 05:47:40,1
IC05590,1,2025-09-22 05:47:38,2025-09-22 05:47:38,1
IC05591,1,2025-09-22 05:46:38,2025-09-22 05:46:38,1
IC05592,1,2025-09-22 05:44:47,2025-09-22 05:44:47,1
IC05593,1,2025-09-22 05:44:45,2025-09-22 05:44:45,1
IC05594,1,2025-09-22 05:44:44,2025-09-22 05:44:44,1
IC05595,1,2025-09-22 05:44:42,2025-09-22 05:44:42,1
IC05596,1,2025-09-22 05:43:38,2025-09-22 05:43:38,1
IC05597,1,2025-09-22 05:41:35,2025-09-22 05:41:35,1
IC05600,1,2025-09-22 05:40:35,2025-09-22 05:40:35,1
IC05627,1,2025-09-22 05:30:42,2025-09-22 05:30:42,1
IC05628,1,2025-09-22 05:30:37,2025-09-22 05:30:37,1
IC05629,1,2025-09-22 05:30:35,2025-09-22 05:30:35,1
IC05630,1,2025-09-22 05:29:47,2025-09-22 05:29:47,1
IC05632,1,2025-09-22 05:29:44,2025-09-22 05:29:44,1
IC05603,1,2025-09-22 05:38:41,2025-09-22 05:38:41,1
IC05604,1,2025-09-22 05:38:38,2025-09-22 05:38:38,1
IC05605,1,2025-09-22 05:38:36,2025-09-22 05:38:36,1
IC05606,1,2025-09-22 05:38:35,2025-09-22 05:38:35,1
IC05607,1,2025-09-22 05:37:36,2025-09-22 05:37:36,1
IC05608,1,2025-09-22 05:36:41,2025-09-22 05:36:41,1
IC05609,1,2025-09-22 05:36:37,2025-09-22 05:36:37,1
IC05610,1,2025-09-22 05:35:45,2025-09-22 05:35:45,1
IC05611,1,2025-09-22 05:35:44,2025-09-22 05:35:44,1
IC05612,1,2025-09-22 05:35:42,2025-09-22 05:35:42,1
IC05613,1,2025-09-22 05:35:38,2025-09-22 05:35:38,1
IC05640,1,2025-09-22 05:25:37,2025-09-22 05:25:37,1
IC05641,1,2025-09-22 05:23:45,2025-09-22 05:23:45,1
IC05642,1,2025-09-22 05:23:43,2025-09-22 05:23:43,1
IC05643,1,2025-09-22 05:23:41,2025-09-22 05:23:41,1
IC05644,1,2025-09-22 05:23:40,2025-09-22 05:23:40,1
IC05646,1,2025-09-22 05:22:48,2025-09-22 05:22:48,1
IC05647,1,2025-09-22 05:22:44,2025-09-22 05:22:44,1
IC05648,1,2025-09-22 05:22:37,2025-09-22 05:22:37,1
IC05617,1,2025-09-22 05:34:37,2025-09-22 05:34:37,1
IC05618,1,2025-09-22 05:33:41,2025-09-22 05:33:41,1
IC05619,1,2025-09-22 05:33:38,2025-09-22 05:33:38,1
IC05620,1,2025-09-22 05:33:36,2025-09-22 05:33:36,1
IC05621,1,2025-09-22 05:33:35,2025-09-22 05:33:35,1
IC05622,1,2025-09-22 05:32:40,2025-09-22 05:32:40,1
IC05624,1,2025-09-22 05:31:44,2025-09-22 05:31:44,1
IC05625,1,2025-09-22 05:31:41,2025-09-22 05:31:41,1
IC05656,1,2025-09-22 05:19:42,2025-09-22 05:19:42,1
IC05657,1,2025-09-22 05:19:40,2025-09-22 05:19:40,1
IC05658,1,2025-09-22 05:16:38,2025-09-22 05:16:38,1
IC05659,1,2025-09-22 05:15:35,2025-09-22 05:15:35,1
IC05660,1,2025-09-22 05:14:34,2025-09-22 05:14:34,1
IC05661,1,2025-09-22 05:10:35,2025-09-22 05:10:35,1
IC05662,1,2025-09-22 05:09:46,2025-09-22 05:09:46,1
IC05663,1,2025-09-22 05:09:44,2025-09-22 05:09:44,1
IC05664,1,2025-09-22 05:09:42,2025-09-22 05:09:42,1
IC05633,1,2025-09-22 05:29:42,2025-09-22 05:29:42,1
IC05634,1,2025-09-22 05:29:40,2025-09-22 05:29:40,1
IC05635,1,2025-09-22 05:29:38,2025-09-22 05:29:38,1
IC05636,1,2025-09-22 05:29:37,2025-09-22 05:29:37,1
IC05637,1,2025-09-22 05:29:35,2025-09-22 05:29:35,1
IC05638,1,2025-09-22 05:28:36,2025-09-22 05:28:36,1
IC05639,1,2025-09-22 05:27:38,2025-09-22 05:27:38,1
IC05671,1,2025-09-22 05:04:48,2025-09-22 05:04:48,1
IC05672,1,2025-09-22 05:04:46,2025-09-22 05:04:46,1
IC05673,1,2025-09-22 05:04:44,2025-09-22 05:04:44,1
IC05674,1,2025-09-22 05:04:42,2025-09-22 05:04:42,1
IC05675,1,2025-09-22 05:04:40,2025-09-22 05:04:40,1
IC05676,1,2025-09-22 05:03:44,2025-09-22 05:03:44,1
IC05677,1,2025-09-22 05:03:38,2025-09-22 05:03:38,1
IC05679,1,2025-09-22 04:56:38,2025-09-22 04:56:38,1
IC05680,1,2025-09-22 04:54:37,2025-09-22 04:54:37,1
IC05649,1,2025-09-22 05:21:42,2025-09-22 05:21:42,1
IC05650,1,2025-09-22 05:21:38,2025-09-22 05:21:38,1
IC05651,1,2025-09-22 05:21:36,2025-09-22 05:21:36,1
IC05652,1,2025-09-22 05:20:42,2025-09-22 05:20:42,1
IC05653,1,2025-09-22 05:20:40,2025-09-22 05:20:40,1
IC05654,1,2025-09-22 05:20:38,2025-09-22 05:20:38,1
IC05655,1,2025-09-22 05:20:36,2025-09-22 05:20:36,1
IC05668,1,2025-09-22 05:05:35,2025-09-22 05:05:35,1
IC05669,1,2025-09-22 05:04:51,2025-09-22 05:04:51,1
IC02343,1,2025-11-26 21:30:54,2025-11-26 21:30:54,1
IC02346,1,2025-11-26 17:58:31,2025-11-26 17:58:31,1
IC02348,1,2025-11-26 17:04:13,2025-11-26 17:04:13,1
IC02350,1,2025-11-26 16:31:31,2025-11-26 16:31:31,1
IC02352,1,2025-11-26 15:10:06,2025-11-26 15:10:06,1
IC02353,1,2025-11-26 13:34:31,2025-11-26 13:34:31,1
IC02360,1,2025-11-26 10:47:26,2025-11-26 10:47:26,1
IC02106,1,2025-12-01 23:10:41,2025-12-01 23:10:41,1
IC02122,1,2025-12-01 23:07:58,2025-12-01 23:07:58,1
IC02126,1,2025-12-01 23:07:33,2025-12-01 23:07:33,1
IC02127,1,2025-12-01 23:07:16,2025-12-01 23:07:16,1
IC02128,1,2025-12-01 23:05:43,2025-12-01 23:05:43,1
IC02129,1,2025-12-01 23:05:40,2025-12-01 23:05:40,1
IC05670,1,2025-09-22 05:04:49,2025-09-22 05:04:49,1
IC05681,1,2025-09-22 04:53:36,2025-09-22 04:53:36,1
IC05682,1,2025-09-22 04:52:35,2025-09-22 04:52:35,1
IC05683,1,2025-09-22 04:51:36,2025-09-22 04:51:36,1
IC05684,1,2025-09-22 04:50:38,2025-09-22 04:50:38,1
IC05685,1,2025-09-22 04:47:39,2025-09-22 04:47:39,1
IC05686,1,2025-09-22 04:41:38,2025-09-22 04:41:38,1
IC05687,1,2025-09-22 04:40:43,2025-09-22 04:40:43,1
IC05689,1,2025-09-22 04:39:39,2025-09-22 04:39:39,1
IC05690,1,2025-09-22 04:38:34,2025-09-22 04:38:34,1
IC05691,1,2025-09-22 04:36:38,2025-09-22 04:36:38,1
IC05693,1,2025-09-22 04:29:42,2025-09-22 04:29:42,1
IC05694,1,2025-09-22 04:28:37,2025-09-22 04:28:37,1
IC05695,1,2025-09-22 04:26:39,2025-09-22 04:26:39,1
IC05696,1,2025-09-22 04:26:35,2025-09-22 04:26:35,1
IC05666,1,2025-09-22 05:08:38,2025-09-22 05:08:38,1
IC05667,1,2025-09-22 05:05:39,2025-09-22 05:05:39,1
IC05697,1,2025-09-22 04:25:46,2025-09-22 04:25:46,1
IC05698,1,2025-09-22 04:25:44,2025-09-22 04:25:44,1
IC05699,1,2025-09-22 04:25:41,2025-09-22 04:25:41,1
IC05700,1,2025-09-22 04:25:40,2025-09-22 04:25:40,1
IC05701,1,2025-09-22 04:25:38,2025-09-22 04:25:38,1
IC05702,1,2025-09-22 04:25:36,2025-09-22 04:25:36,1
IC05703,1,2025-09-22 04:24:40,2025-09-22 04:24:40,1
IC05704,1,2025-09-22 04:23:38,2025-09-22 04:23:38,1
IC05706,1,2025-09-22 04:13:39,2025-09-22 04:13:39,1
IC05707,1,2025-09-22 04:13:37,2025-09-22 04:13:37,1
IC05708,1,2025-09-22 04:13:34,2025-09-22 04:13:34,1
IC05709,1,2025-09-22 04:12:35,2025-09-22 04:12:35,1
IC05710,1,2025-09-22 04:11:35,2025-09-22 04:11:35,1
IC05711,1,2025-09-22 04:10:35,2025-09-22 04:10:35,1
IC05712,1,2025-09-22 04:08:33,2025-09-22 04:08:33,1
IC05713,1,2025-09-22 04:02:33,2025-09-22 04:02:33,1
IC05740,1,2025-09-22 03:29:36,2025-09-22 03:29:36,1
IC05741,1,2025-09-22 03:19:31,2025-09-22 03:19:31,1
IC05742,1,2025-09-22 02:59:31,2025-09-22 02:59:31,1
IC05714,1,2025-09-22 04:00:38,2025-09-22 04:00:38,1
IC05715,1,2025-09-22 04:00:35,2025-09-22 04:00:35,1
IC05716,1,2025-09-22 04:00:33,2025-09-22 04:00:33,1
IC05717,1,2025-09-22 03:59:39,2025-09-22 03:59:39,1
IC05718,1,2025-09-22 03:58:36,2025-09-22 03:58:36,1
IC05719,1,2025-09-22 03:58:34,2025-09-22 03:58:34,1
IC00618,1,2025-12-26 12:06:33,2025-12-26 12:06:33,1
IC05720,1,2025-09-22 03:56:33,2025-09-22 03:56:33,1
IC05722,1,2025-09-22 03:55:41,2025-09-22 03:55:41,1
IC05724,1,2025-09-22 03:55:37,2025-09-22 03:55:37,1
IC05725,1,2025-09-22 03:55:34,2025-09-22 03:55:34,1
IC05726,1,2025-09-22 03:54:35,2025-09-22 03:54:35,1
IC05727,1,2025-09-22 03:54:34,2025-09-22 03:54:34,1
IC02317,1,2025-11-27 11:38:28,2025-11-27 11:38:28,1
IC05749,1,2025-09-21 15:35:30,2025-09-21 15:35:30,1
IC05750,1,2025-09-21 11:11:48,2025-09-21 11:11:48,1
IC00549,1,2025-12-27 04:25:34,2025-12-27 04:25:34,1
IC05754,1,2025-09-21 03:31:35,2025-09-21 03:31:35,1
IC05728,1,2025-09-22 03:53:33,2025-09-22 03:53:33,1
IC05729,1,2025-09-22 03:50:36,2025-09-22 03:50:36,1
IC05730,1,2025-09-22 03:44:42,2025-09-22 03:44:42,1
IC05731,1,2025-09-22 03:44:40,2025-09-22 03:44:40,1
IC05732,1,2025-09-22 03:42:35,2025-09-22 03:42:35,1
IC05734,1,2025-09-22 03:37:34,2025-09-22 03:37:34,1
IC05735,1,2025-09-22 03:36:34,2025-09-22 03:36:34,1
IC05736,1,2025-09-22 03:34:33,2025-09-22 03:34:33,1
IC05737,1,2025-09-22 03:32:33,2025-09-22 03:32:33,1
IC05738,1,2025-09-22 03:31:34,2025-09-22 03:31:34,1
IC05739,1,2025-09-22 03:29:38,2025-09-22 03:29:38,1
IC05744,1,2025-09-22 01:30:31,2025-09-22 01:30:31,1
IC05745,1,2025-09-22 01:18:59,2025-09-22 01:18:59,1
IC05747,1,2025-09-22 00:06:23,2025-09-22 00:06:23,1
IC02130,1,2025-12-01 23:05:28,2025-12-01 23:05:28,1
IC02131,1,2025-12-01 23:05:16,2025-12-01 23:05:16,1
IC02132,1,2025-12-01 23:05:14,2025-12-01 23:05:14,1
IC02133,1,2025-12-01 23:05:11,2025-12-01 23:05:11,1
IC02136,1,2025-12-01 23:04:40,2025-12-01 23:04:40,1
IC02330,1,2025-11-27 05:59:01,2025-11-27 05:59:01,1
IC02332,1,2025-11-27 05:50:09,2025-11-27 05:50:09,1
IC02334,1,2025-11-27 04:49:52,2025-11-27 04:49:52,1
IC02335,1,2025-11-27 04:20:45,2025-11-27 04:20:45,1
IC02336,1,2025-11-27 01:45:40,2025-11-27 01:45:40,1
IC02314,1,2025-11-27 11:39:28,2025-11-27 11:39:28,1
IC02315,1,2025-11-27 11:38:32,2025-11-27 11:38:32,1
IC02316,1,2025-11-27 11:38:30,2025-11-27 11:38:30,1
IC05789,1,2025-09-19 09:36:46,2025-09-19 09:36:46,1
IC05759,1,2025-09-21 00:58:00,2025-09-21 00:58:00,1
IC05760,1,2025-09-21 00:45:33,2025-09-21 00:45:33,1
IC05761,1,2025-09-21 00:27:30,2025-09-21 00:27:30,1
IC05762,1,2025-09-20 23:41:54,2025-09-20 23:41:54,1
IC05769,1,2025-09-20 11:37:25,2025-09-20 11:37:25,1
IC05771,1,2025-09-20 09:13:36,2025-09-20 09:13:36,1
IC05772,1,2025-09-20 09:06:21,2025-09-20 09:06:21,1
IC05773,1,2025-09-20 06:51:46,2025-09-20 06:51:46,1
IC05775,1,2025-09-20 05:10:14,2025-09-20 05:10:14,1
IC05776,1,2025-09-19 22:47:53,2025-09-19 22:47:53,1
IC05777,1,2025-09-19 18:47:43,2025-09-19 18:47:43,1
IC05778,1,2025-09-19 16:45:06,2025-09-19 16:45:06,1
IC05781,1,2025-09-19 14:32:52,2025-09-19 14:32:52,1
IC05782,1,2025-09-19 14:17:31,2025-09-19 14:17:31,1
IC05743,1,2025-09-22 02:57:30,2025-09-22 02:57:30,1
IC05799,1,2025-09-18 17:44:55,2025-09-18 17:44:55,1
IC05800,1,2025-09-18 15:15:41,2025-09-18 15:15:41,1
IC05801,1,2025-09-18 15:15:40,2025-09-18 15:15:40,1
IC05803,1,2025-09-18 14:48:13,2025-09-18 14:48:13,1
IC05804,1,2025-09-18 14:35:36,2025-09-18 14:35:36,1
IC05805,1,2025-09-18 13:52:39,2025-09-18 13:52:39,1
IC05808,1,2025-09-18 11:35:28,2025-09-18 11:35:28,1
IC05783,1,2025-09-19 12:58:35,2025-09-19 12:58:35,1
IC00531,1,2025-12-27 05:33:15,2025-12-27 05:33:15,1
IC00532,1,2025-12-27 05:24:01,2025-12-27 05:24:01,1
IC00533,1,2025-12-27 05:18:56,2025-12-27 05:18:56,1
IC00536,1,2025-12-27 05:17:02,2025-12-27 05:17:02,1
IC00537,1,2025-12-27 05:16:59,2025-12-27 05:16:59,1
IC00539,1,2025-12-27 05:15:55,2025-12-27 05:15:55,1
IC05785,1,2025-09-19 10:55:07,2025-09-19 10:55:07,1
IC05787,1,2025-09-19 09:42:02,2025-09-19 09:42:02,1
IC05791,1,2025-09-19 08:47:25,2025-09-19 08:47:25,1
IC05793,1,2025-09-19 05:16:51,2025-09-19 05:16:51,1
IC05794,1,2025-09-19 03:15:02,2025-09-19 03:15:02,1
IC05796,1,2025-09-18 21:22:34,2025-09-18 21:22:34,1
IC02318,1,2025-11-27 10:18:52,2025-11-27 10:18:52,1
IC02319,1,2025-11-27 09:56:45,2025-11-27 09:56:45,1
IC02320,1,2025-11-27 09:56:30,2025-11-27 09:56:30,1
IC02323,1,2025-11-27 09:25:41,2025-11-27 09:25:41,1
IC02324,1,2025-11-27 09:21:20,2025-11-27 09:21:20,1
IC02325,1,2025-11-27 08:55:59,2025-11-27 08:55:59,1
IC02326,1,2025-11-27 08:43:54,2025-11-27 08:43:54,1
IC02327,1,2025-11-27 08:41:33,2025-11-27 08:41:33,1
IC02329,1,2025-11-27 06:01:33,2025-11-27 06:01:33,1
IC02291,1,2025-11-27 16:35:17,2025-11-27 16:35:17,1
IC02294,1,2025-11-27 16:19:14,2025-11-27 16:19:14,1
IC05798,1,2025-09-18 20:07:44,2025-09-18 20:07:44,1
IC05838,1,2025-09-17 09:45:31,2025-09-17 09:45:31,1
IC05840,1,2025-09-17 09:36:11,2025-09-17 09:36:11,1
IC05841,1,2025-09-17 09:36:09,2025-09-17 09:36:09,1
IC05809,1,2025-09-18 11:20:04,2025-09-18 11:20:04,1
IC05810,1,2025-09-18 10:26:21,2025-09-18 10:26:21,1
IC05811,1,2025-09-18 10:24:23,2025-09-18 10:24:23,1
IC05812,1,2025-09-18 10:24:21,2025-09-18 10:24:21,1
IC05813,1,2025-09-18 09:30:31,2025-09-18 09:30:31,1
IC05814,1,2025-09-18 09:27:49,2025-09-18 09:27:49,1
IC05815,1,2025-09-18 08:32:44,2025-09-18 08:32:44,1
IC00526,1,2025-12-27 07:33:06,2025-12-27 07:33:06,1
IC05817,1,2025-09-18 02:50:47,2025-09-18 02:50:47,1
IC05819,1,2025-09-17 21:48:10,2025-09-17 21:48:10,1
IC05821,1,2025-09-17 18:58:41,2025-09-17 18:58:41,1
IC05822,1,2025-09-17 17:16:31,2025-09-17 17:16:31,1
IC05823,1,2025-09-17 16:41:51,2025-09-17 16:41:51,1
IC00462,1,2025-12-28 01:25:52,2025-12-28 01:25:52,1
IC05848,1,2025-09-17 06:38:21,2025-09-17 06:38:21,1
IC05850,1,2025-09-17 06:04:18,2025-09-17 06:04:18,1
IC05852,1,2025-09-16 22:32:30,2025-09-16 22:32:30,1
IC05854,1,2025-09-16 21:34:10,2025-09-16 21:34:10,1
IC05825,1,2025-09-17 16:35:27,2025-09-17 16:35:27,1
IC05826,1,2025-09-17 16:11:09,2025-09-17 16:11:09,1
IC05827,1,2025-09-17 15:09:40,2025-09-17 15:09:40,1
IC05828,1,2025-09-17 15:08:18,2025-09-17 15:08:18,1
IC05829,1,2025-09-17 14:55:46,2025-09-17 14:55:46,1
IC05830,1,2025-09-17 14:54:26,2025-09-17 14:54:26,1
IC05831,1,2025-09-17 14:39:40,2025-09-17 14:39:40,1
IC05833,1,2025-09-17 13:43:25,2025-09-17 13:43:25,1
IC05834,1,2025-09-17 13:21:24,2025-09-17 13:21:24,1
IC05835,1,2025-09-17 10:33:48,2025-09-17 10:33:48,1
IC05836,1,2025-09-17 10:23:52,2025-09-17 10:23:52,1
IC05843,1,2025-09-17 09:35:08,2025-09-17 09:35:08,1
IC05844,1,2025-09-17 09:35:06,2025-09-17 09:35:06,1
IC05846,1,2025-09-17 09:04:51,2025-09-17 09:04:51,1
IC02295,1,2025-11-27 16:18:48,2025-11-27 16:18:48,1
IC02298,1,2025-11-27 16:06:46,2025-11-27 16:06:46,1
IC02300,1,2025-11-27 15:52:40,2025-11-27 15:52:40,1
IC02304,1,2025-11-27 15:24:19,2025-11-27 15:24:19,1
IC02305,1,2025-11-27 15:08:06,2025-11-27 15:08:06,1
IC02308,1,2025-11-27 14:42:49,2025-11-27 14:42:49,1
IC02311,1,2025-11-27 14:30:09,2025-11-27 14:30:09,1
IC02139,1,2025-12-01 23:03:40,2025-12-01 23:03:40,1
IC02142,1,2025-12-01 23:02:41,2025-12-01 23:02:41,1
IC02144,1,2025-12-01 23:02:38,2025-12-01 23:02:38,1
IC05847,1,2025-09-17 08:44:45,2025-09-17 08:44:45,1
IC00503,1,2025-12-27 13:32:25,2025-12-27 13:32:25,1
IC00507,1,2025-12-27 11:43:45,2025-12-27 11:43:45,1
IC05884,1,2025-09-15 20:57:28,2025-09-15 20:57:28,1
IC05885,1,2025-09-15 18:19:46,2025-09-15 18:19:46,1
IC05886,1,2025-09-15 17:59:38,2025-09-15 17:59:38,1
IC05856,1,2025-09-16 19:05:11,2025-09-16 19:05:11,1
IC05857,1,2025-09-16 18:39:31,2025-09-16 18:39:31,1
IC05858,1,2025-09-16 17:46:57,2025-09-16 17:46:57,1
IC05859,1,2025-09-16 17:44:54,2025-09-16 17:44:54,1
IC05861,1,2025-09-16 17:17:19,2025-09-16 17:17:19,1
IC05862,1,2025-09-16 16:59:18,2025-09-16 16:59:18,1
IC05863,1,2025-09-16 16:55:18,2025-09-16 16:55:18,1
IC05865,1,2025-09-16 14:53:22,2025-09-16 14:53:22,1
IC05866,1,2025-09-16 14:17:29,2025-09-16 14:17:29,1
IC05868,1,2025-09-16 12:38:31,2025-09-16 12:38:31,1
IC05870,1,2025-09-16 08:59:44,2025-09-16 08:59:44,1
IC05871,1,2025-09-16 08:38:02,2025-09-16 08:38:02,1
IC05842,1,2025-09-17 09:36:07,2025-09-17 09:36:07,1
IC05895,1,2025-09-15 10:26:58,2025-09-15 10:26:58,1
IC00392,1,2025-12-29 02:00:10,2025-12-29 02:00:10,1
IC05896,1,2025-09-15 10:22:29,2025-09-15 10:22:29,1
IC05897,1,2025-09-15 09:38:38,2025-09-15 09:38:38,1
IC05899,1,2025-09-15 09:23:14,2025-09-15 09:23:14,1
IC05900,1,2025-09-15 09:16:28,2025-09-15 09:16:28,1
IC05874,1,2025-09-16 04:03:15,2025-09-16 04:03:15,1
IC05875,1,2025-09-16 03:37:28,2025-09-16 03:37:28,1
IC05876,1,2025-09-16 03:37:26,2025-09-16 03:37:26,1
IC05877,1,2025-09-16 03:37:24,2025-09-16 03:37:24,1
IC05878,1,2025-09-16 03:21:51,2025-09-16 03:21:51,1
IC05879,1,2025-09-16 02:14:26,2025-09-16 02:14:26,1
IC00429,1,2025-12-28 14:18:35,2025-12-28 14:18:35,1
IC00431,1,2025-12-28 10:41:25,2025-12-28 10:41:25,1
IC05882,1,2025-09-15 23:20:25,2025-09-15 23:20:25,1
IC05883,1,2025-09-15 21:18:48,2025-09-15 21:18:48,1
IC05892,1,2025-09-15 12:20:17,2025-09-15 12:20:17,1
IC02146,1,2025-12-01 23:00:54,2025-12-01 23:00:54,1
IC02147,1,2025-12-01 23:00:52,2025-12-01 23:00:52,1
IC02148,1,2025-12-01 23:00:46,2025-12-01 23:00:46,1
IC02149,1,2025-12-01 23:00:43,2025-12-01 23:00:43,1
IC02150,1,2025-12-01 22:59:59,2025-12-01 22:59:59,1
IC02151,1,2025-12-01 22:59:41,2025-12-01 22:59:41,1
IC02152,1,2025-12-01 22:58:56,2025-12-01 22:58:56,1
IC02282,1,2025-11-28 00:03:31,2025-11-28 00:03:31,1
IC02285,1,2025-11-27 21:27:50,2025-11-27 21:27:50,1
IC02288,1,2025-11-27 18:47:42,2025-11-27 18:47:42,1
IC02289,1,2025-11-27 18:41:44,2025-11-27 18:41:44,1
IC02259,1,2025-11-28 12:51:50,2025-11-28 12:51:50,1
IC02264,1,2025-11-28 11:43:56,2025-11-28 11:43:56,1
IC02265,1,2025-11-28 11:22:22,2025-11-28 11:22:22,1
IC05894,1,2025-09-15 10:57:55,2025-09-15 10:57:55,1
IC05931,1,2025-09-12 22:04:54,2025-09-12 22:04:54,1
IC05932,1,2025-09-12 21:20:56,2025-09-12 21:20:56,1
IC05933,1,2025-09-12 20:49:56,2025-09-12 20:49:56,1
IC05903,1,2025-09-14 21:51:28,2025-09-14 21:51:28,1
IC05904,1,2025-09-14 21:33:29,2025-09-14 21:33:29,1
IC05905,1,2025-09-14 20:17:32,2025-09-14 20:17:32,1
IC05906,1,2025-09-14 20:09:12,2025-09-14 20:09:12,1
IC05907,1,2025-09-14 20:09:09,2025-09-14 20:09:09,1
IC05910,1,2025-09-14 18:45:26,2025-09-14 18:45:26,1
IC05916,1,2025-09-14 02:19:00,2025-09-14 02:19:00,1
IC05917,1,2025-09-14 02:18:58,2025-09-14 02:18:58,1
IC05918,1,2025-09-14 01:44:14,2025-09-14 01:44:14,1
IC05887,1,2025-09-15 16:53:49,2025-09-15 16:53:49,1
IC05888,1,2025-09-15 16:03:22,2025-09-15 16:03:22,1
IC05889,1,2025-09-15 14:37:49,2025-09-15 14:37:49,1
IC05891,1,2025-09-15 13:07:02,2025-09-15 13:07:02,1
IC00346,1,2025-12-29 17:14:40,2025-12-29 17:14:40,1
IC05945,1,2025-09-12 14:39:54,2025-09-12 14:39:54,1
IC05946,1,2025-09-12 14:31:40,2025-09-12 14:31:40,1
IC05948,1,2025-09-12 12:46:12,2025-09-12 12:46:12,1
IC05949,1,2025-09-12 11:13:37,2025-09-12 11:13:37,1
IC05950,1,2025-09-12 11:10:22,2025-09-12 11:10:22,1
IC05920,1,2025-09-14 00:37:04,2025-09-14 00:37:04,1
IC05921,1,2025-09-14 00:26:54,2025-09-14 00:26:54,1
IC05922,1,2025-09-13 14:52:46,2025-09-13 14:52:46,1
IC05923,1,2025-09-13 10:07:03,2025-09-13 10:07:03,1
IC05924,1,2025-09-13 09:14:00,2025-09-13 09:14:00,1
IC05925,1,2025-09-13 09:12:16,2025-09-13 09:12:16,1
IC00375,1,2025-12-29 08:21:44,2025-12-29 08:21:44,1
IC00376,1,2025-12-29 08:12:39,2025-12-29 08:12:39,1
IC00368,1,2025-12-29 12:24:10,2025-12-29 12:24:10,1
IC05929,1,2025-09-13 01:37:52,2025-09-13 01:37:52,1
IC05940,1,2025-09-12 18:09:51,2025-09-12 18:09:51,1
IC05942,1,2025-09-12 17:17:37,2025-09-12 17:17:37,1
IC05943,1,2025-09-12 15:02:59,2025-09-12 15:02:59,1
IC02268,1,2025-11-28 09:56:31,2025-11-28 09:56:31,1
IC02269,1,2025-11-28 09:39:31,2025-11-28 09:39:31,1
IC02273,1,2025-11-28 09:18:52,2025-11-28 09:18:52,1
IC02274,1,2025-11-28 09:01:40,2025-11-28 09:01:40,1
IC02275,1,2025-11-28 08:41:53,2025-11-28 08:41:53,1
IC02276,1,2025-11-28 08:40:15,2025-11-28 08:40:15,1
IC02277,1,2025-11-28 08:09:32,2025-11-28 08:09:32,1
IC02279,1,2025-11-28 01:37:56,2025-11-28 01:37:56,1
IC02247,1,2025-11-28 15:28:02,2025-11-28 15:28:02,1
IC02249,1,2025-11-28 14:46:23,2025-11-28 14:46:23,1
IC02155,1,2025-12-01 22:57:56,2025-12-01 22:57:56,1
IC02156,1,2025-12-01 22:57:45,2025-12-01 22:57:45,1
IC05944,1,2025-09-12 14:54:32,2025-09-12 14:54:32,1
IC05951,1,2025-09-12 09:51:02,2025-09-12 09:51:02,1
IC05952,1,2025-09-12 09:10:25,2025-09-12 09:10:25,1
IC05953,1,2025-09-12 08:59:30,2025-09-12 08:59:30,1
IC05954,1,2025-09-12 08:28:17,2025-09-12 08:28:17,1
IC05956,1,2025-09-12 00:31:32,2025-09-12 00:31:32,1
IC05957,1,2025-09-11 20:35:49,2025-09-11 20:35:49,1
IC05958,1,2025-09-11 19:59:28,2025-09-11 19:59:28,1
IC05959,1,2025-09-11 17:51:21,2025-09-11 17:51:21,1
IC00321,1,2025-12-29 23:12:57,2025-12-29 23:12:57,1
IC05961,1,2025-09-11 16:16:06,2025-09-11 16:16:06,1
IC05962,1,2025-09-11 16:14:47,2025-09-11 16:14:47,1
IC05963,1,2025-09-11 15:08:38,2025-09-11 15:08:38,1
IC05964,1,2025-09-11 14:07:50,2025-09-11 14:07:50,1
IC05965,1,2025-09-11 13:54:24,2025-09-11 13:54:24,1
IC05966,1,2025-09-11 13:32:52,2025-09-11 13:32:52,1
IC05936,1,2025-09-12 20:30:55,2025-09-12 20:30:55,1
IC05998,1,2025-09-09 14:32:51,2025-09-09 14:32:51,1
IC05999,1,2025-09-09 13:44:28,2025-09-09 13:44:28,1
IC05968,1,2025-09-11 09:41:55,2025-09-11 09:41:55,1
IC05969,1,2025-09-11 09:38:37,2025-09-11 09:38:37,1
IC05970,1,2025-09-11 09:13:17,2025-09-11 09:13:17,1
IC05971,1,2025-09-11 09:12:03,2025-09-11 09:12:03,1
IC05973,1,2025-09-10 22:19:57,2025-09-10 22:19:57,1
IC05975,1,2025-09-10 19:46:08,2025-09-10 19:46:08,1
IC05976,1,2025-09-10 18:49:57,2025-09-10 18:49:57,1
IC05977,1,2025-09-10 16:55:49,2025-09-10 16:55:49,1
IC05978,1,2025-09-10 16:00:26,2025-09-10 16:00:26,1
IC05980,1,2025-09-10 15:24:02,2025-09-10 15:24:02,1
IC05981,1,2025-09-10 14:33:56,2025-09-10 14:33:56,1
IC05982,1,2025-09-10 14:23:38,2025-09-10 14:23:38,1
IC05983,1,2025-09-10 14:20:16,2025-09-10 14:20:16,1
IC05984,1,2025-09-10 14:12:00,2025-09-10 14:12:00,1
IC06011,1,2025-09-09 03:18:48,2025-09-09 03:18:48,1
IC06012,1,2025-09-08 20:31:58,2025-09-08 20:31:58,1
IC06013,1,2025-09-08 17:51:45,2025-09-08 17:51:45,1
IC06015,1,2025-09-08 17:23:45,2025-09-08 17:23:45,1
IC05985,1,2025-09-10 14:10:40,2025-09-10 14:10:40,1
IC05986,1,2025-09-10 14:01:54,2025-09-10 14:01:54,1
IC05987,1,2025-09-10 12:41:55,2025-09-10 12:41:55,1
IC05988,1,2025-09-10 09:55:09,2025-09-10 09:55:09,1
IC05990,1,2025-09-10 09:34:45,2025-09-10 09:34:45,1
IC05991,1,2025-09-10 03:33:07,2025-09-10 03:33:07,1
IC05992,1,2025-09-09 20:34:47,2025-09-09 20:34:47,1
IC00318,1,2025-12-29 23:42:52,2025-12-29 23:42:52,1
IC05994,1,2025-09-09 16:02:35,2025-09-09 16:02:35,1
IC05995,1,2025-09-09 15:51:54,2025-09-09 15:51:54,1
IC05996,1,2025-09-09 15:51:51,2025-09-09 15:51:51,1
IC05997,1,2025-09-09 15:08:18,2025-09-09 15:08:18,1
IC06027,1,2025-09-08 09:03:25,2025-09-08 09:03:25,1
IC06028,1,2025-09-08 08:50:42,2025-09-08 08:50:42,1
IC06029,1,2025-09-08 08:26:15,2025-09-08 08:26:15,1
IC06030,1,2025-09-08 05:17:44,2025-09-08 05:17:44,1
IC06033,1,2025-09-07 14:09:16,2025-09-07 14:09:16,1
IC06034,1,2025-09-07 07:20:09,2025-09-07 07:20:09,1
IC06002,1,2025-09-09 10:17:22,2025-09-09 10:17:22,1
IC06003,1,2025-09-09 10:10:17,2025-09-09 10:10:17,1
IC06004,1,2025-09-09 10:01:21,2025-09-09 10:01:21,1
IC06005,1,2025-09-09 09:40:23,2025-09-09 09:40:23,1
IC06006,1,2025-09-09 09:24:53,2025-09-09 09:24:53,1
IC06007,1,2025-09-09 09:10:10,2025-09-09 09:10:10,1
IC06008,1,2025-09-09 08:59:49,2025-09-09 08:59:49,1
IC00304,1,2025-12-30 02:52:51,2025-12-30 02:52:51,1
IC06009,1,2025-09-09 08:27:50,2025-09-09 08:27:50,1
IC06010,1,2025-09-09 03:24:38,2025-09-09 03:24:38,1
IC06017,1,2025-09-08 14:52:39,2025-09-08 14:52:39,1
IC06019,1,2025-09-08 13:11:26,2025-09-08 13:11:26,1
IC06020,1,2025-09-08 12:50:56,2025-09-08 12:50:56,1
IC06021,1,2025-09-08 12:02:57,2025-09-08 12:02:57,1
IC02157,1,2025-12-01 22:57:44,2025-12-01 22:57:44,1
IC02159,1,2025-12-01 22:57:42,2025-12-01 22:57:42,1
IC02168,1,2025-12-01 22:56:01,2025-12-01 22:56:01,1
IC02250,1,2025-11-28 14:35:12,2025-11-28 14:35:12,1
IC02254,1,2025-11-28 14:27:33,2025-11-28 14:27:33,1
IC02255,1,2025-11-28 14:15:58,2025-11-28 14:15:58,1
IC02218,1,2025-11-30 15:46:22,2025-11-30 15:46:22,1
IC02219,1,2025-11-30 13:53:57,2025-11-30 13:53:57,1
IC06022,1,2025-09-08 11:25:26,2025-09-08 11:25:26,1
IC06023,1,2025-09-08 10:50:15,2025-09-08 10:50:15,1
IC06025,1,2025-09-08 09:37:16,2025-09-08 09:37:16,1
IC06026,1,2025-09-08 09:20:21,2025-09-08 09:20:21,1
IC06065,1,2025-09-04 16:19:26,2025-09-04 16:19:26,1
IC06035,1,2025-09-07 06:20:21,2025-09-07 06:20:21,1
IC06037,1,2025-09-07 00:13:54,2025-09-07 00:13:54,1
IC06038,1,2025-09-06 22:50:54,2025-09-06 22:50:54,1
IC06039,1,2025-09-06 21:36:15,2025-09-06 21:36:15,1
IC00259,1,2025-12-30 09:46:07,2025-12-30 09:46:07,1
IC00260,1,2025-12-30 09:41:32,2025-12-30 09:41:32,1
IC00263,1,2025-12-30 09:36:58,2025-12-30 09:36:58,1
IC06043,1,2025-09-06 07:05:09,2025-09-06 07:05:09,1
IC06044,1,2025-09-06 07:04:37,2025-09-06 07:04:37,1
IC06045,1,2025-09-06 07:04:03,2025-09-06 07:04:03,1
IC06046,1,2025-09-06 07:02:41,2025-09-06 07:02:41,1
IC06047,1,2025-09-06 07:01:21,2025-09-06 07:01:21,1
IC06048,1,2025-09-06 00:31:47,2025-09-06 00:31:47,1
IC06049,1,2025-09-05 18:16:29,2025-09-05 18:16:29,1
IC06016,1,2025-09-08 16:12:17,2025-09-08 16:12:17,1
IC06079,1,2025-09-04 09:43:44,2025-09-04 09:43:44,1
IC06080,1,2025-09-04 09:43:42,2025-09-04 09:43:42,1
IC06081,1,2025-09-04 09:43:37,2025-09-04 09:43:37,1
IC06082,1,2025-09-04 09:43:35,2025-09-04 09:43:35,1
IC06052,1,2025-09-05 14:46:25,2025-09-05 14:46:25,1
IC06053,1,2025-09-05 12:38:03,2025-09-05 12:38:03,1
IC06054,1,2025-09-05 11:22:01,2025-09-05 11:22:01,1
IC06055,1,2025-09-05 10:06:41,2025-09-05 10:06:41,1
IC06056,1,2025-09-05 08:04:35,2025-09-05 08:04:35,1
IC00204,1,2025-12-31 01:36:27,2025-12-31 01:36:27,1
IC06058,1,2025-09-05 02:59:16,2025-09-05 02:59:16,1
IC06059,1,2025-09-05 01:41:00,2025-09-05 01:41:00,1
IC06060,1,2025-09-04 23:49:04,2025-09-04 23:49:04,1
IC06061,1,2025-09-04 21:27:48,2025-09-04 21:27:48,1
IC06063,1,2025-09-04 17:16:39,2025-09-04 17:16:39,1
IC06064,1,2025-09-04 17:04:02,2025-09-04 17:04:02,1
IC06092,1,2025-09-04 09:43:08,2025-09-04 09:43:08,1
IC06093,1,2025-09-04 09:42:17,2025-09-04 09:42:17,1
IC06094,1,2025-09-04 09:42:12,2025-09-04 09:42:12,1
IC06095,1,2025-09-04 09:42:10,2025-09-04 09:42:10,1
IC06096,1,2025-09-04 09:42:08,2025-09-04 09:42:08,1
IC06097,1,2025-09-04 09:42:06,2025-09-04 09:42:06,1
IC06098,1,2025-09-04 09:42:04,2025-09-04 09:42:04,1
IC06069,1,2025-09-04 10:16:21,2025-09-04 10:16:21,1
IC06070,1,2025-09-04 09:44:58,2025-09-04 09:44:58,1
IC06071,1,2025-09-04 09:44:54,2025-09-04 09:44:54,1
IC06072,1,2025-09-04 09:44:52,2025-09-04 09:44:52,1
IC06073,1,2025-09-04 09:44:50,2025-09-04 09:44:50,1
IC06074,1,2025-09-04 09:44:48,2025-09-04 09:44:48,1
IC06076,1,2025-09-04 09:44:39,2025-09-04 09:44:39,1
IC06077,1,2025-09-04 09:44:35,2025-09-04 09:44:35,1
IC06078,1,2025-09-04 09:43:46,2025-09-04 09:43:46,1
IC06108,1,2025-09-04 09:38:06,2025-09-04 09:38:06,1
IC06109,1,2025-09-04 09:38:04,2025-09-04 09:38:04,1
IC06110,1,2025-09-04 09:38:02,2025-09-04 09:38:02,1
IC06111,1,2025-09-04 09:37:12,2025-09-04 09:37:12,1
IC06112,1,2025-09-04 09:37:10,2025-09-04 09:37:10,1
IC06113,1,2025-09-04 09:37:04,2025-09-04 09:37:04,1
IC06114,1,2025-09-04 09:36:59,2025-09-04 09:36:59,1
IC06083,1,2025-09-04 09:43:33,2025-09-04 09:43:33,1
IC06084,1,2025-09-04 09:43:31,2025-09-04 09:43:31,1
IC06085,1,2025-09-04 09:43:29,2025-09-04 09:43:29,1
IC06086,1,2025-09-04 09:43:26,2025-09-04 09:43:26,1
IC06087,1,2025-09-04 09:43:20,2025-09-04 09:43:20,1
IC06088,1,2025-09-04 09:43:18,2025-09-04 09:43:18,1
IC06089,1,2025-09-04 09:43:15,2025-09-04 09:43:15,1
IC06090,1,2025-09-04 09:43:13,2025-09-04 09:43:13,1
IC06091,1,2025-09-04 09:43:10,2025-09-04 09:43:10,1
IC06123,1,2025-09-04 09:36:37,2025-09-04 09:36:37,1
IC06124,1,2025-09-04 09:36:35,2025-09-04 09:36:35,1
IC06125,1,2025-09-04 09:36:34,2025-09-04 09:36:34,1
IC06127,1,2025-09-04 09:36:30,2025-09-04 09:36:30,1
IC06128,1,2025-09-04 09:36:28,2025-09-04 09:36:28,1
IC06129,1,2025-09-04 09:36:26,2025-09-04 09:36:26,1
IC06130,1,2025-09-04 09:36:23,2025-09-04 09:36:23,1
IC06099,1,2025-09-04 09:40:56,2025-09-04 09:40:56,1
IC06100,1,2025-09-04 09:40:53,2025-09-04 09:40:53,1
IC06101,1,2025-09-04 09:40:51,2025-09-04 09:40:51,1
IC06102,1,2025-09-04 09:40:48,2025-09-04 09:40:48,1
IC06103,1,2025-09-04 09:39:33,2025-09-04 09:39:33,1
IC06104,1,2025-09-04 09:39:30,2025-09-04 09:39:30,1
IC06105,1,2025-09-04 09:39:25,2025-09-04 09:39:25,1
IC06106,1,2025-09-04 09:39:22,2025-09-04 09:39:22,1
IC06107,1,2025-09-04 09:39:21,2025-09-04 09:39:21,1
IC06116,1,2025-09-04 09:36:56,2025-09-04 09:36:56,1
IC06117,1,2025-09-04 09:36:53,2025-09-04 09:36:53,1
IC06118,1,2025-09-04 09:36:51,2025-09-04 09:36:51,1
IC06119,1,2025-09-04 09:36:49,2025-09-04 09:36:49,1
IC02226,1,2025-11-29 21:32:50,2025-11-29 21:32:50,1
IC02170,1,2025-12-01 22:55:46,2025-12-01 22:55:46,1
IC02236,1,2025-11-29 03:14:52,2025-11-29 03:14:52,1
IC02242,1,2025-11-28 19:41:14,2025-11-28 19:41:14,1
IC02243,1,2025-11-28 18:42:26,2025-11-28 18:42:26,1
IC02208,1,2025-12-01 09:51:49,2025-12-01 09:51:49,1
IC02210,1,2025-12-01 09:12:53,2025-12-01 09:12:53,1
IC02211,1,2025-10-30 18:34:55,2025-10-30 18:34:55,1
IC02212,1,2025-12-01 05:58:04,2025-12-01 05:58:04,1
IC06120,1,2025-09-04 09:36:47,2025-09-04 09:36:47,1
IC06121,1,2025-09-04 09:36:44,2025-09-04 09:36:44,1
IC06122,1,2025-09-04 09:36:39,2025-09-04 09:36:39,1
IC06131,1,2025-09-04 09:36:21,2025-09-04 09:36:21,1
IC06132,1,2025-09-04 09:36:16,2025-09-04 09:36:16,1
IC06133,1,2025-09-04 09:36:14,2025-09-04 09:36:14,1
IC06134,1,2025-09-04 09:36:12,2025-09-04 09:36:12,1
IC06135,1,2025-09-04 09:36:08,2025-09-04 09:36:08,1
IC06136,1,2025-09-04 09:36:03,2025-09-04 09:36:03,1
IC06137,1,2025-09-04 09:36:00,2025-09-04 09:36:00,1
IC06138,1,2025-09-04 09:35:59,2025-09-04 09:35:59,1
IC06139,1,2025-09-04 09:35:50,2025-09-04 09:35:50,1
IC06140,1,2025-09-04 09:35:48,2025-09-04 09:35:48,1
IC06141,1,2025-09-04 09:35:41,2025-09-04 09:35:41,1
IC06142,1,2025-09-04 09:35:38,2025-09-04 09:35:38,1
IC06143,1,2025-09-04 09:35:36,2025-09-04 09:35:36,1
IC06144,1,2025-09-04 09:35:34,2025-09-04 09:35:34,1
IC06146,1,2025-09-04 09:35:27,2025-09-04 09:35:27,1
IC06115,1,2025-09-04 09:36:58,2025-09-04 09:36:58,1
IC06147,1,2025-09-04 09:35:24,2025-09-04 09:35:24,1
IC06148,1,2025-09-04 09:35:22,2025-09-04 09:35:22,1
IC06149,1,2025-09-04 09:34:33,2025-09-04 09:34:33,1
IC06150,1,2025-09-04 09:34:31,2025-09-04 09:34:31,1
IC06151,1,2025-09-04 09:34:16,2025-09-04 09:34:16,1
IC06152,1,2025-09-04 09:34:14,2025-09-04 09:34:14,1
IC06153,1,2025-09-04 09:34:12,2025-09-04 09:34:12,1
IC06154,1,2025-09-04 09:34:10,2025-09-04 09:34:10,1
IC06155,1,2025-09-04 09:34:05,2025-09-04 09:34:05,1
IC06156,1,2025-09-04 09:34:04,2025-09-04 09:34:04,1
IC06157,1,2025-09-04 09:34:01,2025-09-04 09:34:01,1
IC06158,1,2025-09-04 09:34:00,2025-09-04 09:34:00,1
IC06159,1,2025-09-04 09:33:55,2025-09-04 09:33:55,1
IC06160,1,2025-09-04 09:33:53,2025-09-04 09:33:53,1
IC06161,1,2025-09-04 09:33:52,2025-09-04 09:33:52,1
IC06162,1,2025-09-04 09:33:46,2025-09-04 09:33:46,1
IC06192,1,2025-09-03 16:44:06,2025-09-03 16:44:06,1
IC06193,1,2025-09-03 16:43:59,2025-09-03 16:43:59,1
IC06194,1,2025-09-03 16:43:56,2025-09-03 16:43:56,1
IC06163,1,2025-09-04 09:33:45,2025-09-04 09:33:45,1
IC06164,1,2025-09-04 09:33:22,2025-09-04 09:33:22,1
IC06165,1,2025-09-04 09:32:06,2025-09-04 09:32:06,1
IC06166,1,2025-09-04 09:32:02,2025-09-04 09:32:02,1
IC06167,1,2025-09-04 09:31:56,2025-09-04 09:31:56,1
IC06168,1,2025-09-04 09:31:52,2025-09-04 09:31:52,1
IC06169,1,2025-09-04 08:54:47,2025-09-04 08:54:47,1
IC00164,1,2025-12-31 04:27:44,2025-12-31 04:27:44,1
IC00090,1,2025-12-31 08:31:17,2025-12-31 08:31:17,1
IC06172,1,2025-09-04 08:23:59,2025-09-04 08:23:59,1
IC06173,1,2025-09-04 08:23:01,2025-09-04 08:23:01,1
IC06174,1,2025-09-04 07:53:42,2025-09-04 07:53:42,1
IC06175,1,2025-09-04 05:49:00,2025-09-04 05:49:00,1
IC06207,1,2025-09-03 09:53:39,2025-09-03 09:53:39,1
IC06208,1,2025-09-03 09:47:06,2025-09-03 09:47:06,1
IC06209,1,2025-09-03 09:45:44,2025-09-03 09:45:44,1
IC06210,1,2025-09-03 09:33:37,2025-09-03 09:33:37,1
IC06176,1,2025-09-04 02:14:18,2025-09-04 02:14:18,1
IC06177,1,2025-09-04 00:30:44,2025-09-04 00:30:44,1
IC06178,1,2025-09-03 20:38:08,2025-09-03 20:38:08,1
IC06179,1,2025-09-03 20:33:59,2025-09-03 20:33:59,1
IC06180,1,2025-09-03 20:33:51,2025-09-03 20:33:51,1
IC06181,1,2025-09-03 20:33:48,2025-09-03 20:33:48,1
IC06184,1,2025-09-03 18:25:35,2025-09-03 18:25:35,1
IC06187,1,2025-09-03 16:44:35,2025-09-03 16:44:35,1
IC06188,1,2025-09-03 16:44:33,2025-09-03 16:44:33,1
IC06189,1,2025-09-03 16:44:30,2025-09-03 16:44:30,1
IC06190,1,2025-09-03 16:44:28,2025-09-03 16:44:28,1
IC06191,1,2025-09-03 16:44:10,2025-09-03 16:44:10,1
IC06220,1,2025-09-03 00:53:08,2025-09-03 00:53:08,1
IC06222,1,2025-09-02 23:08:02,2025-09-02 23:08:02,1
IC06224,1,2025-09-02 21:31:49,2025-09-02 21:31:49,1
IC06225,1,2025-09-02 21:27:37,2025-09-02 21:27:37,1
IC06195,1,2025-09-03 16:43:49,2025-09-03 16:43:49,1
IC06196,1,2025-09-03 16:43:47,2025-09-03 16:43:47,1
IC06197,1,2025-09-03 16:43:45,2025-09-03 16:43:45,1
IC06198,1,2025-09-03 16:43:31,2025-09-03 16:43:31,1
IC06199,1,2025-09-03 16:43:25,2025-09-03 16:43:25,1
IC06200,1,2025-09-03 16:43:23,2025-09-03 16:43:23,1
IC06201,1,2025-09-03 13:46:26,2025-09-03 13:46:26,1
IC06202,1,2025-09-03 13:31:15,2025-09-03 13:31:15,1
IC06203,1,2025-09-03 12:41:08,2025-09-03 12:41:08,1
IC06204,1,2025-09-03 11:43:47,2025-09-03 11:43:47,1
IC06205,1,2025-09-03 10:50:35,2025-09-03 10:50:35,1
IC06206,1,2025-09-03 09:56:37,2025-09-03 09:56:37,1
IC06234,1,2025-09-02 20:34:21,2025-09-02 20:34:21,1
IC06235,1,2025-09-02 20:26:20,2025-09-02 20:26:20,1
IC06236,1,2025-09-02 20:23:23,2025-09-02 20:23:23,1
IC06238,1,2025-09-02 16:07:40,2025-09-02 16:07:40,1
IC06239,1,2025-09-02 15:42:51,2025-09-02 15:42:51,1
IC06240,1,2025-09-02 15:23:47,2025-09-02 15:23:47,1
IC06241,1,2025-09-02 14:46:52,2025-09-02 14:46:52,1
IC06211,1,2025-09-03 09:33:35,2025-09-03 09:33:35,1
IC06212,1,2025-09-03 09:32:36,2025-09-03 09:32:36,1
IC06213,1,2025-09-03 09:32:08,2025-09-03 09:32:08,1
IC06214,1,2025-09-03 08:51:51,2025-09-03 08:51:51,1
IC06215,1,2025-09-03 08:51:46,2025-09-03 08:51:46,1
IC06216,1,2025-09-03 08:51:21,2025-09-03 08:51:21,1
IC06217,1,2025-09-03 08:47:09,2025-09-03 08:47:09,1
IC00055,1,2025-12-31 18:06:15,2025-12-31 18:06:15,1
IC06219,1,2025-09-03 04:18:57,2025-09-03 04:18:57,1
IC06250,1,2025-09-02 10:06:43,2025-09-02 10:06:43,1
IC06251,1,2025-09-02 09:47:28,2025-09-02 09:47:28,1
IC06252,1,2025-09-02 09:47:26,2025-09-02 09:47:26,1
IC06253,1,2025-09-02 09:47:23,2025-09-02 09:47:23,1
IC06254,1,2025-09-02 09:47:22,2025-09-02 09:47:22,1
IC06255,1,2025-09-02 09:47:20,2025-09-02 09:47:20,1
IC06256,1,2025-09-02 09:47:18,2025-09-02 09:47:18,1
IC06257,1,2025-09-02 09:47:11,2025-09-02 09:47:11,1
IC06258,1,2025-09-02 09:47:07,2025-09-02 09:47:07,1
IC06227,1,2025-09-02 21:04:42,2025-09-02 21:04:42,1
IC06228,1,2025-09-02 20:54:40,2025-09-02 20:54:40,1
IC06229,1,2025-09-02 20:51:40,2025-09-02 20:51:40,1
IC06230,1,2025-09-02 20:48:38,2025-09-02 20:48:38,1
IC06231,1,2025-09-02 20:47:44,2025-09-02 20:47:44,1
IC06232,1,2025-09-02 20:47:42,2025-09-02 20:47:42,1
IC06233,1,2025-09-02 20:47:40,2025-09-02 20:47:40,1
IC06243,1,2025-09-02 13:34:05,2025-09-02 13:34:05,1
IC06244,1,2025-09-02 13:07:54,2025-09-02 13:07:54,1
IC02214,1,2025-11-30 18:10:15,2025-11-30 18:10:15,1
IC02215,1,2025-11-30 17:54:28,2025-11-30 17:54:28,1
IC02191,1,2025-12-01 15:35:32,2025-12-01 15:35:32,1
IC02192,1,2025-12-01 15:09:05,2025-12-01 15:09:05,1
IC02194,1,2025-12-01 13:38:01,2025-12-01 13:38:01,1
IC02197,1,2025-12-01 12:23:57,2025-12-01 12:23:57,1
IC02199,1,2025-12-01 10:57:56,2025-12-01 10:57:56,1
IC02200,1,2025-12-01 10:57:54,2025-12-01 10:57:54,1
IC06434,1,2025-09-01 00:41:07,2025-09-01 00:41:07,1
IC06388,1,2025-09-02 09:27:26,2025-09-02 09:27:26,1
IC06389,1,2025-09-02 09:27:25,2025-09-02 09:27:25,1
IC06390,1,2025-09-02 09:27:23,2025-09-02 09:27:23,1
IC06391,1,2025-09-02 09:27:21,2025-09-02 09:27:21,1
IC06249,1,2025-09-02 10:15:17,2025-09-02 10:15:17,1
IC06259,1,2025-09-02 09:47:05,2025-09-02 09:47:05,1
IC06260,1,2025-09-02 09:47:03,2025-09-02 09:47:03,1
IC06261,1,2025-09-02 09:44:39,2025-09-02 09:44:39,1
IC06262,1,2025-09-02 09:44:36,2025-09-02 09:44:36,1
IC06263,1,2025-09-02 09:44:34,2025-09-02 09:44:34,1
IC06264,1,2025-09-02 09:44:07,2025-09-02 09:44:07,1
IC06265,1,2025-09-02 09:44:05,2025-09-02 09:44:05,1
IC06266,1,2025-09-02 09:43:48,2025-09-02 09:43:48,1
IC06267,1,2025-09-02 09:43:46,2025-09-02 09:43:46,1
IC06268,1,2025-09-02 09:43:38,2025-09-02 09:43:38,1
IC06269,1,2025-09-02 09:43:36,2025-09-02 09:43:36,1
IC06270,1,2025-09-02 09:43:34,2025-09-02 09:43:34,1
IC06271,1,2025-09-02 09:43:33,2025-09-02 09:43:33,1
IC06272,1,2025-09-02 09:43:28,2025-09-02 09:43:28,1
IC06273,1,2025-09-02 09:43:26,2025-09-02 09:43:26,1
IC06274,1,2025-09-02 09:43:23,2025-09-02 09:43:23,1
IC06275,1,2025-09-02 09:43:20,2025-09-02 09:43:20,1
IC06276,1,2025-09-02 09:43:18,2025-09-02 09:43:18,1
IC06277,1,2025-09-02 09:43:15,2025-09-02 09:43:15,1
IC06278,1,2025-09-02 09:37:14,2025-09-02 09:37:14,1
IC06279,1,2025-09-02 09:37:10,2025-09-02 09:37:10,1
IC06280,1,2025-09-02 09:37:08,2025-09-02 09:37:08,1
IC06281,1,2025-09-02 09:37:04,2025-09-02 09:37:04,1
IC06282,1,2025-09-02 09:37:02,2025-09-02 09:37:02,1
IC06283,1,2025-09-02 09:36:58,2025-09-02 09:36:58,1
IC06284,1,2025-09-02 09:36:55,2025-09-02 09:36:55,1
IC06285,1,2025-09-02 09:36:52,2025-09-02 09:36:52,1
IC06286,1,2025-09-02 09:36:50,2025-09-02 09:36:50,1
IC06287,1,2025-09-02 09:36:48,2025-09-02 09:36:48,1
IC06288,1,2025-09-02 09:36:46,2025-09-02 09:36:46,1
IC06289,1,2025-09-02 09:36:44,2025-09-02 09:36:44,1
IC06290,1,2025-09-02 09:36:42,2025-09-02 09:36:42,1
IC06291,1,2025-09-02 09:36:40,2025-09-02 09:36:40,1
IC06292,1,2025-09-02 09:36:38,2025-09-02 09:36:38,1
IC06293,1,2025-09-02 09:36:36,2025-09-02 09:36:36,1
IC06294,1,2025-09-02 09:36:34,2025-09-02 09:36:34,1
IC06295,1,2025-09-02 09:36:32,2025-09-02 09:36:32,1
IC06296,1,2025-09-02 09:36:30,2025-09-02 09:36:30,1
IC06297,1,2025-09-02 09:36:26,2025-09-02 09:36:26,1
IC06298,1,2025-09-02 09:36:24,2025-09-02 09:36:24,1
IC06299,1,2025-09-02 09:36:20,2025-09-02 09:36:20,1
IC06300,1,2025-09-02 09:36:18,2025-09-02 09:36:18,1
IC06301,1,2025-09-02 09:36:16,2025-09-02 09:36:16,1
IC06302,1,2025-09-02 09:35:23,2025-09-02 09:35:23,1
IC06303,1,2025-09-02 09:35:21,2025-09-02 09:35:21,1
IC06304,1,2025-09-02 09:35:12,2025-09-02 09:35:12,1
IC06305,1,2025-09-02 09:35:11,2025-09-02 09:35:11,1
IC06306,1,2025-09-02 09:35:07,2025-09-02 09:35:07,1
IC06307,1,2025-09-02 09:35:05,2025-09-02 09:35:05,1
IC06308,1,2025-09-02 09:34:59,2025-09-02 09:34:59,1
IC06309,1,2025-09-02 09:34:56,2025-09-02 09:34:56,1
IC06310,1,2025-09-02 09:34:55,2025-09-02 09:34:55,1
IC06311,1,2025-09-02 09:34:53,2025-09-02 09:34:53,1
IC06312,1,2025-09-02 09:34:51,2025-09-02 09:34:51,1
IC06313,1,2025-09-02 09:34:49,2025-09-02 09:34:49,1
IC06314,1,2025-09-02 09:34:47,2025-09-02 09:34:47,1
IC06315,1,2025-09-02 09:34:44,2025-09-02 09:34:44,1
IC06316,1,2025-09-02 09:34:42,2025-09-02 09:34:42,1
IC06317,1,2025-09-02 09:34:31,2025-09-02 09:34:31,1
IC06318,1,2025-09-02 09:34:12,2025-09-02 09:34:12,1
IC06319,1,2025-09-02 09:34:11,2025-09-02 09:34:11,1
IC06320,1,2025-09-02 09:34:08,2025-09-02 09:34:08,1
IC06321,1,2025-09-02 09:34:06,2025-09-02 09:34:06,1
IC06322,1,2025-09-02 09:34:04,2025-09-02 09:34:04,1
IC06323,1,2025-09-02 09:34:02,2025-09-02 09:34:02,1
IC06324,1,2025-09-02 09:33:58,2025-09-02 09:33:58,1
IC06325,1,2025-09-02 09:33:56,2025-09-02 09:33:56,1
IC06326,1,2025-09-02 09:33:53,2025-09-02 09:33:53,1
IC06327,1,2025-09-02 09:33:50,2025-09-02 09:33:50,1
IC06328,1,2025-09-02 09:33:47,2025-09-02 09:33:47,1
IC06329,1,2025-09-02 09:33:44,2025-09-02 09:33:44,1
IC06330,1,2025-09-02 09:33:39,2025-09-02 09:33:39,1
IC06331,1,2025-09-02 09:33:38,2025-09-02 09:33:38,1
IC06332,1,2025-09-02 09:33:35,2025-09-02 09:33:35,1
IC06333,1,2025-09-02 09:33:33,2025-09-02 09:33:33,1
IC06334,1,2025-09-02 09:33:29,2025-09-02 09:33:29,1
IC06335,1,2025-09-02 09:33:27,2025-09-02 09:33:27,1
IC06336,1,2025-09-02 09:33:25,2025-09-02 09:33:25,1
IC06337,1,2025-09-02 09:33:23,2025-09-02 09:33:23,1
IC06338,1,2025-09-02 09:33:19,2025-09-02 09:33:19,1
IC06339,1,2025-09-02 09:30:32,2025-09-02 09:30:32,1
IC06340,1,2025-09-02 09:30:27,2025-09-02 09:30:27,1
IC06341,1,2025-09-02 09:30:24,2025-09-02 09:30:24,1
IC06342,1,2025-09-02 09:30:21,2025-09-02 09:30:21,1
IC06343,1,2025-09-02 09:30:19,2025-09-02 09:30:19,1
IC06344,1,2025-09-02 09:30:14,2025-09-02 09:30:14,1
IC06345,1,2025-09-02 09:30:08,2025-09-02 09:30:08,1
IC06346,1,2025-09-02 09:30:02,2025-09-02 09:30:02,1
IC06347,1,2025-09-02 09:29:57,2025-09-02 09:29:57,1
IC06348,1,2025-09-02 09:29:56,2025-09-02 09:29:56,1
IC06349,1,2025-09-02 09:29:52,2025-09-02 09:29:52,1
IC06350,1,2025-09-02 09:29:50,2025-09-02 09:29:50,1
IC06351,1,2025-09-02 09:29:47,2025-09-02 09:29:47,1
IC06352,1,2025-09-02 09:29:42,2025-09-02 09:29:42,1
IC06353,1,2025-09-02 09:29:41,2025-09-02 09:29:41,1
IC06354,1,2025-09-02 09:29:38,2025-09-02 09:29:38,1
IC06355,1,2025-09-02 09:29:31,2025-09-02 09:29:31,1
IC06356,1,2025-09-02 09:29:23,2025-09-02 09:29:23,1
IC06357,1,2025-09-02 09:29:20,2025-09-02 09:29:20,1
IC06358,1,2025-09-02 09:29:19,2025-09-02 09:29:19,1
IC06359,1,2025-09-02 09:29:14,2025-09-02 09:29:14,1
IC06360,1,2025-09-02 09:29:13,2025-09-02 09:29:13,1
IC06361,1,2025-09-02 09:29:08,2025-09-02 09:29:08,1
IC06362,1,2025-09-02 09:28:44,2025-09-02 09:28:44,1
IC06363,1,2025-09-02 09:28:39,2025-09-02 09:28:39,1
IC06364,1,2025-09-02 09:28:37,2025-09-02 09:28:37,1
IC06365,1,2025-09-02 09:28:35,2025-09-02 09:28:35,1
IC06366,1,2025-09-02 09:28:33,2025-09-02 09:28:33,1
IC06367,1,2025-09-02 09:28:31,2025-09-02 09:28:31,1
IC06368,1,2025-09-02 09:28:27,2025-09-02 09:28:27,1
IC06369,1,2025-09-02 09:28:22,2025-09-02 09:28:22,1
IC06370,1,2025-09-02 09:28:21,2025-09-02 09:28:21,1
IC06398,1,2025-09-02 09:26:55,2025-09-02 09:26:55,1
IC06417,1,2025-09-01 15:05:07,2025-09-01 15:05:07,1
IC06418,1,2025-09-01 15:05:05,2025-09-01 15:05:05,1
IC06419,1,2025-09-01 15:03:51,2025-09-01 15:03:51,1
IC06420,1,2025-09-01 15:03:49,2025-09-01 15:03:49,1
IC06408,1,2025-09-02 09:11:42,2025-09-02 09:11:42,1
IC06409,1,2025-09-02 09:08:35,2025-09-02 09:08:35,1
IC06410,1,2025-09-02 08:57:24,2025-09-02 08:57:24,1
IC06427,1,2025-09-01 11:13:36,2025-09-01 11:13:36,1
IC06428,1,2025-09-01 10:53:29,2025-09-01 10:53:29,1
IC06429,1,2025-09-01 09:14:10,2025-09-01 09:14:10,1
IC06430,1,2025-09-01 05:10:36,2025-09-01 05:10:36,1
IC06431,1,2025-09-01 02:37:54,2025-09-01 02:37:54,1
IC06432,1,2025-09-01 01:22:34,2025-09-01 01:22:34,1
IC06433,1,2025-09-01 00:41:11,2025-09-01 00:41:11,1
IC06416,1,2025-09-01 17:41:09,2025-09-01 17:41:09,1
IC06424,1,2025-09-01 14:36:41,2025-09-01 14:36:41,1
IC06425,1,2025-09-01 14:35:28,2025-09-01 14:35:28,1
IC06426,1,2025-09-01 11:47:31,2025-09-01 11:47:31,1
IC02203,1,2025-12-01 10:57:49,2025-12-01 10:57:49,1
IC06411,1,2025-09-02 08:47:35,2025-09-02 08:47:35,1
IC06412,1,2025-09-02 07:00:07,2025-09-02 07:00:07,1
IC06404,1,2025-09-02 09:26:42,2025-09-02 09:26:42,1
IC06405,1,2025-09-02 09:26:40,2025-09-02 09:26:40,1
IC06406,1,2025-09-02 09:26:37,2025-09-02 09:26:37,1
IC06407,1,2025-09-02 09:25:18,2025-09-02 09:25:18,1
IC06392,1,2025-09-02 09:27:17,2025-09-02 09:27:17,1
IC06393,1,2025-09-02 09:27:14,2025-09-02 09:27:14,1
IC06394,1,2025-09-02 09:27:03,2025-09-02 09:27:03,1
IC06395,1,2025-09-02 09:27:01,2025-09-02 09:27:01,1
IC06396,1,2025-09-02 09:26:59,2025-09-02 09:26:59,1
IC06397,1,2025-09-02 09:26:57,2025-09-02 09:26:57,1
